Date,Open,High,Low,Close,Volume,Dividends,Stock Splits,Capital Gains
2016-06-17 00:00:00-04:00,100.45044942166787,100.59057516201497,99.24537945802872,99.47891998291016,29208800,0.287,0.0,0.0
2016-06-20 00:00:00-04:00,100.63729239633044,101.11370996530536,100.0300855683384,100.10482025146484,20562800,0.0,0.0,0.0
2016-06-21 00:00:00-04:00,100.23559474990985,100.62794111580696,100.04875805632233,100.42242431640625,22804100,0.0,0.0,0.0
2016-06-22 00:00:00-04:00,100.47847413120456,101.06700082102458,100.09547137272465,100.1795425415039,22724200,0.0,0.0,0.0
2016-06-23 00:00:00-04:00,100.9548997931322,101.62749765833324,100.53452969092722,101.60881042480469,18714200,0.0,0.0,0.0
2016-06-24 00:00:00-04:00,97.99359887182052,99.48825670201958,97.20889905653432,97.42375946044922,68012700,0.0,0.0,0.0
2016-06-27 00:00:00-04:00,96.77918467299224,96.77918467299224,95.05098634665305,95.49004364013672,48222600,0.0,0.0,0.0
2016-06-28 00:00:00-04:00,96.54564487874053,97.62927626019713,96.4989410532513,97.58256530761719,28260600,0.0,0.0,0.0
2016-06-29 00:00:00-04:00,98.34855210653983,99.51625434398846,98.3018482932952,99.31073760986328,31356700,0.0,0.0,0.0
2016-06-30 00:00:00-04:00,99.47892758987088,100.52519178709832,99.14262863815819,100.45980072021484,36300800,0.0,0.0,0.0
2016-07-01 00:00:00-04:00,100.41307409745879,101.33789963395162,100.3757067611983,100.9642333984375,19902800,0.0,0.0,0.0
2016-07-05 00:00:00-04:00,100.4317497874855,100.57187550058633,99.80585588591376,100.34767150878906,21167900,0.0,0.0,0.0
2016-07-06 00:00:00-04:00,99.87127686554088,101.21646548801901,99.55365803485186,101.16976165771484,24579300,0.0,0.0,0.0
2016-07-07 00:00:00-04:00,101.26317977827972,101.69289351751503,100.99227189606995,101.46869659423828,19161700,0.0,0.0,0.0
2016-07-08 00:00:00-04:00,102.01047167812352,103.09410285053293,101.842322259201,103.03805541992188,29457900,0.0,0.0,0.0
2016-07-11 00:00:00-04:00,103.38369519641279,104.00958195548417,103.37435870896849,103.62657928466797,20218500,0.0,0.0,0.0
2016-07-12 00:00:00-04:00,104.26185179430237,104.43000128842061,104.00962398957876,104.14974975585938,21906100,0.0,0.0,0.0
2016-07-13 00:00:00-04:00,104.39261913708955,104.45801020180095,103.8881707262768,103.89751434326172,21107800,0.0,0.0,0.0
2016-07-14 00:00:00-04:00,104.58878804755726,104.80364846686116,104.3459039055379,104.60747528076172,20871000,0.0,0.0,0.0
2016-07-15 00:00:00-04:00,104.85035755361133,104.90641212894444,104.20579051755904,104.4393310546875,17999300,0.0,0.0,0.0
2016-07-18 00:00:00-04:00,104.50470551662798,105.31742189537466,104.48601828545537,105.1305923461914,20713900,0.0,0.0,0.0
2016-07-19 00:00:00-04:00,104.76630686670183,105.0745821464919,104.56079001350844,104.74761962890625,18936700,0.0,0.0,0.0
2016-07-20 00:00:00-04:00,105.3174035435813,106.16749423654299,105.18662145652401,105.97132110595703,24997900,0.0,0.0,0.0
2016-07-21 00:00:00-04:00,106.04606624627117,106.25158302494322,105.43886665285518,105.72845458984375,18885400,0.0,0.0,0.0
2016-07-22 00:00:00-04:00,105.80317317603593,106.28893420234367,105.47621795380097,106.16749572753906,20003400,0.0,0.0,0.0
2016-07-25 00:00:00-04:00,106.08345033774474,106.20489597728333,105.82188607887934,106.17687225341797,12968100,0.0,0.0,0.0
2016-07-26 00:00:00-04:00,106.13948823903169,106.68129677852907,105.76582201631285,106.29829406738281,21223800,0.0,0.0,0.0
2016-07-27 00:00:00-04:00,107.19509887316947,107.31653737803552,106.58789209465705,107.03629302978516,27646100,0.0,0.0,0.0
2016-07-28 00:00:00-04:00,107.20443347532354,107.5313887510026,106.86813458402781,107.40995025634766,16939700,0.0,0.0,0.0
2016-07-29 00:00:00-04:00,107.65283777117735,107.93308925035491,107.30720235756166,107.64350128173828,22385300,0.0,0.0,0.0
2016-08-01 00:00:00-04:00,107.71820557884612,108.48421804586386,107.58742348402039,108.21331024169922,13990100,0.0,0.0,0.0
2016-08-02 00:00:00-04:00,108.05451237716618,108.14792714789898,106.69998038381517,107.3912582397461,21278400,0.0,0.0,0.0
2016-08-03 00:00:00-04:00,107.30720376388666,107.75559758393784,107.2418127015004,107.74625396728516,15011300,0.0,0.0,0.0
2016-08-04 00:00:00-04:00,107.70889947560619,108.15729331947294,107.45667170222596,108.05453491210938,12835300,0.0,0.0,0.0
2016-08-05 00:00:00-04:00,108.60568478001792,109.3343300578139,108.48423914899124,109.09144592285156,23196600,0.0,0.0,0.0
2016-08-08 00:00:00-04:00,109.14751008380878,109.17554093709427,108.62438152262021,108.97002410888672,12358200,0.0,0.0,0.0
2016-08-09 00:00:00-04:00,109.05407954392871,109.56787154027425,108.98868848322029,109.22222900390625,13276500,0.0,0.0,0.0
2016-08-10 00:00:00-04:00,109.28761384419393,109.31563756474661,108.65238337900045,108.94197845458984,14688400,0.0,0.0,0.0
2016-08-11 00:00:00-04:00,109.31562809125921,109.64259047494726,109.09143121917631,109.40904998779297,12969800,0.0,0.0,0.0
2016-08-12 00:00:00-04:00,109.22223852976403,109.493146412638,109.10080001416883,109.48380279541016,19379000,0.0,0.0,0.0
2016-08-15 00:00:00-04:00,109.62391902495072,110.20310208221804,109.58655168637628,109.95087432861328,11777800,0.0,0.0,0.0
2016-08-16 00:00:00-04:00,109.74535602587966,109.75469251447066,109.3249788452971,109.34366607666016,14161400,0.0,0.0,0.0
2016-08-17 00:00:00-04:00,109.37169886687705,109.5772156663712,108.76449208485101,109.53984832763672,15980300,0.0,0.0,0.0
2016-08-18 00:00:00-04:00,109.43704325113842,109.72663109395272,109.25020663715493,109.56782531738281,10036300,0.0,0.0,0.0
2016-08-19 00:00:00-04:00,109.37169886687705,109.78272533877424,109.07276728409224,109.53984832763672,18743000,0.0,0.0,0.0
2016-08-22 00:00:00-04:00,109.38104010659414,109.81076095715775,109.17553042526595,109.6239242553711,14500600,0.0,0.0,0.0
2016-08-23 00:00:00-04:00,110.05361647505194,110.24045314033188,109.77337216776706,109.82007598876953,11997900,0.0,0.0,0.0
2016-08-24 00:00:00-04:00,109.74537613687865,109.89483837971967,108.7458228885011,109.11014556884766,17728700,0.0,0.0,0.0
2016-08-25 00:00:00-04:00,108.82989692171826,109.2689542985612,108.69911478313848,108.93265533447266,24266300,0.0,0.0,0.0
2016-08-26 00:00:00-04:00,108.97000741891591,109.80141109507707,108.43753532151953,109.09144592285156,23896000,0.0,0.0,0.0
2016-08-29 00:00:00-04:00,109.11946014126907,109.53049369893185,109.10078003732549,109.24090576171875,11184900,0.0,0.0,0.0
2016-08-30 00:00:00-04:00,109.0634260033806,109.38103769878921,108.51227378119816,108.88593292236328,19843300,0.0,0.0,0.0
2016-08-31 00:00:00-04:00,108.71777203216445,108.88592147885336,108.31608208324593,108.7738265991211,16169800,0.0,0.0,0.0
2016-09-01 00:00:00-04:00,108.81119253136183,109.18485162843756,108.27872047822942,109.05406951904297,20944700,0.0,0.0,0.0
2016-09-02 00:00:00-04:00,109.59587952668038,109.82007639876328,108.9980164497326,109.40904998779297,18088200,0.0,0.0,0.0
2016-09-06 00:00:00-04:00,109.59590623427773,110.09101104736328,109.35302207286324,110.09101104736328,18525200,0.0,0.0,0.0
2016-09-07 00:00:00-04:00,110.19373940242244,110.34320873086223,109.73600205648285,110.1563720703125,17546900,0.0,0.0,0.0
2016-09-08 00:00:00-04:00,109.82946020746812,109.8574839358479,109.22225329323305,109.51184844970703,20125300,0.0,0.0,0.0
2016-09-09 00:00:00-04:00,108.59631965494414,108.8392037418005,106.7373394904145,106.75601959228516,50813300,0.0,0.0,0.0
2016-09-12 00:00:00-04:00,106.15820550887211,108.82056669631224,106.1488618900831,108.67110443115234,39646000,0.0,0.0,0.0
2016-09-13 00:00:00-04:00,108.12925285470315,108.44686451767895,107.17641073868522,107.69953918457031,45863900,0.0,0.0,0.0
2016-09-14 00:00:00-04:00,107.81162746979848,108.80183679550467,107.783596626259,108.21331024169922,28221800,0.0,0.0,0.0
2016-09-15 00:00:00-04:00,108.24136501647209,110.06297825935187,108.23202139989314,109.89482879638672,38521400,0.0,0.0,0.0
2016-09-16 00:00:00-04:00,109.77678369699252,109.95472139273511,109.29916559759867,109.84233856201172,27596500,0.294,0.0,0.0
2016-09-19 00:00:00-04:00,110.12331073031572,110.46045215655518,109.1493545488974,109.36474609375,16222900,0.0,0.0,0.0
2016-09-20 00:00:00-04:00,109.758113722299,110.02034048039096,109.38351835777911,109.57081604003906,18078600,0.0,0.0,0.0
2016-09-21 00:00:00-04:00,110.03905326544216,110.8069850960499,109.392864198181,110.64778137207031,31546800,0.0,0.0,0.0
2016-09-22 00:00:00-04:00,111.29393532667511,111.64981079078493,111.18155961796327,111.52806091308594,22614400,0.0,0.0,0.0
2016-09-23 00:00:00-04:00,111.44381553538904,111.44381553538904,110.65715673765554,110.81636047363281,22213400,0.0,0.0,0.0
2016-09-26 00:00:00-04:00,110.18890125836396,110.32001105304408,109.73000983203555,109.88921356201172,16403900,0.0,0.0,0.0
2016-09-27 00:00:00-04:00,109.81430177411157,111.03175092143898,109.71128591192142,110.9755630493164,20238400,0.0,0.0,0.0
2016-09-28 00:00:00-04:00,111.11601333354459,111.22838905094784,110.59156712085922,111.16283416748047,14794300,0.0,0.0,0.0
2016-09-29 00:00:00-04:00,110.9755474789978,111.18157917447103,109.87984125665069,110.35745239257812,27207500,0.0,0.0,0.0
2016-09-30 00:00:00-04:00,110.64777344273571,111.50935404070884,110.53539056889032,111.18157958984375,25543200,0.0,0.0,0.0
2016-10-03 00:00:00-04:00,111.04113444357831,111.16287723291148,110.5916099649765,111.02240753173828,19216400,0.0,0.0,0.0
2016-10-04 00:00:00-04:00,111.3501430694013,111.59363570771983,110.43236752186021,110.85379791259766,21239700,0.0,0.0,0.0
2016-10-05 00:00:00-04:00,111.18156883443031,111.60299206692558,111.13474085528796,111.24712371826172,14481300,0.0,0.0,0.0
2016-10-06 00:00:00-04:00,111.10666716690018,111.42508176419386,110.64778289648198,111.19095611572266,11987100,0.0,0.0,0.0
2016-10-07 00:00:00-04:00,111.29394241827579,111.45315325733885,110.40426799120334,110.94744110107422,19984200,0.0,0.0,0.0
2016-10-10 00:00:00-04:00,111.51872389552709,111.89332633956775,111.47189591066675,111.64983367919922,19687300,0.0,0.0,0.0
2016-10-11 00:00:00-04:00,111.55617947935595,111.57490638542937,109.57079162306479,110.05776977539062,27774400,0.0,0.0,0.0
2016-10-12 00:00:00-04:00,110.16077597694002,110.33871372132108,109.62696988874315,109.964111328125,14267800,0.0,0.0,0.0
2016-10-13 00:00:00-04:00,109.21494758576573,109.87049661862413,108.57812546315388,109.57081604003906,22821000,0.0,0.0,0.0
2016-10-14 00:00:00-04:00,110.11398300694414,110.55414039445728,109.63636465613752,109.70191955566406,21313300,0.0,0.0,0.0
2016-10-17 00:00:00-04:00,109.6082839477702,109.85177666608918,109.26177535419895,109.40225219726562,14182700,0.0,0.0,0.0
2016-10-18 00:00:00-04:00,110.70397995040021,110.89128477168578,110.32001757042444,110.37620544433594,19276700,0.0,0.0,0.0
2016-10-19 00:00:00-04:00,110.29189174796015,110.52601736333702,110.17014900014502,110.36681365966797,13702900,0.0,0.0,0.0
2016-10-20 00:00:00-04:00,110.25444419550671,110.47920279844155,109.59888814827161,110.23571014404297,18132200,0.0,0.0,0.0
2016-10-21 00:00:00-04:00,110.32000689771598,110.71333626694118,109.95477146272863,110.64778137207031,15707800,0.0,0.0,0.0
2016-10-24 00:00:00-04:00,111.35949700801274,112.05250674107556,111.34076295998771,111.97758483886719,19143000,0.0,0.0,0.0
2016-10-25 00:00:00-04:00,112.04318085833404,112.06191491323804,111.45318673793061,111.62175750732422,20341800,0.0,0.0,0.0
2016-10-26 00:00:00-04:00,110.90062013566258,111.47188721062578,110.53538474608897,110.8631591796875,20463700,0.0,0.0,0.0
2016-10-27 00:00:00-04:00,111.34078288644683,111.43443170849453,110.19824868060232,110.35745239257812,19099800,0.0,0.0,0.0
2016-10-28 00:00:00-04:00,110.03903875230796,110.61030582295822,109.32729488404837,109.66443634033203,35369300,0.0,0.0,0.0
2016-10-31 00:00:00-04:00,110.0671211279175,110.0671211279175,109.50522114141563,109.56140899658203,18749400,0.0,0.0,0.0
2016-11-01 00:00:00-04:00,109.74873679186557,109.76746369920319,107.7914427350264,108.73731231689453,23498700,0.0,0.0,0.0
2016-11-02 00:00:00-04:00,108.66239694613452,108.91525665258948,107.59478453986401,107.86637115478516,26960100,0.0,0.0,0.0
2016-11-03 00:00:00-04:00,107.68841289825409,108.04428839598343,106.68635557954931,106.80810546875,36205200,0.0,0.0,0.0
2016-11-04 00:00:00-04:00,106.5458855531261,107.26699647436864,106.2462050409719,106.43350982666016,26997500,0.0,0.0,0.0
2016-11-07 00:00:00-05:00,108.15668148550309,109.0744571621086,107.97875085300893,108.96207427978516,26591200,0.0,0.0,0.0
2016-11-08 00:00:00-05:00,108.84970077649537,110.1701657323961,108.59684107231473,109.67382049560547,20777900,0.0,0.0,0.0
2016-11-09 00:00:00-05:00,108.39080396890193,110.35745791001717,108.25969418249075,110.17952728271484,70234400,0.0,0.0,0.0
2016-11-10 00:00:00-05:00,110.71333958959252,110.86317629167372,106.94859509988734,108.40017700195312,72825400,0.0,0.0,0.0
2016-11-11 00:00:00-05:00,107.93192692674161,108.68113188052465,107.54795742306712,108.44700622558594,41115200,0.0,0.0,0.0
2016-11-14 00:00:00-05:00,108.4750875120331,108.57810335978961,106.78938013506054,107.35128021240234,35906000,0.0,0.0,0.0
2016-11-15 00:00:00-05:00,108.16603385975411,109.21491918451437,108.0068301567391,108.84031677246094,31796600,0.0,0.0,0.0
2016-11-16 00:00:00-05:00,108.32526562594914,109.56144890451337,108.32526562594914,109.48653411865234,16538100,0.0,0.0,0.0
2016-11-17 00:00:00-05:00,109.43029592886009,110.30124338233271,109.20553737004495,110.28251647949219,20598600,0.0,0.0,0.0
2016-11-18 00:00:00-05:00,110.41364128033712,110.60093891404858,109.76745229762312,109.87046813964844,16428700,0.0,0.0,0.0
2016-11-21 00:00:00-05:00,110.14205293019786,111.11601632864193,110.10459197507156,111.01300048828125,20268500,0.0,0.0,0.0
2016-11-22 00:00:00-05:00,111.45315927435927,111.62173000221476,111.07855686301961,111.35014343261719,18850600,0.0,0.0,0.0
2016-11-23 00:00:00-05:00,110.98490844353864,111.10665119105728,110.41364137181463,110.90061950683594,22926000,0.0,0.0,0.0
2016-11-25 00:00:00-05:00,111.03174211297987,111.30332871494018,110.90063232512973,111.25650787353516,7162800,0.0,0.0,0.0
2016-11-28 00:00:00-05:00,111.11604500375596,111.51874144410215,110.89128635994251,111.003662109375,13479000,0.0,0.0,0.0
2016-11-29 00:00:00-05:00,111.10666538691116,111.92142520271926,110.78825793966631,111.38761901855469,18553000,0.0,0.0,0.0
2016-11-30 00:00:00-05:00,111.52808283387901,111.56554379246118,110.00158628262876,110.03904724121094,30405300,0.0,0.0,0.0
2016-12-01 00:00:00-05:00,110.00156957420012,110.0109365986597,107.96936110818899,108.13793182373047,39796600,0.0,0.0,0.0
2016-12-02 00:00:00-05:00,108.2034958402588,108.78412994168819,107.9038153367671,108.35333251953125,32876800,0.0,0.0,0.0
2016-12-05 00:00:00-05:00,108.91525863736015,109.62699549121191,108.41890624211221,109.19620513916016,21419700,0.0,0.0,0.0
2016-12-06 00:00:00-05:00,109.50523252181823,109.64570931927933,108.99952033792628,109.45840454101562,27293300,0.0,0.0,0.0
2016-12-07 00:00:00-05:00,109.233651199789,110.98491344971762,108.90587675326414,110.84443664550781,26622400,0.0,0.0,0.0
2016-12-08 00:00:00-05:00,110.89126286585899,111.3220531522935,110.67586415016825,111.04109954833984,18578400,0.0,0.0,0.0
2016-12-09 00:00:00-05:00,111.45315651899976,111.94950166515173,111.4437894940875,111.91204071044922,21863100,0.0,0.0,0.0
2016-12-12 00:00:00-05:00,111.41572383881282,111.64048247911951,110.94747250362067,111.40635681152344,23259300,0.0,0.0,0.0
2016-12-13 00:00:00-05:00,111.74349141436953,113.41983194778825,111.74349141436953,112.81110382080078,54477900,0.0,0.0,0.0
2016-12-14 00:00:00-05:00,112.95156010845004,113.3167954892577,112.24918327690506,112.57695770263672,28746000,0.0,0.0,0.0
2016-12-15 00:00:00-05:00,112.72681176805996,113.41982163758314,112.45522517778596,112.7549057006836,22762300,0.0,0.0,0.0
2016-12-16 00:00:00-05:00,113.0319809154315,113.25741133880254,112.11149843459964,112.33692169189453,26283900,0.355,0.0,0.0
2016-12-19 00:00:00-05:00,112.449638882147,113.49223131883511,112.28996437067347,112.79716491699219,21138700,0.0,0.0,0.0
2016-12-20 00:00:00-05:00,113.15408169031912,113.43585894760184,113.0225842037054,113.2292251586914,11461800,0.0,0.0,0.0
2016-12-21 00:00:00-05:00,113.27621187391556,113.35135536047868,112.89111404591486,113.14471435546875,7079300,0.0,0.0,0.0
2016-12-22 00:00:00-05:00,113.15408399422387,113.18226100391828,112.38388134291492,112.8253402709961,16645000,0.0,0.0,0.0
2016-12-23 00:00:00-05:00,112.63747957447819,112.94744100770467,112.53415909673603,112.90047454833984,9007500,0.0,0.0,0.0
2016-12-27 00:00:00-05:00,113.14468018218743,114.1403059971676,113.09772089182665,113.48281860351562,16110600,0.0,0.0,0.0
2016-12-28 00:00:00-05:00,113.72704514803014,113.83036563192987,112.52477824382547,112.59991455078125,17975200,0.0,0.0,0.0
2016-12-29 00:00:00-05:00,112.5717440844437,112.83473908926858,112.0833258134941,112.44024658203125,13267500,0.0,0.0,0.0
2016-12-30 00:00:00-05:00,112.65628652311308,112.66567408358372,110.96559404842876,111.28495025634766,41749000,0.0,0.0,0.0
2017-01-03 00:00:00-05:00,112.02696354162623,112.7032404995524,111.67004277653248,112.28057098388672,22307600,0.0,0.0,0.0
2017-01-04 00:00:00-05:00,112.40268019158957,113.09774664150052,112.39329263102516,112.89110565185547,19749100,0.0,0.0,0.0
2017-01-05 00:00:00-05:00,112.80656459891827,113.60494435743746,112.80656459891827,113.5298080444336,20644300,0.0,0.0,0.0
2017-01-06 00:00:00-05:00,113.65190557471404,114.8259955083371,113.3607335643199,114.52542877197266,24074300,0.0,0.0,0.0
2017-01-09 00:00:00-05:00,114.61936907819575,115.10779456556492,114.54422559305014,114.90115356445312,18909200,0.0,0.0,0.0
2017-01-10 00:00:00-05:00,114.9481212518832,115.50229553765432,114.68512620076918,115.1547622680664,16176600,0.0,0.0,0.0
2017-01-11 00:00:00-05:00,115.20170379733453,115.4646987915039,114.60995789437727,115.4646987915039,20686000,0.0,0.0,0.0
2017-01-12 00:00:00-05:00,115.05142163145679,115.36138310150312,114.21547015120561,115.28623962402344,19622500,0.0,0.0,0.0
2017-01-13 00:00:00-05:00,115.34257904948791,115.87796368486725,115.34257904948791,115.68071746826172,16930800,0.0,0.0,0.0
2017-01-17 00:00:00-05:00,115.38018837316382,115.55865237621144,114.99509051499743,115.3332290649414,14538500,0.0,0.0,0.0
2017-01-18 00:00:00-05:00,115.50225968048447,115.68072362379893,115.2110877022981,115.56800842285156,12499700,0.0,0.0,0.0
2017-01-19 00:00:00-05:00,115.7371115342552,116.14099883166526,115.26747547522386,115.51168823242188,12710700,0.0,0.0,0.0
2017-01-20 00:00:00-05:00,116.01890491931387,116.31008418912585,115.45534300373235,115.76530456542969,22091000,0.0,0.0,0.0
2017-01-23 00:00:00-05:00,115.69013027763711,116.02826877021445,115.12656851203376,115.85919952392578,17434200,0.0,0.0,0.0
2017-01-24 00:00:00-05:00,116.08463494092942,116.81727319554169,115.88738866063753,116.63880920410156,17640900,0.0,0.0,0.0
2017-01-25 00:00:00-05:00,117.37140730318853,117.84104321933417,117.26808682835046,117.8128662109375,15036200,0.0,0.0,0.0
2017-01-26 00:00:00-05:00,117.9725464054471,118.17918736511241,117.72833371074485,117.93497467041016,16052200,0.0,0.0,0.0
2017-01-27 00:00:00-05:00,118.18862318654858,118.27315424521775,117.77534112351287,118.16044616699219,15053000,0.0,0.0,0.0
2017-01-30 00:00:00-05:00,117.76593454634838,117.76593454634838,116.59184440910424,117.23994445800781,25006700,0.0,0.0,0.0
2017-01-31 00:00:00-05:00,116.82660963401834,117.03325055134948,116.32879678739745,117.00507354736328,19091100,0.0,0.0,0.0
2017-02-01 00:00:00-05:00,117.83164849451015,118.04768416901031,117.27748155317448,117.8128662109375,22861900,0.0,0.0,0.0
2017-02-02 00:00:00-05:00,117.60624371793159,118.0664849814817,117.27749995825293,117.70956420898438,15101400,0.0,0.0,0.0
2017-02-03 00:00:00-05:00,117.8316632730139,118.16980174833428,117.7189552252913,118.04769897460938,16957200,0.0,0.0,0.0
2017-02-06 00:00:00-05:00,117.85049817406163,118.2074190729569,117.7377829167941,118.18863677978516,11630100,0.0,0.0,0.0
2017-02-07 00:00:00-05:00,118.43280779671558,118.86487924021566,118.32009973847812,118.62066650390625,17541100,0.0,0.0,0.0
2017-02-08 00:00:00-05:00,118.46098085030685,118.98697084888057,118.23555042285274,118.81790161132812,12569100,0.0,0.0,0.0
2017-02-09 00:00:00-05:00,118.9400080097833,119.51296448972376,118.87425925795783,119.24996948242188,17542700,0.0,0.0,0.0
2017-02-10 00:00:00-05:00,119.51297270215684,119.81353946916647,119.30633170619829,119.64447021484375,13915700,0.0,0.0,0.0
2017-02-13 00:00:00-05:00,120.0107787335653,120.4710200011067,119.96381943381911,120.32074737548828,19120200,0.0,0.0,0.0
2017-02-14 00:00:00-05:00,120.36768909361074,120.7340045638855,119.98259133827804,120.72461700439453,16333500,0.0,0.0,0.0
2017-02-15 00:00:00-05:00,120.6400887639476,121.49482965841679,120.57433284953355,121.43846130371094,17891400,0.0,0.0,0.0
2017-02-16 00:00:00-05:00,121.51360984424011,121.75782972835798,121.09094032531287,121.4009017944336,15098300,0.0,0.0,0.0
2017-02-17 00:00:00-05:00,121.22247148797373,121.93632755404279,121.20368203040434,121.92692565917969,15563700,0.0,0.0,0.0
2017-02-21 00:00:00-05:00,122.16169967304637,122.6031586077479,122.09595809349064,122.52801513671875,18479600,0.0,0.0,0.0
2017-02-22 00:00:00-05:00,122.41529956849745,122.6595050852114,122.20865861891225,122.5749740600586,12110900,0.0,0.0,0.0
2017-02-23 00:00:00-05:00,122.76284605911044,122.76284605911044,121.62633497876651,122.11474609375,17489000,0.0,0.0,0.0
2017-02-24 00:00:00-05:00,121.56058615119596,122.34957122802734,121.52302157560331,122.34957122802734,18624500,0.0,0.0,0.0
2017-02-27 00:00:00-05:00,122.12413675464146,122.50922734216354,121.91749578955553,122.49983978271484,12008700,0.0,0.0,0.0
2017-02-28 00:00:00-05:00,122.47166389919137,122.52801792070575,121.78599941717967,122.12413787841797,16598600,0.0,0.0,0.0
2017-03-01 00:00:00-05:00,122.90377958981193,123.6833629446613,122.66896152741806,123.45794677734375,25813800,0.0,0.0,0.0
2017-03-02 00:00:00-05:00,123.4297050830168,123.4484801990176,122.68767236864677,122.83795928955078,19951400,0.0,0.0,0.0
2017-03-03 00:00:00-05:00,122.7534768929452,123.10100299455762,122.42472591477028,123.06343841552734,13722700,0.0,0.0,0.0
2017-03-06 00:00:00-05:00,122.65957147640998,122.99771009219425,122.30265773297438,122.79106903076172,12026200,0.0,0.0,0.0
2017-03-07 00:00:00-05:00,122.54683941158575,123.11979600036717,122.36837540869644,122.58440399169922,15500900,0.0,0.0,0.0
2017-03-08 00:00:00-05:00,122.65955375605468,123.18554389747302,122.53745811532599,122.80045318603516,15776000,0.0,0.0,0.0
2017-03-09 00:00:00-05:00,122.77222966186727,123.06340164184891,122.23683782862282,122.89432525634766,20855300,0.0,0.0,0.0
2017-03-10 00:00:00-05:00,123.45792380659734,123.60821077828453,122.87557970650255,123.41095733642578,21922600,0.0,0.0,0.0
2017-03-13 00:00:00-04:00,123.36397678426208,123.64576124097125,123.29823519924987,123.61758422851562,10731600,0.0,0.0,0.0
2017-03-14 00:00:00-04:00,123.33578316320339,123.38274962168914,122.8191807841619,123.3169937133789,14019700,0.0,0.0,0.0
2017-03-15 00:00:00-04:00,123.57060498815092,124.36899181092558,123.17611252240447,124.07781982421875,22709100,0.0,0.0,0.0
2017-03-16 00:00:00-04:00,124.3126953855405,124.3126953855405,123.7115616832113,123.99333190917969,18457300,0.0,0.0,0.0
2017-03-17 00:00:00-04:00,124.14764627418606,124.27941727880275,123.88410426495265,123.94999694824219,21234500,0.274,0.0,0.0
2017-03-20 00:00:00-04:00,123.91232772360638,124.3452977602673,123.73350694785871,124.06292724609375,10105200,0.0,0.0,0.0
2017-03-21 00:00:00-04:00,124.53356028087181,124.64650276016603,122.10519644230307,122.18049621582031,35841900,0.0,0.0,0.0
2017-03-22 00:00:00-04:00,122.21819324259802,123.13118354729575,122.05817219532821,123.00881958007812,29177900,0.0,0.0,0.0
2017-03-23 00:00:00-04:00,122.84875779288386,123.18759955153143,122.49108750265543,122.69815826416016,20311700,0.0,0.0,0.0
2017-03-24 00:00:00-04:00,123.09350966897827,123.57352965937662,122.48171864031569,122.95233154296875,22967600,0.0,0.0,0.0
2017-03-27 00:00:00-04:00,122.07695912524463,123.36644798110014,121.79458856897158,123.14995574951172,18472400,0.0,0.0,0.0
2017-03-28 00:00:00-04:00,123.15000097984559,124.27006216852631,122.87705177110992,123.90298461914062,23721900,0.0,0.0,0.0
2017-03-29 00:00:00-04:00,123.98763238299472,124.52413781731528,123.8558613861029,124.4770736694336,13710000,0.0,0.0,0.0
2017-03-30 00:00:00-04:00,124.43005384325919,124.81595988660182,124.31711133768248,124.68418884277344,16092400,0.0,0.0,0.0
2017-03-31 00:00:00-04:00,124.5052979823135,124.9382679967709,124.36411991344706,124.59942626953125,19841400,0.0,0.0,0.0
2017-04-03 00:00:00-04:00,124.70297455134953,125.00415925010005,123.82762734787116,124.52413940429688,23700300,0.0,0.0,0.0
2017-04-04 00:00:00-04:00,124.16648208878607,124.7406302915655,124.11941793538516,124.7218017578125,13400000,0.0,0.0,0.0
2017-04-05 00:00:00-04:00,124.90063743712594,125.6347922749166,123.9782403469208,124.21354675292969,32011200,0.0,0.0,0.0
2017-04-06 00:00:00-04:00,124.33591217687838,124.60886129187115,123.95941330555318,124.27942657470703,18832200,0.0,0.0,0.0
2017-04-07 00:00:00-04:00,124.24178237269369,124.59003125775861,123.77116956067592,124.21354675292969,16743100,0.0,0.0,0.0
2017-04-10 00:00:00-04:00,124.33586645800276,124.77824349291863,123.92172503280848,124.26056671142578,15619300,0.0,0.0,0.0
2017-04-11 00:00:00-04:00,124.14760856177418,124.33586510715037,122.82989891588883,123.72406005859375,33778400,0.0,0.0,0.0
2017-04-12 00:00:00-04:00,123.70528543410015,123.8088208343876,123.0934944809242,123.22526550292969,15955200,0.0,0.0,0.0
2017-04-13 00:00:00-04:00,123.05586753415176,123.78060106702677,122.71702566817102,122.73583984375,23683000,0.0,0.0,0.0
2017-04-17 00:00:00-04:00,123.08406489089833,123.77115549702305,123.03700074265163,123.75232696533203,13325500,0.0,0.0,0.0
2017-04-18 00:00:00-04:00,123.33822569290281,123.92179547008648,123.25351881559054,123.56412506103516,12841100,0.0,0.0,0.0
2017-04-19 00:00:00-04:00,124.10061398139828,124.51474122431908,123.59234406196126,123.76177215576172,17764800,0.0,0.0,0.0
2017-04-20 00:00:00-04:00,124.26060513985941,125.0700597134435,124.07236289618086,124.7970962524414,21977900,0.0,0.0,0.0
2017-04-21 00:00:00-04:00,124.91009050678095,124.95714031032307,124.44888466393965,124.7688980102539,22454900,0.0,0.0,0.0
2017-04-24 00:00:00-04:00,126.1524240197419,126.39713742396404,125.9359462251624,126.27478790283203,22469900,0.0,0.0,0.0
2017-04-25 00:00:00-04:00,126.68897201352415,127.41370538782114,126.57601517493579,127.18782043457031,19384400,0.0,0.0,0.0
2017-04-26 00:00:00-04:00,127.23491059865786,127.54551686990054,126.93372577809883,127.00902557373047,25398500,0.0,0.0,0.0
2017-04-27 00:00:00-04:00,127.31959328846919,127.77137756347656,127.24429351564078,127.77137756347656,16136500,0.0,0.0,0.0
2017-04-28 00:00:00-04:00,128.2796172080855,128.32668135552635,127.79019028819273,127.99726104736328,22771900,0.0,0.0,0.0
2017-05-01 00:00:00-04:00,128.42084303719164,129.3055975360363,128.36437179036585,129.13616943359375,24815500,0.0,0.0,0.0
2017-05-02 00:00:00-04:00,129.29614412357978,129.40910095127242,128.9667238112103,129.3526153564453,18345100,0.0,0.0,0.0
2017-05-03 00:00:00-04:00,129.06082610201696,129.10789024581283,128.59021338797874,128.9384765625,23827600,0.0,0.0,0.0
2017-05-04 00:00:00-04:00,128.91962584997998,129.35258142970073,128.53372004399924,128.98550415039062,14630100,0.0,0.0,0.0
2017-05-05 00:00:00-04:00,129.31498340512348,129.45616149902344,128.83496352390088,129.45616149902344,19330700,0.0,0.0,0.0
2017-05-08 00:00:00-04:00,129.52206277042913,129.73854064941406,129.25852073636997,129.73854064941406,13279900,0.0,0.0,0.0
2017-05-09 00:00:00-04:00,129.93621841822127,130.48213107984313,129.8232615614257,130.1903533935547,28426100,0.0,0.0,0.0
2017-05-10 00:00:00-04:00,130.265625,130.31268915517626,129.8044336203783,130.265625,20499400,0.0,0.0,0.0
2017-05-11 00:00:00-04:00,129.90795829198456,130.19973592323947,129.3055744965659,130.16207885742188,27232100,0.0,0.0,0.0
2017-05-12 00:00:00-04:00,130.21861197667005,130.48215408571716,130.10565509995857,130.45391845703125,19738600,0.0,0.0,0.0
2017-05-15 00:00:00-04:00,130.51034026731625,130.94329598444284,130.38797634805934,130.8679962158203,20481300,0.0,0.0,0.0
2017-05-16 00:00:00-04:00,131.20683913708342,131.4327384449197,130.82094756722825,131.41390991210938,21786000,0.0,0.0,0.0
2017-05-17 00:00:00-04:00,130.36914913824063,130.61387697923763,128.053742267944,128.07257080078125,55642200,0.0,0.0,0.0
2017-05-18 00:00:00-04:00,128.025516344162,129.62559706939305,127.88432388013472,129.192626953125,41319900,0.0,0.0,0.0
2017-05-19 00:00:00-04:00,129.6538337874587,130.2844532519548,129.56912692550333,129.73854064941406,36730100,0.0,0.0,0.0
2017-05-22 00:00:00-04:00,130.03029014728628,130.89623019964228,129.98324036436395,130.83033752441406,19509700,0.0,0.0,0.0
2017-05-23 00:00:00-04:00,131.21621675035382,131.2256238326352,130.62324024160006,130.9620819091797,19687500,0.0,0.0,0.0
2017-05-24 00:00:00-04:00,131.35742814294488,131.6303915799385,130.99035077337106,131.5644989013672,15891900,0.0,0.0,0.0
2017-05-25 00:00:00-04:00,132.0633731741535,133.02342739136625,131.78100259709515,132.68458557128906,23928600,0.0,0.0,0.0
2017-05-26 00:00:00-04:00,132.71280532434704,132.9763473348994,132.53397016819457,132.9198760986328,13851600,0.0,0.0,0.0
2017-05-30 00:00:00-04:00,132.85397125669826,133.19281300525063,132.76926441005045,133.03280639648438,20306400,0.0,0.0,0.0
2017-05-31 00:00:00-04:00,133.5034558392451,133.5034558392451,132.30810948715433,132.98577880859375,33229400,0.0,0.0,0.0
2017-06-01 00:00:00-04:00,133.25870451547965,133.55988919935385,132.69396348551922,133.50341796875,20120700,0.0,0.0,0.0
2017-06-02 00:00:00-04:00,133.97406147796474,135.05647964034185,133.75758359027503,135.0282440185547,37222900,0.0,0.0,0.0
2017-06-05 00:00:00-04:00,135.01879801417707,135.23527586249605,134.81172725075484,134.99996948242188,15727500,0.0,0.0,0.0
2017-06-06 00:00:00-04:00,134.83997020158512,135.28234736914317,134.26582202849673,134.46348571777344,22393000,0.0,0.0,0.0
2017-06-07 00:00:00-04:00,134.84000101321507,135.10354308449644,134.2188029091751,134.9906005859375,18842400,0.0,0.0,0.0
2017-06-08 00:00:00-04:00,135.29182737168094,135.34829863249757,134.39765120218877,135.13182067871094,25417400,0.0,0.0,0.0
2017-06-09 00:00:00-04:00,135.2918107970058,135.44239602007897,129.9927045893891,131.75279235839844,109783700,0.0,0.0,0.0
2017-06-12 00:00:00-04:00,130.6421091311264,131.28213561098644,129.39027742696965,131.0468292236328,104454000,0.0,0.0,0.0
2017-06-13 00:00:00-04:00,131.78097792576912,132.29865482646542,131.09388732773306,132.11041259765625,51193000,0.0,0.0,0.0
2017-06-14 00:00:00-04:00,132.64690939288369,132.64690939288369,130.47268067808133,131.53627014160156,60093800,0.0,0.0,0.0
2017-06-15 00:00:00-04:00,130.20915197101314,131.0939063731113,129.4091187918547,130.95272827148438,55145200,0.0,0.0,0.0
2017-06-16 00:00:00-04:00,130.88479006659972,130.97917482687745,129.90325480473683,130.38458251953125,48087400,0.378,0.0,0.0
2017-06-19 00:00:00-04:00,131.64928078954975,132.6874412159642,131.45107854026423,132.56475830078125,39626500,0.0,0.0,0.0
2017-06-20 00:00:00-04:00,132.43261022331762,132.60248549862112,131.4793731749208,131.5265655517578,40935100,0.0,0.0,0.0
2017-06-21 00:00:00-04:00,131.82858051115045,132.8950678213096,131.74364286726856,132.82901000976562,35743400,0.0,0.0,0.0
2017-06-22 00:00:00-04:00,133.03660853918882,133.2819886880312,132.45144910565912,132.7912139892578,24099100,0.0,0.0,0.0
2017-06-23 00:00:00-04:00,132.6402236235311,133.47076332768782,132.2721461457509,133.30088806152344,21654300,0.0,0.0,0.0
2017-06-26 00:00:00-04:00,134.0653044887721,134.29180475737186,132.385360291593,132.6779327392578,34411100,0.0,0.0,0.0
2017-06-27 00:00:00-04:00,132.1777916082813,132.33823417921317,130.2618990715578,130.27133178710938,65957800,0.0,0.0,0.0
2017-06-28 00:00:00-04:00,130.75262538390743,132.26269474151786,129.9976051061909,132.14944458007812,57427200,0.0,0.0,0.0
2017-06-29 00:00:00-04:00,131.60208111933244,131.60208111933244,128.59138868735818,129.85606384277344,88769400,0.0,0.0,0.0
2017-06-30 00:00:00-04:00,130.22411383862598,130.8753311111359,129.47852622585165,129.90322875976562,68898300,0.0,0.0,0.0
2017-07-03 00:00:00-04:00,130.49782891375534,130.6488243476134,128.44980663094566,128.5347442626953,32797000,0.0,0.0,0.0
2017-07-05 00:00:00-04:00,128.94055579850516,130.14860557103208,128.50642056208196,129.79940795898438,42116600,0.0,0.0,0.0
2017-07-06 00:00:00-04:00,128.80842697918962,129.35582678752746,128.16665683215936,128.6291046142578,48430500,0.0,0.0,0.0
2017-07-07 00:00:00-04:00,129.06325696517337,130.36569151583973,129.05382425143293,130.0164794921875,36970400,0.0,0.0,0.0
2017-07-10 00:00:00-04:00,130.10142310778323,131.17734284930208,129.77109093406105,130.8658905029297,24853500,0.0,0.0,0.0
2017-07-11 00:00:00-04:00,130.6771457300412,131.3944208138787,130.18637098789455,131.23397827148438,31517700,0.0,0.0,0.0
2017-07-12 00:00:00-04:00,132.3570787719914,132.9422238044325,132.09281879598004,132.7912139892578,36045800,0.0,0.0,0.0
2017-07-13 00:00:00-04:00,132.95164077958808,133.40467017148563,132.69682794786846,133.08377075195312,31073600,0.0,0.0,0.0
2017-07-14 00:00:00-04:00,133.6784088035811,134.30131363085806,133.25370620356202,134.1314239501953,34544800,0.0,0.0,0.0
2017-07-17 00:00:00-04:00,134.2729841631494,134.66937416662017,133.9426519597121,134.19747924804688,25343200,0.0,0.0,0.0
2017-07-18 00:00:00-04:00,134.10308827140466,135.12238297628167,133.6783857446449,135.0940704345703,25748500,0.0,0.0,0.0
2017-07-19 00:00:00-04:00,135.490435648944,136.08502771835654,135.4338105758736,135.88682556152344,33752300,0.0,0.0,0.0
2017-07-20 00:00:00-04:00,136.2360364695815,136.32097407853598,135.4526893622437,136.06614685058594,36139400,0.0,0.0,0.0
2017-07-21 00:00:00-04:00,135.5659696329471,136.00955200195312,135.29227692068943,136.00955200195312,39697100,0.0,0.0,0.0
2017-07-24 00:00:00-04:00,135.99061620844702,136.726770815528,135.83017373265594,136.6324005126953,26712700,0.0,0.0,0.0
2017-07-25 00:00:00-04:00,136.17943144157843,136.6041483959535,135.91517143504166,136.2832489013672,28120900,0.0,0.0,0.0
2017-07-26 00:00:00-04:00,136.62300444675108,136.8023268105407,136.40593682794278,136.72682189941406,18610600,0.0,0.0,0.0
2017-07-27 00:00:00-04:00,137.62341504069914,137.75554501696632,134.3012714074402,135.8679656982422,80665900,0.0,0.0,0.0
2017-07-28 00:00:00-04:00,135.056304583204,135.98121440726794,134.83922259506946,135.75469970703125,38013200,0.0,0.0,0.0
2017-07-31 00:00:00-04:00,136.1417011595423,136.31157643910637,134.88645878987094,135.1790313720703,33848600,0.0,0.0,0.0
2017-08-01 00:00:00-04:00,135.64145780738932,135.6792030591809,135.07517822289913,135.49044799804688,20149400,0.0,0.0,0.0
2017-08-02 00:00:00-04:00,136.36822094378118,136.39653349141543,134.59389115287468,135.8585662841797,41769700,0.0,0.0,0.0
2017-08-03 00:00:00-04:00,135.99068239433186,136.06618731399618,135.084652160542,135.3300323486328,27112800,0.0,0.0,0.0
2017-08-04 00:00:00-04:00,135.6320331594451,135.87741331340095,135.0185611729221,135.5753936767578,29472900,0.0,0.0,0.0
2017-08-07 00:00:00-04:00,135.82079227423725,136.4342498779297,135.63203719626185,136.4342498779297,17933900,0.0,0.0,0.0
2017-08-08 00:00:00-04:00,136.170036447701,137.2931489871391,135.8113915961576,136.19834899902344,30810400,0.0,0.0,0.0
2017-08-09 00:00:00-04:00,135.07516182383992,136.08502359998937,134.76370953029158,136.01895141601562,36169500,0.0,0.0,0.0
2017-08-10 00:00:00-04:00,135.24503678971934,135.33940709806325,132.97050066268508,133.10263061523438,63331700,0.0,0.0,0.0
2017-08-11 00:00:00-04:00,133.28202428273548,134.40513668126994,132.98000457172782,134.11256408691406,45862500,0.0,0.0,0.0
2017-08-14 00:00:00-04:00,135.17902584133688,136.04731083724243,135.1412805811198,135.8396759033203,34161000,0.0,0.0,0.0
2017-08-15 00:00:00-04:00,136.17940111864212,136.1888482317586,135.56594361172765,135.93402099609375,25509200,0.0,0.0,0.0
2017-08-16 00:00:00-04:00,136.2738461691533,136.8118134158063,135.71701349009012,136.17002868652344,31913000,0.0,0.0,0.0
2017-08-17 00:00:00-04:00,135.64144456679077,135.8490794340964,133.3857879638672,133.3857879638672,70191000,0.0,0.0,0.0
2017-08-18 00:00:00-04:00,133.46130198432752,134.20688949437448,132.74401261148031,133.29141235351562,60751900,0.0,0.0,0.0
2017-08-21 00:00:00-04:00,133.28203987987777,133.57461250847155,132.3004901053309,133.12159729003906,37111500,0.0,0.0,0.0
2017-08-22 00:00:00-04:00,133.83882856141568,135.29227291072365,133.7916361914349,135.15069580078125,36294200,0.0,0.0,0.0
2017-08-23 00:00:00-04:00,134.47117035867998,134.97137781430771,134.3768000167462,134.66937255859375,25702300,0.0,0.0,0.0
2017-08-24 00:00:00-04:00,134.97135963793895,135.12236944600465,133.51792983829858,134.27296447753906,38160800,0.0,0.0,0.0
2017-08-25 00:00:00-04:00,134.7920340281749,135.13178445016797,133.81048480546366,133.98980712890625,26380400,0.0,0.0,0.0
2017-08-28 00:00:00-04:00,134.3956432186373,134.71654265119471,133.9709407474462,134.40509033203125,15362100,0.0,0.0,0.0
2017-08-29 00:00:00-04:00,133.25367963281784,135.16013899626418,133.1309823546434,134.93362426757812,24498300,0.0,0.0,0.0
2017-08-30 00:00:00-04:00,135.0468706058216,136.74569502012102,134.96193298537878,136.51918029785156,33642700,0.0,0.0,0.0
2017-08-31 00:00:00-04:00,136.90615108757163,137.9915180378941,136.8306461726813,137.98207092285156,38480700,0.0,0.0,0.0
2017-09-01 00:00:00-04:00,138.16136657278696,138.35012162295934,137.42521179635364,137.7932891845703,22293600,0.0,0.0,0.0
2017-09-05 00:00:00-04:00,137.3875314716981,137.6801040978888,135.52826382664108,136.55699157714844,44794300,0.0,0.0,0.0
2017-09-06 00:00:00-04:00,136.90615680021148,137.28368139041604,135.98124675611882,136.97222900390625,30722700,0.0,0.0,0.0
2017-09-07 00:00:00-04:00,137.22703387926913,137.6423037036737,136.7928986272751,137.29310607910156,22721100,0.0,0.0,0.0
2017-09-08 00:00:00-04:00,137.11375979483188,137.17983198314042,135.96233526474902,136.10391235351562,27890100,0.0,0.0,0.0
2017-09-11 00:00:00-04:00,137.17044670679638,137.90660181676466,137.1327014400953,137.670654296875,27126300,0.0,0.0,0.0
2017-09-12 00:00:00-04:00,138.05757112888577,138.1802684115339,137.34972877715805,138.00094604492188,30256700,0.0,0.0,0.0
2017-09-13 00:00:00-04:00,137.76496432288036,138.20854657170133,137.5384496422848,138.18966674804688,28450900,0.0,0.0,0.0
2017-09-14 00:00:00-04:00,137.6517435966982,138.06699899822672,137.29309887605777,137.37803649902344,35296400,0.0,0.0,0.0
2017-09-15 00:00:00-04:00,137.34969198285785,138.35010660112653,137.12317730659328,137.8498992919922,46422400,0.0,0.0,0.0
2017-09-18 00:00:00-04:00,138.00975899507117,138.4448443782649,137.25307182080385,137.66925048828125,24858200,0.319,0.0,0.0
2017-09-19 00:00:00-04:00,137.9151998200217,138.1043680495125,137.44227202998934,137.90574645996094,20871200,0.0,0.0,0.0
2017-09-20 00:00:00-04:00,137.8584236648009,138.00976399165506,136.42071942490225,137.48008728027344,34236200,0.0,0.0,0.0
2017-09-21 00:00:00-04:00,137.38552523409186,137.39497859430602,136.15591007352958,136.6383056640625,28841800,0.0,0.0,0.0
2017-09-22 00:00:00-04:00,136.20320916677628,136.70451149035063,136.06133659693876,136.50588989257812,21702400,0.0,0.0,0.0
2017-09-25 00:00:00-04:00,135.9667361611174,136.04240633750294,134.40608026692092,135.06817626953125,54947700,0.0,0.0,0.0
2017-09-26 00:00:00-04:00,135.7586298729035,136.0140148823153,134.94519361885102,135.41812133789062,29628800,0.0,0.0,0.0
2017-09-27 00:00:00-04:00,136.13698892049018,137.149061335238,135.7964947614472,136.6383056640625,33249400,0.0,0.0,0.0
2017-09-28 00:00:00-04:00,136.30722863940122,136.73286070276458,135.99509461090574,136.5909881591797,24149400,0.0,0.0,0.0
2017-09-29 00:00:00-04:00,136.86533044485225,137.6787670046377,136.50591505746848,137.57472229003906,43102400,0.0,0.0,0.0
2017-10-02 00:00:00-04:00,137.78281643160014,138.25574434456615,137.08287792466925,137.69769287109375,27351300,0.0,0.0,0.0
2017-10-03 00:00:00-04:00,137.8773771886536,138.151668966951,137.57469646387315,137.99087524414062,19715200,0.0,0.0,0.0
2017-10-04 00:00:00-04:00,137.72604861359875,138.4165192312578,137.59362939332698,138.12330627441406,26381100,0.0,0.0,0.0
2017-10-05 00:00:00-04:00,138.62459713827454,139.55153160327424,138.48272456854397,139.4758758544922,31562400,0.0,0.0,0.0
2017-10-06 00:00:00-04:00,139.0029582263662,139.66505432128906,139.0029582263662,139.66505432128906,23561100,0.0,0.0,0.0
2017-10-09 00:00:00-04:00,139.84473522672639,139.99606113121104,139.3245118383478,139.5042266845703,13704800,0.0,0.0,0.0
2017-10-10 00:00:00-04:00,139.97720532901772,140.1190779262673,138.99350721270685,139.6083221435547,19223100,0.0,0.0,0.0
2017-10-11 00:00:00-04:00,139.54204825525733,140.05281826174576,139.36233341714504,140.02442932128906,12439100,0.0,0.0,0.0
2017-10-12 00:00:00-04:00,139.81636914859794,140.31767141691637,139.6271864995187,139.76907348632812,14513500,0.0,0.0,0.0
2017-10-13 00:00:00-04:00,140.3366020547386,140.46902127209773,139.7785506696259,140.3082275390625,18409900,0.0,0.0,0.0
2017-10-16 00:00:00-04:00,140.65819968314537,140.82844677203332,140.3555189483066,140.79061889648438,21809400,0.0,0.0,0.0
2017-10-17 00:00:00-04:00,140.74332553303788,140.98924280966375,140.52578277169144,140.97032165527344,13138200,0.0,0.0,0.0
2017-10-18 00:00:00-04:00,141.11221345699036,141.1311346120233,140.5919899381783,140.80007934570312,17218200,0.0,0.0,0.0
2017-10-19 00:00:00-04:00,139.9771798947312,140.29876734513954,139.29616268644787,140.27984619140625,27680300,0.0,0.0,0.0
2017-10-20 00:00:00-04:00,140.8473713725972,140.9703227955987,140.48794159933402,140.658203125,30173300,0.0,0.0,0.0
2017-10-23 00:00:00-04:00,140.95143215694208,140.96088551898634,139.5421018511987,139.74073791503906,29297100,0.0,0.0,0.0
2017-10-24 00:00:00-04:00,140.01495493577625,140.27033990066738,139.45690378841934,139.9771270751953,20289500,0.0,0.0,0.0
2017-10-25 00:00:00-04:00,139.70286429214494,140.15687092295548,138.40704678441395,139.44747924804688,36179100,0.0,0.0,0.0
2017-10-26 00:00:00-04:00,139.3623602591308,139.71233664434945,138.9651026401303,139.00294494628906,28230200,0.0,0.0,0.0
2017-10-27 00:00:00-04:00,141.33916755615073,143.31601633977036,141.12162485210754,143.05117797851562,60165100,0.0,0.0,0.0
2017-10-30 00:00:00-04:00,142.94718578721043,143.9497905847143,142.81476655796678,143.37281799316406,31733400,0.0,0.0,0.0
2017-10-31 00:00:00-04:00,143.8362400193786,144.11998509805372,143.4200613271774,143.91189575195312,26319300,0.0,0.0,0.0
2017-11-01 00:00:00-04:00,144.48889299533627,144.55510981349335,143.297120162006,143.86463928222656,29481600,0.0,0.0,0.0
2017-11-02 00:00:00-04:00,143.70381481056907,143.76057826223226,142.60663343276912,143.59031677246094,31017400,0.0,0.0,0.0
2017-11-03 00:00:00-04:00,144.11059645654564,144.99023546068165,143.618747378283,144.97132873535156,26199200,0.0,0.0,0.0
2017-11-06 00:00:00-05:00,144.8577877240061,145.51989822829307,144.81050648736726,145.463134765625,28693900,0.0,0.0,0.0
2017-11-07 00:00:00-05:00,145.349627524543,145.73743178224709,145.0374934463381,145.5482635498047,21333100,0.0,0.0,0.0
2017-11-08 00:00:00-05:00,145.47257811185818,146.17250194174198,145.30231661769082,146.13467407226562,17373500,0.0,0.0,0.0
2017-11-09 00:00:00-05:00,144.93344561767339,145.44421571008846,143.87409199282837,145.36854553222656,40594500,0.0,0.0,0.0
2017-11-10 00:00:00-05:00,145.02802905078656,145.4725823011357,144.77264401848578,145.35906982421875,20150800,0.0,0.0,0.0
2017-11-13 00:00:00-05:00,144.81047428244014,145.72795521793788,144.81047428244014,145.5387725830078,12522400,0.0,0.0,0.0
2017-11-14 00:00:00-05:00,145.02806117042675,145.18885491300966,144.3092160095949,145.00914001464844,25173800,0.0,0.0,0.0
2017-11-15 00:00:00-05:00,144.38485877082456,144.71591402038652,143.56196897620325,144.32810974121094,24808000,0.0,0.0,0.0
2017-11-16 00:00:00-05:00,145.0563980633462,146.50355580384468,145.028023553345,146.17250061035156,34790600,0.0,0.0,0.0
2017-11-17 00:00:00-05:00,146.21031913752813,146.3143638014841,145.47255313224292,145.6144256591797,28725800,0.0,0.0,0.0
2017-11-20 00:00:00-05:00,145.71850403955145,145.85092323953398,145.2928719276512,145.50096130371094,21143900,0.0,0.0,0.0
2017-11-21 00:00:00-05:00,146.19147487501598,147.1467985008391,146.12527247183056,147.08058166503906,20147800,0.0,0.0,0.0
2017-11-22 00:00:00-05:00,147.21294298801274,147.4021111931966,146.92918346393253,147.26023864746094,17299000,0.0,0.0,0.0
2017-11-24 00:00:00-05:00,147.4116028681522,147.8466883673063,147.3264648943079,147.7993927001953,8280600,0.0,0.0,0.0
2017-11-27 00:00:00-05:00,147.75210596711563,148.0831467593504,147.39267622958172,147.73318481445312,22653400,0.0,0.0,0.0
2017-11-28 00:00:00-05:00,148.06420031440783,148.2060872862234,147.26968522963028,148.1114959716797,25227300,0.0,0.0,0.0
2017-11-29 00:00:00-05:00,147.94129282058861,147.97912069806515,144.82941949963404,145.52935791015625,71986300,0.0,0.0,0.0
2017-11-30 00:00:00-05:00,146.14411903726452,147.03322546129016,145.80361050109744,146.7494659423828,56595500,0.0,0.0,0.0
2017-12-01 00:00:00-05:00,145.85095315080284,146.83465120893413,144.0159906942928,146.12525939941406,59015800,0.0,0.0,0.0
2017-12-04 00:00:00-05:00,147.04272286032614,147.20351658580822,144.29973286871925,144.44161987304688,51319100,0.0,0.0,0.0
2017-12-05 00:00:00-05:00,144.4132279995865,146.1819878092687,143.86464444499362,144.53619384765625,40604200,0.0,0.0,0.0
2017-12-06 00:00:00-05:00,143.99702444547145,145.4158074780161,143.82676297661027,145.1887969970703,28647800,0.0,0.0,0.0
2017-12-07 00:00:00-05:00,145.17936181617816,146.09684278003718,145.02802147659935,145.6806640625,32666200,0.0,0.0,0.0
2017-12-08 00:00:00-05:00,146.74949995856878,147.10892972800696,146.09687167619546,146.32386779785156,28081700,0.0,0.0,0.0
2017-12-11 00:00:00-05:00,146.39005543555294,147.50615796480704,146.38058764396357,147.4588623046875,20821500,0.0,0.0,0.0
2017-12-12 00:00:00-05:00,147.39265783435053,147.6953240761229,146.94810461423359,147.26023864746094,20310300,0.0,0.0,0.0
2017-12-13 00:00:00-05:00,147.85614039818043,148.01693410312748,147.32644918866046,147.54400634765625,24418500,0.0,0.0,0.0
2017-12-14 00:00:00-05:00,147.79938722882173,148.17773811909228,147.27917820769215,147.43997192382812,24594700,0.0,0.0,0.0
2017-12-15 00:00:00-05:00,148.01695416953459,149.27494390154476,147.77102246647877,149.1141357421875,49816200,0.0,0.0,0.0
2017-12-18 00:00:00-05:00,150.09891136990166,150.48752657009803,149.82404602268423,150.3643035888672,26844500,0.329,0.0,0.0
2017-12-19 00:00:00-05:00,150.079955768514,150.23161260246346,149.05629383354264,149.4733428955078,31415000,0.0,0.0,0.0
2017-12-20 00:00:00-05:00,149.99468201702345,150.0231158708088,148.72458833862925,149.31224060058594,38972600,0.0,0.0,0.0
2017-12-21 00:00:00-05:00,149.52071001647718,149.9946266884787,149.16052871766354,149.33114624023438,18638700,0.0,0.0,0.0
2017-12-22 00:00:00-05:00,149.10370053564384,149.21743593896556,148.7624798628858,149.1605682373047,23330400,0.0,0.0,0.0
2017-12-26 00:00:00-05:00,148.32647032669283,148.5444679831475,147.81463213509653,148.3549041748047,21918700,0.0,0.0,0.0
2017-12-27 00:00:00-05:00,148.3644129776805,148.77198900327176,148.2317168336544,148.37388610839844,22388200,0.0,0.0,0.0
2017-12-28 00:00:00-05:00,148.84778117809964,148.8762294916776,148.37386438129076,148.553955078125,25393800,0.0,0.0,0.0
2017-12-29 00:00:00-05:00,148.6865863755117,148.71502021389966,147.57762329002094,147.63449096679688,33186000,0.0,0.0,0.0
2018-01-02 00:00:00-05:00,148.39282633839383,150.2600596903924,148.02317181231658,150.22215270996094,32573300,0.0,0.0,0.0
2018-01-03 00:00:00-05:00,150.36429010566533,151.81447405168544,150.33585626066807,151.68177795410156,29383600,0.0,0.0,0.0
2018-01-04 00:00:00-05:00,152.20312371561604,152.4021606757109,151.72920690785642,151.94720458984375,24776100,0.0,0.0,0.0
2018-01-05 00:00:00-05:00,152.6675709111186,153.57748310381623,152.383217927353,153.4732208251953,26992300,0.0,0.0,0.0
2018-01-08 00:00:00-05:00,153.4732032662687,154.14617143542628,153.41633556858056,154.07034301757812,23159100,0.0,0.0,0.0
2018-01-09 00:00:00-05:00,154.3736295225342,154.534759473655,153.61537433203426,154.07980346679688,24782400,0.0,0.0,0.0
2018-01-10 00:00:00-05:00,153.39734462691655,153.74805279821874,152.71490346352573,153.7196044921875,34004000,0.0,0.0,0.0
2018-01-11 00:00:00-05:00,153.98505460556953,154.78123136669927,153.74809620312902,154.77174377441406,20473500,0.0,0.0,0.0
2018-01-12 00:00:00-05:00,154.63905632860636,156.07029441588074,154.44001935854706,155.90916442871094,37762700,0.0,0.0,0.0
2018-01-16 00:00:00-05:00,156.94228690333574,157.73846364449494,154.99922515950294,155.4636688232422,41231800,0.0,0.0,0.0
2018-01-17 00:00:00-05:00,156.2029505568146,157.37825474179195,155.4446809280223,157.14129638671875,33849900,0.0,0.0,0.0
2018-01-18 00:00:00-05:00,156.89487422094967,157.52992091472206,156.52521974359584,157.1697540283203,26432200,0.0,0.0,0.0
2018-01-19 00:00:00-05:00,157.63422483661745,157.9185778473004,156.90438881718333,157.66265869140625,38937600,0.0,0.0,0.0
2018-01-22 00:00:00-05:00,157.6057669013891,159.3497772216797,157.42567620671264,159.3497772216797,26081400,0.0,0.0,0.0
2018-01-23 00:00:00-05:00,159.84267142988645,160.80946583435835,159.76684299985,160.6672821044922,37989700,0.0,0.0,0.0
2018-01-24 00:00:00-05:00,161.00846251826073,161.359170727269,158.7052341912789,159.6246337890625,54287400,0.0,0.0,0.0
2018-01-25 00:00:00-05:00,160.72412222788344,160.78098991983535,159.05592612907853,159.56776428222656,28925000,0.0,0.0,0.0
2018-01-26 00:00:00-05:00,160.4587371326615,162.03214431454649,160.1459647848773,162.01318359375,32038200,0.0,0.0,0.0
2018-01-29 00:00:00-05:00,161.67199971570105,161.99425969976912,160.88529601615065,161.2265167236328,37277800,0.0,0.0,0.0
2018-01-30 00:00:00-05:00,159.75735162318915,160.5819622036132,159.06543716447464,159.89952087402344,44987700,0.0,0.0,0.0
2018-01-31 00:00:00-05:00,160.7999313737118,161.12220572313333,159.55827192720372,160.56297302246094,42449200,0.0,0.0,0.0
2018-02-01 00:00:00-05:00,159.33083149942797,160.87579040901403,158.6862971406691,159.19813537597656,38037900,0.0,0.0,0.0
2018-02-02 00:00:00-05:00,158.57253184425852,158.95165942184832,155.89016156758018,156.02285766601562,68478100,0.0,0.0,0.0
2018-02-05 00:00:00-05:00,154.5632011350369,157.10338773209534,149.75767880344534,149.8714141845703,105372200,0.0,0.0,0.0
2018-02-06 00:00:00-05:00,147.68196141062802,154.0324440899537,147.0090076059064,153.84288024902344,118537900,0.0,0.0,0.0
2018-02-07 00:00:00-05:00,153.34996584082376,155.0181619508315,151.8429141428158,151.85240173339844,91028300,0.0,0.0,0.0
2018-02-08 00:00:00-05:00,152.24103378497605,152.41165135988317,145.445068359375,145.445068359375,94184800,0.0,0.0,0.0
2018-02-09 00:00:00-05:00,147.50187754981673,149.03737799708756,142.29827973007207,147.95684814453125,113836600,0.0,0.0,0.0
2018-02-12 00:00:00-05:00,149.473312138296,151.60593711495687,148.29800807400989,150.582275390625,63050600,0.0,0.0,0.0
2018-02-13 00:00:00-05:00,149.719809938136,151.66285735326272,149.4923246551952,151.35955810546875,31785600,0.0,0.0,0.0
2018-02-14 00:00:00-05:00,150.46862343355411,154.4305619777251,149.75774804725384,154.193603515625,52107400,0.0,0.0,0.0
2018-02-15 00:00:00-05:00,155.57736677292817,157.0559844970703,153.9660529572038,157.0559844970703,51633900,0.0,0.0,0.0
2018-02-16 00:00:00-05:00,156.54420861223508,158.0607337697845,156.08923804845594,156.35464477539062,62256300,0.0,0.0,0.0
2018-02-20 00:00:00-05:00,155.80487144440286,157.98487686940976,155.73851615892974,156.66738891601562,36785600,0.0,0.0,0.0
2018-02-21 00:00:00-05:00,157.43513416927678,158.97061965546658,156.12711944383213,156.22190856933594,41161800,0.0,0.0,0.0
2018-02-22 00:00:00-05:00,156.90435998507564,157.7384581397299,155.8048840554223,156.20297241210938,37074400,0.0,0.0,0.0
2018-02-23 00:00:00-05:00,157.4635968856985,159.3971710205078,156.81906253223366,159.3971710205078,50096900,0.0,0.0,0.0
2018-02-26 00:00:00-05:00,160.14596555496297,161.51083374023438,160.01326943433412,161.51083374023438,39266700,0.0,0.0,0.0
2018-02-27 00:00:00-05:00,161.55817226083056,161.82356441001437,159.43503506736013,159.51084899902344,42209900,0.0,0.0,0.0
2018-02-28 00:00:00-05:00,160.42083304625956,160.94214440661983,158.38299663906076,158.4872589111328,42936300,0.0,0.0,0.0
2018-03-01 00:00:00-05:00,158.57255575538582,159.30239163822753,154.49686859916835,155.899658203125,76809900,0.0,0.0,0.0
2018-03-02 00:00:00-05:00,154.022987554789,157.60579804673216,153.51116368285238,157.3309326171875,57445100,0.0,0.0,0.0
2018-03-05 00:00:00-05:00,156.59160115936658,159.48248217509507,156.0039344711269,159.07492065429688,38540200,0.0,0.0,0.0
2018-03-06 00:00:00-05:00,159.85214130965107,160.28815115779622,158.74317766065695,159.7478790283203,29480900,0.0,0.0,0.0
2018-03-07 00:00:00-05:00,158.52516968662982,160.25023378171315,158.25030430610852,160.11752319335938,34609400,0.0,0.0,0.0
2018-03-08 00:00:00-05:00,160.78098003445695,161.11271303804378,160.1364458187859,160.9989776611328,25828400,0.0,0.0,0.0
2018-03-09 00:00:00-05:00,162.14589291679673,164.12686157226562,161.90893452845475,164.12686157226562,38310500,0.0,0.0,0.0
2018-03-12 00:00:00-04:00,164.61027083474934,165.37801378921114,164.24061628397905,164.99888610839844,37635000,0.0,0.0,0.0
2018-03-13 00:00:00-04:00,165.37800642158484,166.0699353792937,162.3354685922046,162.7525177001953,55638900,0.0,0.0,0.0
2018-03-14 00:00:00-04:00,163.60555279773772,163.7287757897065,162.01318488239065,162.72406005859375,40536400,0.0,0.0,0.0
2018-03-15 00:00:00-04:00,162.83784360442834,163.52975820280642,161.9847845388542,162.58192443847656,28810400,0.0,0.0,0.0
2018-03-16 00:00:00-04:00,162.85678053542495,163.21694747854787,162.02268231658442,162.0985107421875,31176700,0.0,0.0,0.0
2018-03-19 00:00:00-04:00,160.53868081481522,160.6526007268329,157.25384998450403,158.6399383544922,71395100,0.277,0.0,0.0
2018-03-20 00:00:00-04:00,158.70643037437006,159.5323789357406,158.174784657338,159.16212463378906,34075700,0.0,0.0,0.0
2018-03-21 00:00:00-04:00,158.7443656789478,160.21587945877786,157.77600299298302,158.4690399169922,43863500,0.0,0.0,0.0
2018-03-22 00:00:00-04:00,156.27600740878924,157.3772815733106,154.3582733617787,154.55764770507812,66607300,0.0,0.0,0.0
2018-03-23 00:00:00-04:00,154.37726071269293,155.03232919796164,150.4088813247452,150.48483276367188,80110400,0.0,0.0,0.0
2018-03-26 00:00:00-04:00,153.53235163065162,156.26654603473474,151.10196304313712,156.07666015625,57481500,0.0,0.0,0.0
2018-03-27 00:00:00-04:00,157.23481988784764,157.23481988784764,149.69681185385258,151.02593994140625,78889100,0.0,0.0,0.0
2018-03-28 00:00:00-04:00,150.16210114596254,151.69058996998365,148.13993504393952,149.28868103027344,89369700,0.0,0.0,0.0
2018-03-29 00:00:00-04:00,150.09560461595564,153.5228355037262,148.7000276805369,152.0228271484375,68692600,0.0,0.0,0.0
2018-04-02 00:00:00-04:00,150.94057235024408,151.65260093915782,146.08928365166156,147.63674926757812,85549400,0.0,0.0,0.0
2018-04-03 00:00:00-04:00,148.92790243307056,149.92474540440995,146.62093664358684,149.29815673828125,64090000,0.0,0.0,0.0
2018-04-04 00:00:00-04:00,146.41200967646415,152.11772467403497,146.24111534855896,151.6525421142578,65768700,0.0,0.0,0.0
2018-04-05 00:00:00-04:00,153.16207477291135,153.3994175997795,151.40573205958435,152.51649475097656,43054900,0.0,0.0,0.0
2018-04-06 00:00:00-04:00,150.8361437909228,152.33615245189097,147.9880293808903,148.70005798339844,59870900,0.0,0.0,0.0
2018-04-09 00:00:00-04:00,149.98165126082543,152.73483630666857,149.48798868950533,149.7443084716797,41810400,0.0,0.0,0.0
2018-04-10 00:00:00-04:00,152.0987550908306,153.5417887781341,151.01647258222604,153.04812622070312,48296800,0.0,0.0,0.0
2018-04-11 00:00:00-04:00,152.08924022758345,153.79811102511303,151.994311813764,152.16519165039062,41622100,0.0,0.0,0.0
2018-04-12 00:00:00-04:00,153.0860948987333,154.5291430742399,153.0006549736303,153.99749755859375,30467900,0.0,0.0,0.0
2018-04-13 00:00:00-04:00,154.76652948311843,154.9943693476174,152.53550090151325,153.20005798339844,44604900,0.0,0.0,0.0
2018-04-16 00:00:00-04:00,154.27279391795577,154.9278622530078,153.30443140152008,154.36773681640625,28180800,0.0,0.0,0.0
2018-04-17 00:00:00-04:00,155.9247359502573,158.03234123867645,155.61144170616737,157.69056701660156,35536100,0.0,0.0,0.0
2018-04-18 00:00:00-04:00,157.69056869565964,158.54499701681692,156.94055730405546,158.0133514404297,29573900,0.0,0.0,0.0
2018-04-19 00:00:00-04:00,157.21590535797452,157.5861596144527,156.0196881553085,156.5608367919922,34705700,0.0,0.0,0.0
2018-04-20 00:00:00-04:00,156.16211839183057,156.2760383326835,153.5418438621416,154.08299255371094,49197100,0.0,0.0,0.0
2018-04-23 00:00:00-04:00,154.8329682961879,155.4405653740719,152.86777715610094,153.6937255859375,33040600,0.0,0.0,0.0
2018-04-24 00:00:00-04:00,154.4247500326172,154.66209287436675,149.421558872385,150.43739318847656,70256800,0.0,0.0,0.0
2018-04-25 00:00:00-04:00,150.7032065023883,151.24434061457575,148.54812957914405,150.6177520751953,52089300,0.0,0.0,0.0
2018-04-26 00:00:00-04:00,152.56398379023483,154.3013352214178,152.07030659732152,153.78868103027344,43005500,0.0,0.0,0.0
2018-04-27 00:00:00-04:00,156.04815610556335,156.08613906990593,153.01017083969649,153.8835906982422,51043400,0.0,0.0,0.0
2018-04-30 00:00:00-04:00,154.24437672231159,155.20323664740167,152.4120823375007,152.79183959960938,35615300,0.0,0.0,0.0
2018-05-01 00:00:00-04:00,152.39309175528817,154.55765725446156,152.03232601000693,154.53866577148438,36513500,0.0,0.0,0.0
2018-05-02 00:00:00-04:00,154.80445397070233,155.28864251767524,153.44686020968885,153.6272430419922,38646800,0.0,0.0,0.0
2018-05-03 00:00:00-04:00,152.84874607743976,154.17785981404663,151.15886668964535,153.60824584960938,60337100,0.0,0.0,0.0
2018-05-04 00:00:00-04:00,152.9437379276425,156.88362343265845,152.8298035092902,156.52285766601562,41543200,0.0,0.0,0.0
2018-05-07 00:00:00-04:00,157.2538729710497,158.33615575218604,157.1304500574857,157.82350158691406,32500200,0.0,0.0,0.0
2018-05-08 00:00:00-04:00,157.49119975437424,158.00385386737238,156.5133485029797,157.66209411621094,26040200,0.0,0.0,0.0
2018-05-09 00:00:00-04:00,157.94691779634363,159.49439783955623,157.38679213777573,159.38047790527344,29122700,0.0,0.0,0.0
2018-05-10 00:00:00-04:00,159.8931666203779,161.14634411311076,159.76974367408295,161.03240966796875,27067600,0.0,0.0,0.0
2018-05-11 00:00:00-04:00,160.84244917280532,161.2601747723961,160.17789230357144,160.88043212890625,24688800,0.0,0.0,0.0
2018-05-14 00:00:00-04:00,161.25068936577898,162.17158050445047,160.8899237071747,161.15574645996094,21821700,0.0,0.0,0.0
2018-05-15 00:00:00-04:00,159.88365565392706,159.9690956110824,158.5260468942245,159.37098693847656,49361600,0.0,0.0,0.0
2018-05-16 00:00:00-04:00,159.57980385150896,160.79499784627689,159.50385241605406,160.42474365234375,22941200,0.0,0.0,0.0
2018-05-17 00:00:00-04:00,159.864653449063,161.02288774481733,159.0292019606479,159.8076934814453,27480200,0.0,0.0,0.0
2018-05-18 00:00:00-04:00,159.19056832369682,159.74120540115013,158.74437715212443,158.98171997070312,26217900,0.0,0.0,0.0
2018-05-21 00:00:00-04:00,160.2159045159777,160.9184445331218,159.19058171511492,159.87413024902344,22954600,0.0,0.0,0.0
2018-05-22 00:00:00-04:00,160.60513545466347,160.87095825044787,159.38045289453206,159.66525268554688,19477700,0.0,0.0,0.0
2018-05-23 00:00:00-04:00,158.45006780036172,161.03235895433733,158.43109080403218,161.0133819580078,26557800,0.0,0.0,0.0
2018-05-24 00:00:00-04:00,160.96588134765625,161.2506955898503,159.34245030752814,160.96588134765625,27696500,0.0,0.0,0.0
2018-05-25 00:00:00-04:00,160.94687548064192,161.70637522984572,160.6430842727121,161.12725830078125,27460500,0.0,0.0,0.0
2018-05-29 00:00:00-04:00,160.39623069144662,161.31712173836712,159.45636265425608,160.41522216796875,41220500,0.0,0.0,0.0
2018-05-30 00:00:00-04:00,160.99435088255626,161.84877906747346,160.65257671133875,161.56396484375,22665800,0.0,0.0,0.0
2018-05-31 00:00:00-04:00,161.5639811324152,162.53234379620272,161.0418385702425,161.45956420898438,35670900,0.0,0.0,0.0
2018-06-01 00:00:00-04:00,162.26653734244198,164.08932846060375,162.21906588121905,163.99440002441406,45543300,0.0,0.0,0.0
2018-06-04 00:00:00-04:00,164.41209723882514,165.5133713060274,164.30768031377193,165.47540283203125,20459600,0.0,0.0,0.0
2018-06-05 00:00:00-04:00,165.86467446124766,166.26340868876403,165.25707737842407,165.9880828857422,24779300,0.0,0.0,0.0
2018-06-06 00:00:00-04:00,166.15898293375741,166.98493139850646,165.32353148400634,166.95645141601562,25036600,0.0,0.0,0.0
2018-06-07 00:00:00-04:00,166.98491966772062,167.02288814628852,164.7633942719543,165.5988311767578,39600300,0.0,0.0,0.0
2018-06-08 00:00:00-04:00,164.8203726449501,166.02607840332686,164.41213540189386,165.6083526611328,31780300,0.0,0.0,0.0
2018-06-11 00:00:00-04:00,165.48490634668903,166.46275761119756,165.45642636704363,166.05453491210938,22319700,0.0,0.0,0.0
2018-06-12 00:00:00-04:00,166.28239841717584,167.08936991867273,166.1020300158342,166.927978515625,22511800,0.0,0.0,0.0
2018-06-13 00:00:00-04:00,167.18427981741723,168.1716195251448,166.54818834381487,166.91845703125,37858600,0.0,0.0,0.0
2018-06-14 00:00:00-04:00,167.68746131945846,168.88366397068955,167.56403841193816,168.6083526611328,35916000,0.0,0.0,0.0
2018-06-15 00:00:00-04:00,167.9722428972471,168.3520000767652,167.19376603018156,168.01971435546875,49615700,0.0,0.0,0.0
2018-06-18 00:00:00-04:00,166.9617564303183,168.0653731332348,166.43848175547026,167.92266845703125,31633200,0.378,0.0,0.0
2018-06-19 00:00:00-04:00,165.80103700509062,167.48501018899896,165.2682535446048,167.44696044921875,38236000,0.0,0.0,0.0
2018-06-20 00:00:00-04:00,168.21761070505016,169.3307507945637,168.06538269692987,168.63623046875,33038000,0.0,0.0,0.0
2018-06-21 00:00:00-04:00,169.06438026538538,169.23564042533826,166.8476086145721,167.1710968017578,43469400,0.0,0.0,0.0
2018-06-22 00:00:00-04:00,167.73245077100015,167.7990414713168,166.2006904565219,166.80007934570312,30073200,0.0,0.0,0.0
2018-06-25 00:00:00-04:00,165.2872892705918,165.53466341668593,161.5577901211945,163.04197692871094,77799700,0.0,0.0,0.0
2018-06-26 00:00:00-04:00,163.64140259896885,164.6498879898977,163.04201374625003,163.7080078125,39008100,0.0,0.0,0.0
2018-06-27 00:00:00-04:00,164.40248922398766,165.14458261891465,161.3675104465816,161.48167419433594,52843500,0.0,0.0,0.0
2018-06-28 00:00:00-04:00,161.28185560597112,163.4225125548123,160.94885871813665,162.87069702148438,46407700,0.0,0.0,0.0
2018-06-29 00:00:00-04:00,163.65085533396206,164.5166357096211,163.0704988150023,163.308349609375,36408500,0.0,0.0,0.0
2018-07-02 00:00:00-04:00,161.77659887274888,164.45005414406296,161.42458432310468,164.40248107910156,31770000,0.0,0.0,0.0
2018-07-03 00:00:00-04:00,165.02090789079148,165.02090789079148,162.33795799704833,162.49969482421875,25512700,0.0,0.0,0.0
2018-07-05 00:00:00-04:00,163.5557807968867,164.64988902586936,162.7185410630294,164.51669311523438,31626200,0.0,0.0,0.0
2018-07-06 00:00:00-04:00,164.89722064789729,167.1996148041911,164.59276463519973,167.075927734375,37005600,0.0,0.0,0.0
2018-07-09 00:00:00-04:00,167.94175449480863,168.6172428686821,167.27577492998066,168.57919311523438,27362100,0.0,0.0,0.0
2018-07-10 00:00:00-04:00,168.89311283386937,169.08339058473092,168.1224785066599,168.7028350830078,23902500,0.0,0.0,0.0
2018-07-11 00:00:00-04:00,167.38039523686004,168.46500906267272,167.2567226650898,167.84658813476562,30280600,0.0,0.0,0.0
2018-07-12 00:00:00-04:00,168.5886198357142,170.73880004882812,168.47445611369352,170.73880004882812,27930100,0.0,0.0,0.0
2018-07-13 00:00:00-04:00,170.7292875191072,171.15741602100582,170.25358595760662,170.8815155029297,28049800,0.0,0.0,0.0
2018-07-16 00:00:00-04:00,170.9196339534905,171.20505790858908,170.18706370669804,170.47247314453125,21405300,0.0,0.0,0.0
2018-07-17 00:00:00-04:00,168.66480464689573,171.87102966954507,168.66480464689573,171.50950622558594,31034100,0.0,0.0,0.0
2018-07-18 00:00:00-04:00,171.52852572836923,171.6712449596522,170.66275960121806,171.18601989746094,23220800,0.0,0.0,0.0
2018-07-19 00:00:00-04:00,170.56756271152025,171.13841043232307,170.1299253738639,170.3297119140625,31094100,0.0,0.0,0.0
2018-07-20 00:00:00-04:00,170.8435026843763,171.41433597117663,170.10139473218925,170.29168701171875,35897300,0.0,0.0,0.0
2018-07-23 00:00:00-04:00,169.78744939317957,170.91009838559364,169.1024378151,170.833984375,22184700,0.0,0.0,0.0
2018-07-24 00:00:00-04:00,172.5940371309986,173.2029345246977,170.83393561687555,171.53797912597656,36900300,0.0,0.0,0.0
2018-07-25 00:00:00-04:00,171.61412065237832,174.04018729457036,171.52848332787144,173.935546875,35026600,0.0,0.0,0.0
2018-07-26 00:00:00-04:00,171.57608675737603,172.1279024749389,171.07184411356693,171.30018615722656,40873500,0.0,0.0,0.0
2018-07-27 00:00:00-04:00,172.38475194099135,172.4989156819913,168.01781464061128,168.9882354736328,59456100,0.0,0.0,0.0
2018-07-30 00:00:00-04:00,168.99779088113996,169.09292251094698,165.80107487089546,166.60025024414062,60193000,0.0,0.0,0.0
2018-07-31 00:00:00-04:00,167.2567004828956,168.5220685945954,166.32432932800285,167.87510681152344,47285100,0.0,0.0,0.0
2018-08-01 00:00:00-04:00,168.26518310034805,169.0167852968902,167.54212184055677,168.51254272460938,37101900,0.0,0.0,0.0
2018-08-02 00:00:00-04:00,167.32329557992838,171.00523626347388,167.24718157301334,170.80543518066406,47178200,0.0,0.0,0.0
2018-08-03 00:00:00-04:00,171.12890375708824,171.33821364059392,170.37730155159926,171.32870483398438,28934400,0.0,0.0,0.0
2018-08-06 00:00:00-04:00,171.21449434587842,172.38471599892065,171.0051845195121,172.33714294433594,24808800,0.0,0.0,0.0
2018-08-07 00:00:00-04:00,172.82241445270398,173.28860732509108,172.45136772317568,172.9651336669922,29895700,0.0,0.0,0.0
2018-08-08 00:00:00-04:00,172.72727774934523,173.48840331805096,172.26108489066306,173.1744384765625,22680700,0.0,0.0,0.0
2018-08-09 00:00:00-04:00,173.06979370117188,173.7548053015407,172.81291072171766,173.06979370117188,18852900,0.0,0.0,0.0
2018-08-10 00:00:00-04:00,171.8995432085062,172.4133091259497,171.10036791166343,171.74732971191406,33818500,0.0,0.0,0.0
2018-08-13 00:00:00-04:00,172.06131051116833,173.16492742085651,171.48095385710425,171.55706787109375,26089200,0.0,0.0,0.0
2018-08-14 00:00:00-04:00,172.21347563622052,172.8318963821577,171.290613437126,172.63209533691406,20913000,0.0,0.0,0.0
2018-08-15 00:00:00-04:00,171.26209766279058,171.80440449578785,169.46394606049,170.52000427246094,58528000,0.0,0.0,0.0
2018-08-16 00:00:00-04:00,171.8329621331598,172.19450005696288,170.74836287901388,171.08135986328125,27711800,0.0,0.0,0.0
2018-08-17 00:00:00-04:00,170.6341591311795,171.54749801679867,169.60664199691308,171.11936950683594,36092600,0.0,0.0,0.0
2018-08-20 00:00:00-04:00,171.49994658929725,171.56655178584808,170.3011837067378,170.9671630859375,24939000,0.0,0.0,0.0
2018-08-21 00:00:00-04:00,171.48097477352718,172.62265608809878,171.3763198061843,171.5951385498047,26258700,0.0,0.0,0.0
2018-08-22 00:00:00-04:00,171.23356058250872,172.46087895995345,171.01474188998637,172.26107788085938,18042400,0.0,0.0,0.0
2018-08-23 00:00:00-04:00,171.95662052303152,173.20295639900183,171.72827852758428,172.01370239257812,25776200,0.0,0.0,0.0
2018-08-24 00:00:00-04:00,172.5845432974568,173.7547797443634,172.54649355515014,173.612060546875,23136100,0.0,0.0,0.0
2018-08-27 00:00:00-04:00,174.48740745497963,175.38172912597656,174.21150680961088,175.38172912597656,29343600,0.0,0.0,0.0
2018-08-28 00:00:00-04:00,175.84790550631692,176.02867448879476,175.26754880759253,175.6385955810547,20277000,0.0,0.0,0.0
2018-08-29 00:00:00-04:00,175.94303240607167,177.76021647316557,175.87644171378923,177.6650848388672,29175600,0.0,0.0,0.0
2018-08-30 00:00:00-04:00,177.32251802776156,178.4071170031166,176.76117915423484,177.35105895996094,29315500,0.0,0.0,0.0
2018-08-31 00:00:00-04:00,177.13218517817788,178.08358807938347,176.941907501388,177.579345703125,28653200,0.0,0.0,0.0
2018-09-04 00:00:00-04:00,177.03711702067955,177.34155850915607,175.86689509780481,176.81829833984375,29063500,0.0,0.0,0.0
2018-09-05 00:00:00-04:00,176.50436997168313,176.5329109134564,173.93558359123944,174.5349578857422,42623300,0.0,0.0,0.0
2018-09-06 00:00:00-04:00,174.6110548079352,174.8203647052899,171.8044178426498,172.97463989257812,46091400,0.0,0.0,0.0
2018-09-07 00:00:00-04:00,171.7282829755102,173.7928262420641,171.6712011044851,172.3086395263672,46629500,0.0,0.0,0.0
2018-09-10 00:00:00-04:00,173.2980887211757,173.39323484898486,171.94709790639897,172.8889923095703,26132000,0.0,0.0,0.0
2018-09-11 00:00:00-04:00,172.19442310156097,174.5063252743192,171.74726255899134,174.2209014892578,30116500,0.0,0.0,0.0
2018-09-12 00:00:00-04:00,173.96408202713735,174.0877545721822,172.2134890949476,173.7071990966797,36204000,0.0,0.0,0.0
2018-09-13 00:00:00-04:00,174.79180466211247,175.89543590622063,174.71569066073315,175.56243896484375,31133200,0.0,0.0,0.0
2018-09-14 00:00:00-04:00,175.68615986586903,175.9620604713991,174.35418636110776,175.04872131347656,31224100,0.0,0.0,0.0
2018-09-17 00:00:00-04:00,174.75373053644597,174.87741759636185,172.3657137616968,172.52745056152344,33071200,0.0,0.0,0.0
2018-09-18 00:00:00-04:00,172.67023428831763,174.80136893411853,172.58459693630414,173.95462036132812,31877300,0.0,0.0,0.0
2018-09-19 00:00:00-04:00,173.98311743472928,174.39222840413828,172.68920836150778,173.82138061523438,31843400,0.0,0.0,0.0
2018-09-20 00:00:00-04:00,175.0201789857123,175.98109121070456,174.60155915945379,175.7432403564453,33295800,0.0,0.0,0.0
2018-09-21 00:00:00-04:00,176.2189165822095,176.4662762086537,174.56346964974185,174.7823028564453,38605400,0.0,0.0,0.0
2018-09-24 00:00:00-04:00,173.51467313619855,175.33512716291796,172.7998365381725,175.26840209960938,34945600,0.33,0.0,0.0
2018-09-25 00:00:00-04:00,175.19212303411214,175.64008839387097,174.59165573414063,175.50665283203125,25277500,0.0,0.0,0.0
2018-09-26 00:00:00-04:00,175.65917701628427,177.2699444232146,175.2874625795609,175.63058471679688,36210600,0.0,0.0,0.0
2018-09-27 00:00:00-04:00,176.3454105148666,177.7464912776824,176.2500931601416,177.117431640625,33113300,0.0,0.0,0.0
2018-09-28 00:00:00-04:00,176.62179339745992,177.54631639921615,176.2977376868239,177.07928466796875,28076800,0.0,0.0,0.0
2018-10-01 00:00:00-04:00,178.10864506252565,178.73770462835316,176.99350194676862,177.44146728515625,27371300,0.0,0.0,0.0
2018-10-02 00:00:00-04:00,177.28895767685776,178.404100744337,176.63132038838347,177.04115295410156,25618600,0.0,0.0,0.0
2018-10-03 00:00:00-04:00,177.78462021874145,178.20399333541255,176.95541444747917,177.2318115234375,29128700,0.0,0.0,0.0
2018-10-04 00:00:00-04:00,176.5169245244802,176.63130823305193,172.5710283482605,173.8291473388672,80557300,0.0,0.0,0.0
2018-10-05 00:00:00-04:00,173.81011136147947,174.39151229184202,170.06436056923917,171.70372009277344,83325600,0.0,0.0,0.0
2018-10-08 00:00:00-04:00,171.10329992451085,172.1707846386894,168.63471970789024,170.65533447265625,66864500,0.0,0.0,0.0
2018-10-09 00:00:00-04:00,170.7792010826923,172.53294437607687,170.36936846385632,171.20811462402344,49097900,0.0,0.0,0.0
2018-10-10 00:00:00-04:00,170.14060245480064,170.24544571675534,163.45926961462604,163.67848205566406,114471100,0.0,0.0,0.0
2018-10-11 00:00:00-04:00,163.00181396419813,165.27021892408655,159.9423068648765,161.6483917236328,143084500,0.0,0.0,0.0
2018-10-12 00:00:00-04:00,166.00407294390226,166.6617247600524,162.9159744546083,166.1470489501953,102078400,0.0,0.0,0.0
2018-10-15 00:00:00-04:00,165.5657207936644,165.88023615016533,163.5165134840811,164.13604736328125,64885300,0.0,0.0,0.0
2018-10-16 00:00:00-04:00,165.86116607172002,169.32096550331934,165.5561621259477,168.9111328125,71979700,0.0,0.0,0.0
2018-10-17 00:00:00-04:00,169.73076766346145,169.90232142985872,167.2431362470077,168.97779846191406,66987600,0.0,0.0,0.0
2018-10-18 00:00:00-04:00,168.339251189797,168.39643579157547,164.35523546975935,165.06053161621094,82486200,0.0,0.0,0.0
2018-10-19 00:00:00-04:00,166.39486222500517,167.81500918427412,164.30753749887268,164.9080047607422,82923700,0.0,0.0,0.0
2018-10-22 00:00:00-04:00,165.899232827918,167.03344226639734,164.49815229137107,165.7562713623047,52909300,0.0,0.0,0.0
2018-10-23 00:00:00-04:00,162.63957318315215,165.965950385715,160.90491112398104,165.14627075195312,77567000,0.0,0.0,0.0
2018-10-24 00:00:00-04:00,164.95564919552828,165.23204619530864,157.30212101244885,157.5880584716797,102997400,0.0,0.0,0.0
2018-10-25 00:00:00-04:00,160.03763927365696,164.01212946589365,159.32280259426065,163.03994750976562,83481100,0.0,0.0,0.0
2018-10-26 00:00:00-04:00,157.45471236466787,161.991552451501,156.53018896260608,158.8462677001953,130970900,0.0,0.0,0.0
2018-10-29 00:00:00-04:00,161.27665124807746,161.89617039468416,152.58422955653762,155.57701110839844,111871900,0.0,0.0,0.0
2018-10-30 00:00:00-04:00,155.11951072828438,158.25525357832595,154.4142001904297,158.14088439941406,92584000,0.0,0.0,0.0
2018-10-31 00:00:00-04:00,160.71434294171058,163.22104154753694,160.6380919508174,161.85809326171875,73828600,0.0,0.0,0.0
2018-11-01 00:00:00-04:00,162.09633647223575,164.16459506098812,160.86680951189948,163.99302673339844,52706800,0.0,0.0,0.0
2018-11-02 00:00:00-04:00,163.48785156156262,164.4600331523922,160.33304252885935,161.43865966796875,75966800,0.0,0.0,0.0
2018-11-05 00:00:00-05:00,161.64843036280124,161.7056149785044,159.24657469952825,161.03843688964844,39573500,0.0,0.0,0.0
2018-11-06 00:00:00-05:00,161.0479163992154,163.16383383080117,160.80963754019348,162.2583770751953,34410400,0.0,0.0,0.0
2018-11-07 00:00:00-05:00,164.20272340722025,167.34800720214844,163.81194259457618,167.34800720214844,51169600,0.0,0.0,0.0
2018-11-08 00:00:00-05:00,166.56647113088147,167.08116168098127,165.4894604304678,166.28054809570312,40296500,0.0,0.0,0.0
2018-11-09 00:00:00-05:00,164.72694192660921,165.12724866301002,162.18212546731218,163.47836303710938,50602700,0.0,0.0,0.0
2018-11-12 00:00:00-05:00,162.33462833709405,162.63961771461013,158.388716463189,158.5316925048828,62578400,0.0,0.0,0.0
2018-11-13 00:00:00-05:00,159.2751086059317,161.53398735829157,158.21714997317085,158.6651153564453,64128100,0.0,0.0,0.0
2018-11-14 00:00:00-05:00,160.23774591977588,160.79055456084657,156.54919421677104,157.45465087890625,75270700,0.0,0.0,0.0
2018-11-15 00:00:00-05:00,157.16872696328878,160.63806651085312,155.79625297473623,160.20916748046875,73254300,0.0,0.0,0.0
2018-11-16 00:00:00-05:00,158.64601572253255,160.41881050465267,158.0074303095354,159.64678955078125,65390700,0.0,0.0,0.0
2018-11-19 00:00:00-05:00,158.8843856249526,159.07500585788634,153.96630508094813,154.46192932128906,67280500,0.0,0.0,0.0
2018-11-20 00:00:00-05:00,150.94487617397948,153.8137627393831,149.76302242544472,151.69784545898438,102652800,0.0,0.0,0.0
2018-11-21 00:00:00-05:00,153.7852296630475,154.37615676487528,151.76461441529574,152.85116577148438,42965800,0.0,0.0,0.0
2018-11-23 00:00:00-05:00,151.63111492769545,153.299066761448,151.63111492769545,151.74549865722656,23503700,0.0,0.0,0.0
2018-11-26 00:00:00-05:00,153.87093072060765,155.3291959127012,153.22280477779674,155.25294494628906,42012600,0.0,0.0,0.0
2018-11-27 00:00:00-05:00,154.4047025899236,156.16797198623763,153.6231409416671,155.77719116210938,36608100,0.0,0.0,0.0
2018-11-28 00:00:00-05:00,156.9018454584951,160.79055786132812,155.80576861499893,160.79055786132812,70141000,0.0,0.0,0.0
2018-11-29 00:00:00-05:00,160.11393097962704,161.32437759329906,158.99878722140852,160.26641845703125,44885700,0.0,0.0,0.0
2018-11-30 00:00:00-05:00,160.48557848779416,161.5244708013898,159.6849504849418,161.4291534423828,36722800,0.0,0.0,0.0
2018-12-03 00:00:00-05:00,164.99377967541486,165.1843998146193,161.56255899619728,164.25035095214844,50771700,0.0,0.0,0.0
2018-12-04 00:00:00-05:00,163.39255192600038,163.85005774971583,157.75965145159,157.9502716064453,70594700,0.0,0.0,0.0
2018-12-06 00:00:00-05:00,154.76691413056284,159.08452658902385,154.18551303903064,159.06546020507812,71715500,0.0,0.0,0.0
2018-12-07 00:00:00-05:00,158.3696568857722,159.28463951699047,153.31814240394004,153.8137664794922,80432200,0.0,0.0,0.0
2018-12-10 00:00:00-05:00,153.52784028407578,156.10124912145577,151.93613920857265,155.42454528808594,73960800,0.0,0.0,0.0
2018-12-11 00:00:00-05:00,157.9598089500964,157.99794170985717,154.6239050969747,155.939208984375,59058300,0.0,0.0,0.0
2018-12-12 00:00:00-05:00,158.21716330380096,159.74215382769862,157.22592964363872,157.31170654296875,53780000,0.0,0.0,0.0
2018-12-13 00:00:00-05:00,158.3410367404072,158.99868857159052,156.33948895362175,157.3593292236328,46378500,0.0,0.0,0.0
2018-12-14 00:00:00-05:00,155.55798796956586,156.12984854653067,153.1656587442561,153.52784729003906,56547400,0.0,0.0,0.0
2018-12-17 00:00:00-05:00,152.8701937194656,154.0901803900586,148.8480451655645,150.04896545410156,74834100,0.0,0.0,0.0
2018-12-18 00:00:00-05:00,151.211750919865,152.4508038364742,149.67723455907552,150.99253845214844,63642100,0.0,0.0,0.0
2018-12-19 00:00:00-05:00,150.76376165868552,153.1846825122004,146.15068738822265,147.28489685058594,81856500,0.0,0.0,0.0
2018-12-20 00:00:00-05:00,146.9227280259277,148.56208762086436,143.33901948113328,145.14993286132812,99002100,0.0,0.0,0.0
2018-12-21 00:00:00-05:00,145.87426590723663,146.86549919137957,139.8410457054422,140.6511993408203,141129400,0.0,0.0,0.0
2018-12-24 00:00:00-05:00,139.62943530992285,141.44552972074598,137.1251333237363,137.16336059570312,56163300,0.421,0.0,0.0
2018-12-26 00:00:00-05:00,138.67360139005768,145.80417671648632,137.72731227094897,145.72772216796875,98982100,0.0,0.0,0.0
2018-12-27 00:00:00-05:00,143.73000672031404,146.41592133822692,140.5852918670806,146.2916717529297,85824300,0.0,0.0,0.0
2018-12-28 00:00:00-05:00,147.34303546199013,148.71945024752657,145.02034645014075,146.21514892578125,77856600,0.0,0.0,0.0
2018-12-31 00:00:00-05:00,147.64896022772237,148.13643454675594,145.96668304194344,147.44822692871094,53015300,0.0,0.0,0.0
2019-01-02 00:00:00-05:00,144.322607248427,148.8724104984564,144.2174640316094,148.04083251953125,58576700,0.0,0.0,0.0
2019-01-03 00:00:00-05:00,145.86154034542182,146.49238517679825,142.88887021857158,143.2042999267578,74820200,0.0,0.0,0.0
2019-01-04 00:00:00-05:00,145.61299696675098,150.06722511055858,145.03950039885382,149.3312225341797,74709300,0.0,0.0,0.0
2019-01-07 00:00:00-05:00,149.7039959269768,151.845087637356,149.2165216711066,151.1090850830078,52059300,0.0,0.0,0.0
2019-01-08 00:00:00-05:00,152.49510427338492,153.03994149289915,150.25843634958738,152.4759979248047,49388700,0.0,0.0,0.0
2019-01-09 00:00:00-05:00,153.0686169297648,154.38768424320008,152.42820420679234,153.71859741210938,46491700,0.0,0.0,0.0
2019-01-10 00:00:00-05:00,152.55247099697678,154.2443017447652,151.69220398378,154.1582794189453,38943400,0.0,0.0,0.0
2019-01-11 00:00:00-05:00,153.2501802853404,153.75677547994312,152.73401733442805,153.5942840576172,30176600,0.0,0.0,0.0
2019-01-14 00:00:00-05:00,152.29433244868426,152.8965176740951,151.58700400272542,152.2369842529297,30710200,0.0,0.0,0.0
2019-01-15 00:00:00-05:00,152.9347467368106,155.4199422052814,152.84872444216973,155.20965576171875,40874200,0.0,0.0,0.0
2019-01-16 00:00:00-05:00,155.46771019745844,156.54781642700195,155.12360646145297,155.18096923828125,33812200,0.0,0.0,0.0
2019-01-17 00:00:00-05:00,154.68396092606267,157.1022407746182,154.4354471790358,156.40447998046875,39329000,0.0,0.0,0.0
2019-01-18 00:00:00-05:00,157.50371005694677,158.6889598876979,156.58610951733098,157.9529571533203,57183200,0.0,0.0,0.0
2019-01-22 00:00:00-05:00,156.815504794518,156.89197393817287,153.66122189749413,154.78912353515625,56711700,0.0,0.0,0.0
2019-01-23 00:00:00-05:00,155.58243921159308,156.28975310625947,153.24062873507293,154.98980712890625,38106100,0.0,0.0,0.0
2019-01-24 00:00:00-05:00,155.49641192028798,156.22286137258538,154.9037943860415,155.9934539794922,32417800,0.0,0.0,0.0
2019-01-25 00:00:00-05:00,157.2455767103072,158.33523610767116,156.7103074744081,157.85731506347656,36515900,0.0,0.0,0.0
2019-01-28 00:00:00-05:00,155.82138737707533,155.91696283862578,154.60746379393683,155.90740966796875,33491200,0.0,0.0,0.0
2019-01-29 00:00:00-05:00,155.99345302054616,156.03169487832432,153.88104980565595,154.43544006347656,30784200,0.0,0.0,0.0
2019-01-30 00:00:00-05:00,156.18463325804805,158.93746387742019,155.69715891294956,158.36395263671875,41346500,0.0,0.0,0.0
2019-01-31 00:00:00-05:00,159.33894531363939,161.5278328540535,159.1191056176369,160.73448181152344,37258400,0.0,0.0,0.0
2019-02-01 00:00:00-05:00,159.94110497479326,161.15502886433697,159.61612207050504,160.05580139160156,32143700,0.0,0.0,0.0
2019-02-04 00:00:00-05:00,160.08445058977605,162.04393005371094,159.94108009107134,162.04393005371094,26718800,0.0,0.0,0.0
2019-02-05 00:00:00-05:00,162.26379825352484,163.66888772823614,162.19689687068004,163.47772216796875,28156400,0.0,0.0,0.0
2019-02-06 00:00:00-05:00,163.51595056117682,163.80269158545858,162.25423171435247,162.990234375,27970000,0.0,0.0,0.0
2019-02-07 00:00:00-05:00,161.5660225811483,161.9674745963995,159.57786884966893,160.8013458251953,42036200,0.0,0.0,0.0
2019-02-08 00:00:00-05:00,159.3962715541221,161.1454648763573,159.21467375159273,161.11679077148438,29020700,0.0,0.0,0.0
2019-02-11 00:00:00-05:00,161.69986997810818,162.0917688938215,160.56241509762248,160.9638671875,21434100,0.0,0.0,0.0
2019-02-12 00:00:00-05:00,162.13954644814595,163.58286318121276,161.85279081915994,163.34390258789062,29722100,0.0,0.0,0.0
2019-02-13 00:00:00-05:00,164.0703261394785,164.55781505037749,163.27698985957667,163.45858764648438,26094100,0.0,0.0,0.0
2019-02-14 00:00:00-05:00,162.87551934300345,164.24238139318197,162.33069682537678,163.65931701660156,30326800,0.0,0.0,0.0
2019-02-15 00:00:00-05:00,164.90187855598793,164.9401058215201,163.5828118277445,164.3474884033203,32521700,0.0,0.0,0.0
2019-02-19 00:00:00-05:00,163.84093770710066,165.16955796581803,163.81226360392662,164.67251586914062,19487700,0.0,0.0,0.0
2019-02-20 00:00:00-05:00,164.78719985075782,165.4371801719951,163.75490304437318,164.64382934570312,32593000,0.0,0.0,0.0
2019-02-21 00:00:00-05:00,164.2041479405232,164.6533950037559,163.1718510558571,164.04165649414062,25207400,0.0,0.0,0.0
2019-02-22 00:00:00-05:00,164.3953324284625,165.37028113257563,164.30929553163153,165.25558471679688,27735400,0.0,0.0,0.0
2019-02-25 00:00:00-05:00,166.51729107936964,166.94741719111676,165.7430465762299,165.85775756835938,32608800,0.0,0.0,0.0
2019-02-26 00:00:00-05:00,165.4563038004681,166.55551658380918,165.17910137284582,166.02980041503906,21939700,0.0,0.0,0.0
2019-02-27 00:00:00-05:00,165.26508821953172,166.1253548343108,164.17542884213893,165.92462158203125,25162000,0.0,0.0,0.0
2019-02-28 00:00:00-05:00,165.40851054419096,166.1349454311057,165.07395991002207,165.54232788085938,25085500,0.0,0.0,0.0
2019-03-01 00:00:00-05:00,166.7371260846627,166.93784479156494,165.5327555032676,166.6893310546875,31431200,0.0,0.0,0.0
2019-03-04 00:00:00-05:00,167.78857167812873,168.02753228268543,164.8541430383714,166.71803283691406,38063500,0.0,0.0,0.0
2019-03-05 00:00:00-05:00,166.84222412109375,167.35837238401953,166.02019941718123,166.84222412109375,22319900,0.0,0.0,0.0
2019-03-06 00:00:00-05:00,167.00474599968257,167.03342009813593,165.62833093394434,165.89596557617188,27194600,0.0,0.0,0.0
2019-03-07 00:00:00-05:00,165.4754222851838,165.5327704923488,163.24830786863106,163.86004638671875,39407400,0.0,0.0,0.0
2019-03-08 00:00:00-05:00,162.02479453228307,163.69751826315465,161.86230312005478,163.6114959716797,39303200,0.0,0.0,0.0
2019-03-11 00:00:00-04:00,164.29017107471986,167.1290237322708,164.26149697393615,167.01431274414062,30518400,0.0,0.0,0.0
2019-03-12 00:00:00-04:00,167.45402462294763,168.36207194383215,167.052572583767,167.93194580078125,33953500,0.0,0.0,0.0
2019-03-13 00:00:00-04:00,168.8017193423576,170.0729764903845,168.562758819271,169.193603515625,42426100,0.0,0.0,0.0
2019-03-14 00:00:00-04:00,169.3083275699652,169.50904625727503,168.8590805850417,168.90687561035156,23751500,0.0,0.0,0.0
2019-03-15 00:00:00-04:00,169.56644059049918,170.98109788261237,169.4517441665433,170.47450256347656,38192000,0.0,0.0,0.0
2019-03-18 00:00:00-04:00,170.40165654905704,171.39754967588527,170.056926560776,170.8804473876953,32935100,0.324,0.0,0.0
2019-03-19 00:00:00-04:00,171.5795385924272,172.36476285899167,170.72729118275277,171.45506286621094,36893300,0.0,0.0,0.0
2019-03-20 00:00:00-04:00,171.46459860143173,173.18824880225344,170.6793891058868,172.13490295410156,50105000,0.0,0.0,0.0
2019-03-21 00:00:00-04:00,171.61783923336975,175.0747106771811,171.59868350302827,174.82574462890625,42428500,0.0,0.0,0.0
2019-03-22 00:00:00-04:00,174.06920845553097,174.53842877078407,170.8038511979676,170.9857940673828,70794500,0.0,0.0,0.0
2019-03-25 00:00:00-04:00,170.36339975085755,171.25394390648805,169.4249589662621,170.66024780273438,46336500,0.0,0.0,0.0
2019-03-26 00:00:00-04:00,171.98173589725516,173.02549678779786,170.5836597249871,171.45506286621094,33248100,0.0,0.0,0.0
2019-03-27 00:00:00-04:00,171.71361539048704,172.09664235509828,169.10899111881275,170.3538360595703,37096700,0.0,0.0,0.0
2019-03-28 00:00:00-04:00,170.79432672463065,171.38802289109304,169.72183955642973,170.74644470214844,30368200,0.0,0.0,0.0
2019-03-29 00:00:00-04:00,172.06789559987584,172.20195648270058,171.01454965515268,172.03916931152344,35205500,0.0,0.0,0.0
2019-04-01 00:00:00-04:00,173.81065910825072,174.52884542457653,173.1020579608602,174.31817626953125,30969500,0.0,0.0,0.0
2019-04-02 00:00:00-04:00,174.5097522922567,175.15133049119558,174.06925813471705,174.9789581298828,22645200,0.0,0.0,0.0
2019-04-03 00:00:00-04:00,175.96521927353493,177.0760176238994,175.43856099381935,175.984375,31633500,0.0,0.0,0.0
2019-04-04 00:00:00-04:00,176.03226353841288,176.6738415891732,174.90230941967985,175.9173583984375,28530800,0.0,0.0,0.0
2019-04-05 00:00:00-04:00,176.42484383809932,176.93236093039175,176.21417471169082,176.8270263671875,25674700,0.0,0.0,0.0
2019-04-08 00:00:00-04:00,176.53983360733878,177.42080737131664,175.84080277718496,177.2771759033203,22697500,0.0,0.0,0.0
2019-04-09 00:00:00-04:00,176.67384933153053,177.25797483790123,176.28123727069104,176.65469360351562,25631900,0.0,0.0,0.0
2019-04-10 00:00:00-04:00,176.88449012742402,177.66012895488984,176.6929767126174,177.60267639160156,24563000,0.0,0.0,0.0
2019-04-11 00:00:00-04:00,177.89952170260256,177.89952170260256,176.8557611877869,177.18133544921875,20654100,0.0,0.0,0.0
2019-04-12 00:00:00-04:00,177.9665891995375,178.0623386157482,177.21009137031533,177.9474334716797,24989100,0.0,0.0,0.0
2019-04-15 00:00:00-04:00,177.9570100429793,178.17726439193854,176.78875900034382,177.97616577148438,21073000,0.0,0.0,0.0
2019-04-16 00:00:00-04:00,178.62731662133194,178.9816318511034,178.04319109283287,178.58901977539062,27195700,0.0,0.0,0.0
2019-04-17 00:00:00-04:00,179.78595008325274,179.95830776220538,178.68473705918146,179.21139526367188,29651600,0.0,0.0,0.0
2019-04-18 00:00:00-04:00,179.50833719539494,179.82432641316248,178.3879533407765,179.44129943847656,28580900,0.0,0.0,0.0
2019-04-22 00:00:00-04:00,178.65604953791353,180.01581398694407,178.52197405425974,179.9487762451172,17936000,0.0,0.0,0.0
2019-04-23 00:00:00-04:00,180.40842653868629,182.4576512477505,180.1498899425225,182.23741149902344,33665600,0.0,0.0,0.0
2019-04-24 00:00:00-04:00,182.39065995270045,182.6204849120637,181.6054356335332,181.66290283203125,24977100,0.0,0.0,0.0
2019-04-25 00:00:00-04:00,183.02264456001217,183.10882342958087,181.4138992703577,182.40020751953125,29517500,0.0,0.0,0.0
2019-04-26 00:00:00-04:00,182.11287794375286,182.60125395476538,180.59032657050233,182.5629425048828,26359500,0.0,0.0,0.0
2019-04-29 00:00:00-04:00,182.56298212688608,183.2045748536011,182.26613407778697,182.91729736328125,21716200,0.0,0.0,0.0
2019-04-30 00:00:00-04:00,181.44257795294018,181.79689312076962,180.22645970400438,181.50003051757812,31495300,0.0,0.0,0.0
2019-05-01 00:00:00-04:00,182.68748707907076,183.20458952536615,180.79147886958407,180.91595458984375,34797100,0.0,0.0,0.0
2019-05-02 00:00:00-04:00,180.85846366992524,181.7969043219567,178.9433001357947,180.13070678710938,44110100,0.0,0.0,0.0
2019-05-03 00:00:00-04:00,181.6245738624937,183.13755515651815,181.29899949342987,183.0034942626953,30386200,0.0,0.0,0.0
2019-05-06 00:00:00-04:00,179.11569140185003,182.13206844261538,178.83798447755905,181.8831024169922,38371800,0.0,0.0,0.0
2019-05-07 00:00:00-04:00,179.90089053360995,180.66695890632198,176.68341505745067,178.3400421142578,58818100,0.0,0.0,0.0
2019-05-08 00:00:00-04:00,177.75590800920816,179.2305775006917,177.11432997897234,177.8899688720703,37165300,0.0,0.0,0.0
2019-05-09 00:00:00-04:00,175.90776879491594,177.5452400559822,174.36606155577434,176.93238830566406,55351700,0.0,0.0,0.0
2019-05-10 00:00:00-04:00,176.30038644624497,178.0048808877394,173.3510327377558,177.1526336669922,58526400,0.0,0.0,0.0
2019-05-13 00:00:00-04:00,172.64243120218214,173.57128679732043,170.50702769500126,171.00497436523438,67185800,0.0,0.0,0.0
2019-05-14 00:00:00-04:00,171.90509771253465,173.92559599943024,171.27309018509865,172.88182067871094,43360600,0.0,0.0,0.0
2019-05-15 00:00:00-04:00,171.74227757907622,175.76411765250205,171.70396612998968,175.32362365722656,40944500,0.0,0.0,0.0
2019-05-16 00:00:00-04:00,175.40027815006388,178.1772744789252,175.1896089592006,177.0856170654297,39281200,0.0,0.0,0.0
2019-05-17 00:00:00-04:00,175.3332392783377,177.7080381303925,175.12257010638112,175.27577209472656,44702300,0.0,0.0,0.0
2019-05-20 00:00:00-04:00,172.83392052049427,173.49463959773502,171.73269283535302,172.3168182373047,38608300,0.0,0.0,0.0
2019-05-21 00:00:00-04:00,173.80113790133623,174.59593273713512,173.2457385722885,174.1171417236328,31613800,0.0,0.0,0.0
2019-05-22 00:00:00-04:00,173.1499782281915,174.34695568653854,173.08294047698425,173.34149169921875,24332600,0.0,0.0,0.0
2019-05-23 00:00:00-04:00,171.3496833405553,171.42629163512805,169.6260332415131,170.68894958496094,45351300,0.0,0.0,0.0
2019-05-24 00:00:00-04:00,171.60827774945867,172.2211296489267,170.39214451042892,170.60281372070312,25903300,0.0,0.0,0.0
2019-05-28 00:00:00-04:00,171.08159655731112,172.0391785177418,169.94207168655205,169.9612274169922,24763800,0.0,0.0,0.0
2019-05-29 00:00:00-04:00,168.90785564797758,169.49198113919002,167.66299636702038,168.56312561035156,42178800,0.0,0.0,0.0
2019-05-30 00:00:00-04:00,169.01319258970312,169.75053468826593,168.31416194671036,169.27174377441406,30354800,0.0,0.0,0.0
2019-05-31 00:00:00-04:00,167.27999653257683,167.8545369471555,166.49477230431563,166.57138061523438,45446200,0.0,0.0,0.0
2019-06-03 00:00:00-04:00,166.12129953607695,166.57136418612092,162.08988802594664,162.90382385253906,75842300,0.0,0.0,0.0
2019-06-04 00:00:00-04:00,164.73276091174398,167.54805314389395,164.10075355115205,167.4906005859375,47797800,0.0,0.0,0.0
2019-06-05 00:00:00-04:00,169.0897894682284,169.11851575219606,166.98311251188238,168.73548889160156,34412700,0.0,0.0,0.0
2019-06-06 00:00:00-04:00,169.02274980909164,170.48784872093427,168.27583721134985,170.0760955810547,29913200,0.0,0.0,0.0
2019-06-07 00:00:00-04:00,170.98582712495121,174.05967155008412,170.7655873722285,173.36062622070312,45888300,0.0,0.0,0.0
2019-06-10 00:00:00-04:00,174.51930091082852,177.0090196902493,174.48100406398615,175.38111877441406,41385300,0.0,0.0,0.0
2019-06-11 00:00:00-04:00,177.21008797355455,177.53566228320085,175.02680260886697,175.62049865722656,41260300,0.0,0.0,0.0
2019-06-12 00:00:00-04:00,175.14174285247813,175.50562869003537,174.27992489268053,174.60549926757812,27758100,0.0,0.0,0.0
2019-06-13 00:00:00-04:00,175.33322986571977,176.07055731644573,174.9884998402555,175.6396484375,23715800,0.0,0.0,0.0
2019-06-14 00:00:00-04:00,174.73951412570332,175.34279530554207,174.22242640836868,174.89273071289062,22844100,0.0,0.0,0.0
2019-06-17 00:00:00-04:00,175.2757413267218,176.43442156908745,175.084227916254,175.94606018066406,20379500,0.0,0.0,0.0
2019-06-18 00:00:00-04:00,178.02406242234395,179.75728340028027,177.5644125696722,178.5028533935547,48177300,0.0,0.0,0.0
2019-06-19 00:00:00-04:00,178.74220212285192,179.57529351914118,177.69844158541463,179.17311096191406,31672900,0.0,0.0,0.0
2019-06-20 00:00:00-04:00,181.67241642386563,181.7107132659789,179.22100940554134,180.83932495117188,40922000,0.0,0.0,0.0
2019-06-21 00:00:00-04:00,180.62869586781926,181.72033875448636,180.18820172232054,180.5712432861328,39980400,0.0,0.0,0.0
2019-06-24 00:00:00-04:00,180.932049272024,181.11439442299684,180.48098957556837,180.57696533203125,19375200,0.416,0.0,0.0
2019-06-25 00:00:00-04:00,180.45219979978086,180.55776727436537,177.20841252967918,177.4771270751953,33921100,0.0,0.0,0.0
2019-06-26 00:00:00-04:00,178.65757357178248,179.7804196710262,178.0145769838657,178.30247497558594,22595700,0.0,0.0,0.0
2019-06-27 00:00:00-04:00,178.94548994154562,179.4061413817557,178.49443021997803,178.98387145996094,19709200,0.0,0.0,0.0
2019-06-28 00:00:00-04:00,179.41571620149824,179.6076530631871,178.5711910812985,179.2141876220703,21179200,0.0,0.0,0.0
2019-07-01 00:00:00-04:00,182.64992264614966,182.8898473986942,180.78810422338893,181.63262939453125,31025600,0.0,0.0,0.0
2019-07-02 00:00:00-04:00,181.57509346757502,182.37164559486305,181.0568623207307,182.35244750976562,18035800,0.0,0.0,0.0
2019-07-03 00:00:00-04:00,182.81305092572276,183.72476196289062,182.62109942834576,183.72476196289062,15792100,0.0,0.0,0.0
2019-07-05 00:00:00-04:00,182.4675578887262,183.68636495714787,181.7573754257051,183.35047912597656,21415600,0.0,0.0,0.0
2019-07-08 00:00:00-04:00,182.1604752793452,182.21805487962766,181.31593542494798,182.06451416015625,17598800,0.0,0.0,0.0
2019-07-09 00:00:00-04:00,181.20076257239893,183.2065299316288,181.0472072206512,182.97621154785156,19193500,0.0,0.0,0.0
2019-07-10 00:00:00-04:00,184.08946895386526,185.30827613860768,183.75356844679305,184.7996368408203,28374500,0.0,0.0,0.0
2019-07-11 00:00:00-04:00,185.07794610259003,185.54818921028158,184.0798510062385,184.66526794433594,23736100,0.0,0.0,0.0
2019-07-12 00:00:00-04:00,184.8668066194879,185.7401215025194,184.69405320004824,185.73052978515625,20211900,0.0,0.0,0.0
2019-07-15 00:00:00-04:00,186.16242969040874,186.36397294726976,185.64419861309608,186.32557678222656,15606100,0.0,0.0,0.0
2019-07-16 00:00:00-04:00,186.0952099754642,186.26794874170096,184.79961065331852,185.36582946777344,20190900,0.0,0.0,0.0
2019-07-17 00:00:00-04:00,185.36582780387624,185.69213654357637,184.43491874393203,184.45411682128906,16765100,0.0,0.0,0.0
2019-07-18 00:00:00-04:00,183.58080345806272,185.02035186546527,183.0049928814079,184.66526794433594,28877000,0.0,0.0,0.0
2019-07-19 00:00:00-04:00,185.93207664466973,186.0184460341607,183.12015115476754,183.3120880126953,29387900,0.0,0.0,0.0
2019-07-22 00:00:00-04:00,183.72477513185382,185.16432360230544,183.72477513185382,184.77084350585938,18954900,0.0,0.0,0.0
2019-07-23 00:00:00-04:00,185.77849769524508,185.99922432162367,184.54047802780664,185.9800262451172,23786700,0.0,0.0,0.0
2019-07-24 00:00:00-04:00,185.26988875564822,187.29485416447744,185.25069067600623,187.28524780273438,20422900,0.0,0.0,0.0
2019-07-25 00:00:00-04:00,186.65180944555465,186.68059923566608,185.15466714055844,185.509765625,23434700,0.0,0.0,0.0
2019-07-26 00:00:00-04:00,186.6902355104539,187.6691325394075,186.594259757948,187.4196014404297,20431200,0.0,0.0,0.0
2019-07-29 00:00:00-04:00,187.24689969584858,187.31407102081408,185.596216004381,186.77664184570312,20451700,0.0,0.0,0.0
2019-07-30 00:00:00-04:00,185.34667573998604,186.69984022390932,185.21231846343179,185.97047424316406,18705000,0.0,0.0,0.0
2019-07-31 00:00:00-04:00,186.46951712279585,186.594268033974,181.6902202416711,183.3984832763672,41627500,0.0,0.0,0.0
2019-08-01 00:00:00-04:00,183.715138172201,187.12207191361327,181.60380369595063,182.48672485351562,63251600,0.0,0.0,0.0
2019-08-02 00:00:00-04:00,181.11438921467683,181.37351203459949,178.70555009271143,179.7996063232422,55214000,0.0,0.0,0.0
2019-08-05 00:00:00-04:00,176.03761121432925,176.1143889049686,171.97808783726097,173.44642639160156,75040000,0.0,0.0,0.0
2019-08-06 00:00:00-04:00,175.04907850268626,176.39266578737127,173.77269181580857,175.87442016601562,41897200,0.0,0.0,0.0
2019-08-07 00:00:00-04:00,173.9646703141629,177.07408621121866,172.64028079128536,176.82456970214844,49990600,0.0,0.0,0.0
2019-08-08 00:00:00-04:00,177.62107707477912,180.73050683342655,177.1316358995564,180.67291259765625,38418100,0.0,0.0,0.0
2019-08-09 00:00:00-04:00,179.80923779441915,180.42344467991606,177.57313696213512,178.97430419921875,33608900,0.0,0.0,0.0
2019-08-12 00:00:00-04:00,177.87057892672183,178.40800793240192,176.1047365812467,176.9204864501953,24642900,0.0,0.0,0.0
2019-08-13 00:00:00-04:00,176.76698091162126,182.03571963848822,176.60383382064643,180.79771423339844,40241900,0.0,0.0,0.0
2019-08-14 00:00:00-04:00,177.88981566101373,178.45603458334026,175.0682981242066,175.39459228515625,51000500,0.0,0.0,0.0
2019-08-15 00:00:00-04:00,175.62491581754216,176.19113470920718,173.85907318395402,175.19305419921875,36685000,0.0,0.0,0.0
2019-08-16 00:00:00-04:00,176.78616712439924,178.45603408687566,176.6805996439333,178.00497436523438,32781400,0.0,0.0,0.0
2019-08-19 00:00:00-04:00,180.5769514067639,181.21994792271593,179.94354660818072,180.8360595703125,22494100,0.0,0.0,0.0
2019-08-20 00:00:00-04:00,180.38499785700824,181.03758602992903,179.38690287698097,179.4348907470703,19902900,0.0,0.0,0.0
2019-08-21 00:00:00-04:00,181.00880180053545,181.60381040517532,180.3850034017254,181.0279998779297,20418500,0.0,0.0,0.0
2019-08-22 00:00:00-04:00,181.36391454202402,181.8245806097128,179.02224661806267,180.44261169433594,24243700,0.0,0.0,0.0
2019-08-23 00:00:00-04:00,179.2142149072733,180.85529216498597,174.24296596275374,174.732421875,55372400,0.0,0.0,0.0
2019-08-26 00:00:00-04:00,176.71894866973432,177.4195247419169,175.70167021438476,177.37155151367188,27598900,0.0,0.0,0.0
2019-08-27 00:00:00-04:00,178.60958591037726,178.90709026474875,176.30631411072812,176.99728393554688,28012800,0.0,0.0,0.0
2019-08-28 00:00:00-04:00,176.42149116646308,177.9282111715968,175.53856973242583,177.63070678710938,21792400,0.0,0.0,0.0
2019-08-29 00:00:00-04:00,179.83800982955532,180.86489487313986,179.15661704016748,180.34664916992188,25358900,0.0,0.0,0.0
2019-08-30 00:00:00-04:00,181.31594743437128,181.35434359966638,178.89751619925119,179.914794921875,26319800,0.0,0.0,0.0
2019-09-03 00:00:00-04:00,178.71517212666274,179.6364750855811,177.57312782555132,178.1681365966797,27964200,0.0,0.0,0.0
2019-09-04 00:00:00-04:00,179.88593523043224,180.89362184214846,179.3676897072224,180.7400665283203,21592100,0.0,0.0,0.0
2019-09-05 00:00:00-04:00,182.73630338624983,184.5789238429147,182.66911742232116,184.05108642578125,33932600,0.0,0.0,0.0
2019-09-06 00:00:00-04:00,184.35818450173164,184.42535581720358,183.46565681332962,183.8687286376953,19487800,0.0,0.0,0.0
2019-09-09 00:00:00-04:00,184.4445623289943,184.52134001007528,182.5539540334304,183.48486328125,24407600,0.0,0.0,0.0
2019-09-10 00:00:00-04:00,182.49639501419955,183.05302228192508,181.2967710692343,182.95704650878906,23744700,0.0,0.0,0.0
2019-09-11 00:00:00-04:00,183.302548661131,184.77088727732755,182.8802786667494,184.67491149902344,25063600,0.0,0.0,0.0
2019-09-12 00:00:00-04:00,185.80728666835265,186.86296121392638,185.1930800174302,185.44259643554688,28689900,0.0,0.0,0.0
2019-09-13 00:00:00-04:00,185.17390610224902,185.6057676931173,184.54050129225897,184.78042602539062,27669800,0.0,0.0,0.0
2019-09-16 00:00:00-04:00,183.5904481864286,184.33901234320615,183.40810300703595,183.9551239013672,20319000,0.0,0.0,0.0
2019-09-17 00:00:00-04:00,183.97430528006305,184.83804321289062,183.58082515434756,184.83804321289062,20953400,0.0,0.0,0.0
2019-09-18 00:00:00-04:00,184.45415026829676,184.83803866583597,182.44838281413138,184.76126098632812,29781300,0.0,0.0,0.0
2019-09-19 00:00:00-04:00,185.08757271645024,186.22001064807088,184.71329064571248,185.06837463378906,26039400,0.0,0.0,0.0
2019-09-20 00:00:00-04:00,185.32751377904813,185.5194506909842,182.49640405741005,183.11061096191406,29086100,0.0,0.0,0.0
2019-09-23 00:00:00-04:00,183.05671699164714,183.73948384217155,182.44127158940896,183.19134521484375,22485900,0.384,0.0,0.0
2019-09-24 00:00:00-04:00,184.02797400569509,184.43185870073194,179.969875585031,180.7584228515625,40820700,0.0,0.0,0.0
2019-09-25 00:00:00-04:00,180.5756531490564,183.2682316088357,179.06589521691896,182.78741455078125,34704900,0.0,0.0,0.0
2019-09-26 00:00:00-04:00,182.54705137273652,182.71052745228346,180.76802194661397,182.11431884765625,26826000,0.0,0.0,0.0
2019-09-27 00:00:00-04:00,182.45084038299447,182.54700966587401,178.62354063302232,179.85443115234375,40773500,0.0,0.0,0.0
2019-09-30 00:00:00-04:00,180.5853062329242,181.85467060480818,180.21026942729952,181.56617736816406,26307700,0.0,0.0,0.0
2019-10-01 00:00:00-04:00,182.22970657284932,183.2778844769089,179.78716181702353,180.08526611328125,32367600,0.0,0.0,0.0
2019-10-02 00:00:00-04:00,178.86399946409773,178.89284732239923,175.99833304359473,176.9888153076172,48544300,0.0,0.0,0.0
2019-10-03 00:00:00-04:00,176.96954761062617,179.06591787921025,174.84434416215163,178.93128967285156,39392500,0.0,0.0,0.0
2019-10-04 00:00:00-04:00,179.90255406868783,181.82582274848133,179.7102301353836,181.56617736816406,31887600,0.0,0.0,0.0
2019-10-07 00:00:00-04:00,181.0468990034249,182.46050263916072,180.70071005848192,181.01805114746094,21216000,0.0,0.0,0.0
2019-10-08 00:00:00-04:00,179.88332368317654,180.6526341171821,178.16200460971038,178.30624389648438,32379300,0.0,0.0,0.0
2019-10-09 00:00:00-04:00,179.815985370114,180.86416313250666,179.2774578893965,180.04676818847656,20147400,0.0,0.0,0.0
2019-10-10 00:00:00-04:00,180.09486474319561,182.16237255241103,179.9409997385297,181.44114685058594,25177700,0.0,0.0,0.0
2019-10-11 00:00:00-04:00,183.50869763855286,185.23964252459825,183.40291726570072,183.7779541015625,40976700,0.0,0.0,0.0
2019-10-14 00:00:00-04:00,183.5182736924798,184.34527972064362,183.33556084028243,183.75868225097656,14975000,0.0,0.0,0.0
2019-10-15 00:00:00-04:00,184.32607108931563,186.5282220386867,184.210679659087,186.09548950195312,23234200,0.0,0.0,0.0
2019-10-16 00:00:00-04:00,185.46077823821486,186.10507141169577,185.0472678890412,185.6338653564453,20457100,0.0,0.0,0.0
2019-10-17 00:00:00-04:00,186.74941568221357,187.037908964907,185.41274432333265,186.12435913085938,19045200,0.0,0.0,0.0
2019-10-18 00:00:00-04:00,185.7877867228123,186.23975612203984,183.3933261539031,184.33572387695312,27700800,0.0,0.0,0.0
2019-10-21 00:00:00-04:00,185.31655469552777,186.09547614039732,184.76841609454544,185.970458984375,15801200,0.0,0.0,0.0
2019-10-22 00:00:00-04:00,186.70129489763772,186.96094026916026,184.43183734541768,184.4895477294922,22392300,0.0,0.0,0.0
2019-10-23 00:00:00-04:00,184.11456095950294,184.88385687567578,183.81644191760006,184.84539794921875,14828400,0.0,0.0,0.0
2019-10-24 00:00:00-04:00,186.16278330691557,186.75900655943067,185.34540294412292,186.6436004638672,18998500,0.0,0.0,0.0
2019-10-25 00:00:00-04:00,185.6819695348188,188.23030931714192,185.64351061784666,188.13414001464844,21507100,0.0,0.0,0.0
2019-10-28 00:00:00-04:00,189.00924112438685,190.24013196213124,189.00924112438685,189.9901123046875,18818700,0.0,0.0,0.0
2019-10-29 00:00:00-04:00,189.67272577499816,189.96120428243555,188.48990520101407,188.5187530517578,18569700,0.0,0.0,0.0
2019-10-30 00:00:00-04:00,188.88421915987018,189.74969888757255,187.79756763799566,189.43235778808594,21764300,0.0,0.0,0.0
2019-10-31 00:00:00-04:00,189.98044014629969,190.06698369810826,188.4225975202546,189.51885986328125,26801800,0.0,0.0,0.0
2019-11-01 00:00:00-04:00,190.3362804765063,191.24984485070297,190.04780190926076,191.24021911621094,22131900,0.0,0.0,0.0
2019-11-04 00:00:00-05:00,192.50957823577335,192.83653038528533,191.240213881138,192.42303466796875,19015900,0.0,0.0,0.0
2019-11-05 00:00:00-05:00,192.66342153861095,192.855745447629,191.89411122916502,192.52879333496094,15048900,0.0,0.0,0.0
2019-11-06 00:00:00-05:00,192.30769116572793,192.32692796707107,191.16334359658305,192.09613037109375,19725500,0.0,0.0,0.0
2019-11-07 00:00:00-05:00,193.05766695851074,193.98084220016673,192.1825910324734,192.74032592773438,17832400,0.0,0.0,0.0
2019-11-08 00:00:00-05:00,192.3942197316217,193.52894138821694,191.88453995168794,193.50970458984375,15258800,0.0,0.0,0.0
2019-11-11 00:00:00-05:00,192.5288048107411,193.32694834707112,192.26915944773486,193.25003051757812,10147600,0.0,0.0,0.0
2019-11-12 00:00:00-05:00,193.413495637608,194.45206235748162,193.11539137672622,193.80775451660156,14778300,0.0,0.0,0.0
2019-11-13 00:00:00-05:00,193.1346701186282,194.03860889945884,193.0096676110979,193.85589599609375,15774600,0.0,0.0,0.0
2019-11-14 00:00:00-05:00,193.12502405622757,193.82701300786104,192.53842652859544,193.70199584960938,16945400,0.0,0.0,0.0
2019-11-15 00:00:00-05:00,194.87517932140574,195.12521362304688,194.2501229140519,195.12521362304688,18427900,0.0,0.0,0.0
2019-11-18 00:00:00-05:00,194.8175186711466,195.58682916174388,194.02898605648284,195.27911376953125,18365900,0.0,0.0,0.0
2019-11-19 00:00:00-05:00,196.01955051387694,196.01955051387694,194.81750752651254,195.5675811767578,16923300,0.0,0.0,0.0
2019-11-20 00:00:00-05:00,195.057908713667,195.6445062561508,192.92307927534063,194.39437866210938,36629000,0.0,0.0,0.0
2019-11-21 00:00:00-05:00,194.18284174172297,194.31748465414418,193.3558501828673,193.961669921875,17883600,0.0,0.0,0.0
2019-11-22 00:00:00-05:00,194.44243937575519,194.55784546184557,193.03846160979205,194.08663940429688,17189600,0.0,0.0,0.0
2019-11-25 00:00:00-05:00,194.9233059899751,196.42345342971595,194.89445812947068,196.38499450683594,17752800,0.0,0.0,0.0
2019-11-26 00:00:00-05:00,196.51000535030894,197.01004469851918,196.2215120811863,196.76002502441406,14780600,0.0,0.0,0.0
2019-11-27 00:00:00-05:00,197.26969718846163,198.1447880893041,197.02928856779354,198.13516235351562,16963100,0.0,0.0,0.0
2019-11-29 00:00:00-05:00,197.63508581783285,197.9331901036559,197.13503187234338,197.231201171875,9854600,0.0,0.0,0.0
2019-12-02 00:00:00-05:00,197.24081041972875,197.3081171900823,194.03856646330578,195.21176147460938,28007000,0.0,0.0,0.0
2019-12-03 00:00:00-05:00,192.5288115388004,193.75970228094667,191.58639935077036,193.68276977539062,31104100,0.0,0.0,0.0
2019-12-04 00:00:00-05:00,194.67326098840758,195.1252303086969,194.38476774750737,194.66363525390625,15300100,0.0,0.0,0.0
2019-12-05 00:00:00-05:00,195.3559941417842,195.3559941417842,194.09625560832998,195.04827880859375,14962300,0.0,0.0,0.0
2019-12-06 00:00:00-05:00,196.47152544633008,197.2792948352332,196.31766041795518,197.1350555419922,16555300,0.0,0.0,0.0
2019-12-09 00:00:00-05:00,196.77920492619683,197.70236551241877,196.15413391159802,196.24069213867188,13984100,0.0,0.0,0.0
2019-12-10 00:00:00-05:00,196.33691593377787,197.0196828914266,195.63492685078216,196.0772705078125,21799800,0.0,0.0,0.0
2019-12-11 00:00:00-05:00,196.51959036683638,197.31774861382914,196.2118603409897,197.1157989501953,18780800,0.0,0.0,0.0
2019-12-12 00:00:00-05:00,196.91386285032556,199.36603328898818,196.64460641591458,198.58709716796875,32612000,0.0,0.0,0.0
2019-12-13 00:00:00-05:00,198.48131326064498,199.9333904417517,198.0582064951113,199.2410125732422,32519400,0.0,0.0,0.0
2019-12-16 00:00:00-05:00,200.54884828469656,201.49124584694022,200.48152683641982,201.24122619628906,21296600,0.0,0.0,0.0
2019-12-17 00:00:00-05:00,201.5008829797624,201.66437375433787,201.02006573857682,201.3566436767578,15996100,0.0,0.0,0.0
2019-12-18 00:00:00-05:00,201.52973484404973,202.06824777792636,201.2989372980839,201.510498046875,15443300,0.0,0.0,0.0
2019-12-19 00:00:00-05:00,201.59703799516552,202.83753993313138,201.57780119833706,202.77023315429688,17865900,0.0,0.0,0.0
2019-12-20 00:00:00-05:00,203.731901059647,204.36658339892995,203.1645401836421,203.58766174316406,27672600,0.0,0.0,0.0
2019-12-23 00:00:00-05:00,204.3084599436071,204.45301193413383,203.95188856351638,204.12535095214844,23774700,0.458,0.0,0.0
2019-12-24 00:00:00-05:00,204.3084835829411,204.3952147872923,203.76880314894848,204.23138427734375,7089000,0.0,0.0,0.0
2019-12-26 00:00:00-05:00,204.55901919420953,206.05278680101776,204.53010879644827,206.03350830078125,17067500,0.0,0.0,0.0
2019-12-27 00:00:00-05:00,206.75628280452744,206.77556130337925,205.31070419954835,205.8600311279297,18134100,0.0,0.0,0.0
2019-12-30 00:00:00-05:00,205.75410164879906,205.87938988239645,203.4990016751964,204.5109100341797,21815500,0.0,0.0,0.0
2019-12-31 00:00:00-05:00,203.85549814540474,205.04086850989762,203.53746908074834,204.8963165283203,18170900,0.0,0.0,0.0
2020-01-02 00:00:00-05:00,206.62136514720623,208.31752014160156,206.2166048976854,208.31752014160156,30969400,0.0,0.0,0.0
2020-01-03 00:00:00-05:00,205.56128473493177,207.65255339456047,205.54200623568926,206.4093475341797,27518900,0.0,0.0,0.0
2020-01-06 00:00:00-05:00,204.79029517361863,207.76818346595755,204.5397335180965,207.73927307128906,21655300,0.0,0.0,0.0
2020-01-07 00:00:00-05:00,207.81639787879146,208.2982574560197,207.05506621705322,207.71038818359375,22139300,0.0,0.0,0.0
2020-01-08 00:00:00-05:00,207.68146059536193,210.225678364332,207.3537996392125,209.27159118652344,26397300,0.0,0.0,0.0
2020-01-09 00:00:00-05:00,210.99664143095043,211.4495905399802,209.81127117155887,211.04483032226562,23547000,0.0,0.0,0.0
2020-01-10 00:00:00-05:00,211.8736822590969,211.89294605629414,210.1293380702935,210.50518798828125,21898500,0.0,0.0,0.0
2020-01-13 00:00:00-05:00,211.37254114483332,212.96267199725548,211.03523353119783,212.9337615966797,22756900,0.0,0.0,0.0
2020-01-14 00:00:00-05:00,212.82775825920564,213.18434438562113,211.76767589427655,212.0953369140625,24418100,0.0,0.0,0.0
2020-01-15 00:00:00-05:00,212.21097827250065,213.17469753323425,211.48818882695045,212.18206787109375,25742100,0.0,0.0,0.0
2020-01-16 00:00:00-05:00,213.24213360270775,214.25404161880957,212.78918444031157,214.21548461914062,18805000,0.0,0.0,0.0
2020-01-17 00:00:00-05:00,215.17918068801816,215.4490208360482,214.06126310035944,215.2755584716797,24325200,0.0,0.0,0.0
2020-01-21 00:00:00-05:00,214.6781068396437,215.71892545246268,214.5817437323689,215.1792449951172,21146300,0.0,0.0,0.0
2020-01-22 00:00:00-05:00,216.2682040178913,216.98134673152907,215.47794730742254,215.74778747558594,20736400,0.0,0.0,0.0
2020-01-23 00:00:00-05:00,215.62255885385602,216.53808923668507,214.62028255913776,216.44171142578125,26496100,0.0,0.0,0.0
2020-01-24 00:00:00-05:00,217.4536530476905,217.6849510063025,213.627685708651,214.6203155517578,37436500,0.0,0.0,0.0
2020-01-27 00:00:00-05:00,209.7727726308641,211.3243612503885,209.3005448926822,210.1871795654297,42264400,0.0,0.0,0.0
2020-01-28 00:00:00-05:00,211.67127432239474,213.90710981738343,211.11231544864756,213.4156036376953,26731900,0.0,0.0,0.0
2020-01-29 00:00:00-05:00,214.6010043183567,214.84193414072158,212.8181324559702,213.7625732421875,28924500,0.0,0.0,0.0
2020-01-30 00:00:00-05:00,212.38448282835571,214.62030415545016,211.7195140996986,214.52394104003906,39568100,0.0,0.0,0.0
2020-01-31 00:00:00-05:00,215.42018942923613,215.449099833898,210.3702946405632,211.12200927734375,52015800,0.0,0.0,0.0
2020-02-03 00:00:00-05:00,212.153138148339,214.80336587399313,212.00858615446927,214.31187438964844,25408600,0.0,0.0,0.0
2020-02-04 00:00:00-05:00,217.24159667116865,219.59307404921108,216.4995287137922,219.21722412109375,30691200,0.0,0.0,0.0
2020-02-05 00:00:00-05:00,221.85780899071764,221.8963512893884,218.61971181040437,219.94000244140625,38534800,0.0,0.0,0.0
2020-02-06 00:00:00-05:00,220.48931575153568,221.89635229500297,219.70870552951698,221.83853149414062,22467100,0.0,0.0,0.0
2020-02-07 00:00:00-05:00,220.84588763527864,222.07944699148595,220.24837175276227,220.88442993164062,25884900,0.0,0.0,0.0
2020-02-10 00:00:00-05:00,220.15204233655396,223.5636022361811,220.09422153057227,223.55397033691406,21478900,0.0,0.0,0.0
2020-02-11 00:00:00-05:00,224.78750060753012,225.52956849976428,223.0046142276032,223.5924835205078,30198000,0.0,0.0,0.0
2020-02-12 00:00:00-05:00,224.91279828721204,225.87651751585867,224.35383936997437,225.7705078125,24471300,0.0,0.0,0.0
2020-02-13 00:00:00-05:00,224.1996359660518,226.40654648213962,223.92979576422067,225.48138427734375,22773200,0.0,0.0,0.0
2020-02-14 00:00:00-05:00,225.83794125154884,226.33907932515902,225.07660959612997,226.12705993652344,23438500,0.0,0.0,0.0
2020-02-18 00:00:00-05:00,225.0284508197707,226.63786024516523,224.78752100090585,226.2138214111328,24394500,0.0,0.0,0.0
2020-02-19 00:00:00-05:00,227.5630039308729,228.85438404183378,227.29316374963292,228.3821563720703,22230500,0.0,0.0,0.0
2020-02-20 00:00:00-05:00,227.8810493166871,228.3532623150544,223.4672136002903,226.26199340820312,42604000,0.0,0.0,0.0
2020-02-21 00:00:00-05:00,225.13442193672867,225.5199036987592,221.00007342398285,221.9156036376953,66017200,0.0,0.0,0.0
2020-02-24 00:00:00-05:00,213.63724489831108,216.11401006546618,212.26876552896263,213.35777282714844,84522600,0.0,0.0,0.0
2020-02-25 00:00:00-05:00,215.15031007500946,215.8634675724852,206.94906502738402,207.5561981201172,97743000,0.0,0.0,0.0
2020-02-26 00:00:00-05:00,208.84761206751284,212.2880822574722,207.10326781477556,208.62594604492188,79537700,0.0,0.0,0.0
2020-02-27 00:00:00-05:00,203.2483721444078,208.5681062130514,198.04429437857868,198.17921447753906,121822600,0.0,0.0,0.0
2020-02-28 00:00:00-05:00,191.43318660725154,199.6537104347494,190.98023739427853,198.3334197998047,148173700,0.0,0.0,0.0
2020-03-02 00:00:00-05:00,201.3016639399948,208.7126666734837,198.46832724137323,208.56809997558594,112933900,0.0,0.0,0.0
2020-03-03 00:00:00-05:00,209.23306461036697,211.6423624780626,200.08736461072698,201.8798828125,131953500,0.0,0.0,0.0
2020-03-04 00:00:00-05:00,205.58060725989966,210.40883563849096,203.70134286874293,210.30282592773438,73086200,0.0,0.0,0.0
2020-03-05 00:00:00-05:00,204.97341168011178,208.5102589080661,202.47738281405032,203.91331481933594,78705500,0.0,0.0,0.0
2020-03-06 00:00:00-05:00,197.24441971991618,201.5618778990907,195.5482791115377,200.47288513183594,89828400,0.0,0.0,0.0
2020-03-09 00:00:00-04:00,186.46038849463562,193.86175966862743,185.14009788357802,186.54713439941406,116424000,0.0,0.0,0.0
2020-03-10 00:00:00-04:00,193.81356956296509,196.8878361743078,186.65312823578174,196.70472717285156,100599200,0.0,0.0,0.0
2020-03-11 00:00:00-04:00,192.11741758517988,193.46661850713986,185.73758684085925,188.1372528076172,89168800,0.0,0.0,0.0
2020-03-12 00:00:00-04:00,175.48366503820066,183.8583891212257,170.52051592482243,170.88673400878906,137820700,0.0,0.0,0.0
2020-03-13 00:00:00-04:00,180.28293587497566,187.42408310246688,171.66728492205291,185.36172485351562,134882000,0.0,0.0,0.0
2020-03-16 00:00:00-04:00,167.83168282781844,177.97964422455982,163.02273371681625,163.15765380859375,92054400,0.0,0.0,0.0
2020-03-17 00:00:00-04:00,169.1038092730566,177.70018277612678,163.62024466987097,175.5318145751953,121257100,0.0,0.0,0.0
2020-03-18 00:00:00-04:00,165.38386096925564,172.71776504502085,160.74837373270967,170.1928253173828,114156300,0.0,0.0,0.0
2020-03-19 00:00:00-04:00,169.31582748089275,176.83284013220916,165.4031299076033,171.21435546875,120896500,0.0,0.0,0.0
2020-03-20 00:00:00-04:00,175.14635103014504,176.2353438405754,163.92865895647157,164.5068817138672,118983900,0.0,0.0,0.0
2020-03-23 00:00:00-04:00,165.0699340124014,168.24733571628911,159.2849479248567,164.6256866455078,124639800,0.363,0.0,0.0
2020-03-24 00:00:00-04:00,173.75219224326807,177.5380199436723,171.85927102480403,177.37384033203125,94881800,0.0,0.0,0.0
2020-03-25 00:00:00-04:00,178.10784345878415,183.02362417647132,173.81980925619098,176.06040954589844,88754900,0.0,0.0,0.0
2020-03-26 00:00:00-04:00,177.5766330104334,186.1237278476442,177.3255373974939,185.331787109375,79887600,0.0,0.0,0.0
2020-03-27 00:00:00-04:00,180.53193306458388,183.98940204365792,178.33963904687462,178.95773315429688,58845000,0.0,0.0,0.0
2020-03-30 00:00:00-04:00,180.6574955868197,185.90165065620462,179.96213784572416,185.467041015625,49356900,0.0,0.0,0.0
2020-03-31 00:00:00-04:00,185.15796008821974,188.56713685082624,182.7242085363129,183.8831329345703,62659300,0.0,0.0,0.0
2020-04-01 00:00:00-04:00,178.44590728652406,181.23699107295323,174.66973077061147,176.07009887695312,53715400,0.0,0.0,0.0
2020-04-02 00:00:00-04:00,175.0366762262731,183.59342424655048,174.77591343116143,179.64340209960938,56465300,0.0,0.0,0.0
2020-04-03 00:00:00-04:00,179.19912688375751,180.66710550949,175.08492576297746,177.09373474121094,47487600,0.0,0.0,0.0
2020-04-06 00:00:00-04:00,183.96045777832654,190.88504920532145,182.71461695109656,189.75509643554688,64763500,0.0,0.0,0.0
2020-04-07 00:00:00-04:00,195.44346091590847,195.72354331489208,189.29149213713953,189.67779541015625,69904500,0.0,0.0,0.0
2020-04-08 00:00:00-04:00,191.36786458348087,194.28450241570687,189.4556386640518,193.70504760742188,45940400,0.0,0.0,0.0
2020-04-09 00:00:00-04:00,195.42412943914258,196.26434704855396,192.21775671121136,193.98512268066406,68252600,0.0,0.0,0.0
2020-04-13 00:00:00-04:00,193.15458086091047,196.45752242524904,191.94736473052978,196.08087158203125,42853900,0.0,0.0,0.0
2020-04-14 00:00:00-04:00,200.1371094360824,205.22673663075193,199.3548357625338,204.608642578125,63959600,0.0,0.0,0.0
2020-04-15 00:00:00-04:00,201.34435937904345,204.57970495968007,200.03090745435995,202.2618408203125,47036000,0.0,0.0,0.0
2020-04-16 00:00:00-04:00,204.4444465930339,207.03271062607504,202.5129009911142,205.9510498046875,64657400,0.0,0.0,0.0
2020-04-17 00:00:00-04:00,208.7711036486682,209.0994628627089,204.82109644779337,207.9212188720703,62863200,0.0,0.0,0.0
2020-04-20 00:00:00-04:00,206.05736229081967,208.49111478359927,205.29440797744175,205.45858764648438,38249100,0.0,0.0,0.0
2020-04-21 00:00:00-04:00,203.39178236872834,203.9326128448136,196.66034395322228,197.87721252441406,72932800,0.0,0.0,0.0
2020-04-22 00:00:00-04:00,201.94312433773194,205.08188634127163,201.199475059897,203.74911499023438,40089100,0.0,0.0,0.0
2020-04-23 00:00:00-04:00,204.54103512758533,207.10034214349758,202.90889131228306,203.31451416015625,43278500,0.0,0.0,0.0
2020-04-24 00:00:00-04:00,203.7491255617453,206.9651513344646,202.3294381106388,206.52088928222656,34231900,0.0,0.0,0.0
2020-04-27 00:00:00-04:00,208.79043318362778,209.21537559218325,207.1582747219143,208.18199157714844,36451700,0.0,0.0,0.0
2020-04-28 00:00:00-04:00,209.8817921743748,209.8817921743748,203.9809186465457,204.260986328125,46862800,0.0,0.0,0.0
2020-04-29 00:00:00-04:00,208.79043781233008,212.44105805908904,207.7763733578916,211.50425720214844,48716400,0.0,0.0,0.0
2020-04-30 00:00:00-04:00,212.42175577465648,212.50867180272314,209.91075496584622,211.4173583984375,43359500,0.0,0.0,0.0
2020-05-01 00:00:00-04:00,207.15834310527467,209.2540690969772,204.4348557167903,205.45858764648438,48795000,0.0,0.0,0.0
2020-05-04 00:00:00-04:00,204.22236700355398,208.0757918787727,203.8939929806753,207.85366821289062,32841000,0.0,0.0,0.0
2020-05-05 00:00:00-04:00,209.9976880582014,212.6052722677713,209.42788551253952,210.2101593017578,37783100,0.0,0.0,0.0
2020-05-06 00:00:00-04:00,211.89056045311338,213.47442736050868,210.6447199427057,211.50425720214844,36455200,0.0,0.0,0.0
2020-05-07 00:00:00-04:00,214.22775268554688,215.10659482861956,212.8756617777369,214.22775268554688,38624800,0.0,0.0,0.0
2020-05-08 00:00:00-04:00,215.8985361397177,217.29890390647665,214.8651520564971,217.1636962890625,31852300,0.0,0.0,0.0
2020-05-11 00:00:00-04:00,215.84060162875423,220.128621142671,215.60881081589696,219.1049041748047,35714100,0.0,0.0,0.0
2020-05-12 00:00:00-04:00,219.7036817947701,220.29280385180624,214.48849930546862,214.51747131347656,41054100,0.0,0.0,0.0
2020-05-13 00:00:00-04:00,215.03903045398326,216.92228495071166,209.29268376436497,211.83265686035156,65521200,0.0,0.0,0.0
2020-05-14 00:00:00-04:00,210.50952738812586,214.27603593227283,208.597301106984,214.23741149902344,51549300,0.0,0.0,0.0
2020-05-15 00:00:00-04:00,211.2917723499534,215.6860415444305,210.85717753654873,215.6280975341797,55747200,0.0,0.0,0.0
2020-05-18 00:00:00-04:00,218.53511886923397,220.85296823410516,217.75284507700312,219.645751953125,42398100,0.0,0.0,0.0
2020-05-19 00:00:00-04:00,219.9065217084587,221.98294261892974,218.95041581524592,219.09527587890625,36237300,0.0,0.0,0.0
2020-05-20 00:00:00-04:00,221.64487418703376,223.82751557322564,221.6255546033614,223.47018432617188,37417000,0.0,0.0,0.0
2020-05-21 00:00:00-04:00,223.51848140449331,224.19451948437748,220.52457953233147,221.03643798828125,43642900,0.0,0.0,0.0
2020-05-22 00:00:00-04:00,220.63081626481636,222.0022120157208,219.71333495626004,221.79940795898438,28762400,0.0,0.0,0.0
2020-05-26 00:00:00-04:00,225.37278418266482,225.5756029934186,220.9591945713325,221.2006378173828,33055300,0.0,0.0,0.0
2020-05-27 00:00:00-04:00,220.86262425307078,222.52375495081657,216.27520261678444,222.40785217285156,55665600,0.0,0.0,0.0
2020-05-28 00:00:00-04:00,221.2682334042494,225.47900390804185,221.21028938712558,222.1181182861328,42784300,0.0,0.0,0.0
2020-05-29 00:00:00-04:00,222.49477300290803,225.604563025848,220.9302108307325,225.37277221679688,50691800,0.0,0.0,0.0
2020-06-01 00:00:00-04:00,224.50352438012723,226.42540258797368,224.05926246186607,226.0487518310547,25776000,0.0,0.0,0.0
2020-06-02 00:00:00-04:00,226.47378098706872,227.6230532782803,224.06900077932698,227.5651092529297,33383400,0.0,0.0,0.0
2020-06-03 00:00:00-04:00,228.1735161131128,229.34210788845698,227.29467391199802,228.58880615234375,37228700,0.0,0.0,0.0
2020-06-04 00:00:00-04:00,228.24110337725907,229.6511235103212,225.68179643834645,226.985595703125,38716100,0.0,0.0,0.0
2020-06-05 00:00:00-04:00,228.1348963147749,232.0752518726521,227.56509378884476,231.4861297607422,47365600,0.0,0.0,0.0
2020-06-08 00:00:00-04:00,231.34125754502816,233.40801117207488,229.7670575785261,233.282470703125,32937300,0.0,0.0,0.0
2020-06-09 00:00:00-04:00,232.42293975923093,235.82245019731135,232.23944052661614,234.9725799560547,35046300,0.0,0.0,0.0
2020-06-10 00:00:00-04:00,236.66265002431913,239.33784506016997,236.14112441042232,237.7926025390625,58084400,0.0,0.0,0.0
2020-06-11 00:00:00-04:00,233.871599988032,235.25264834448467,225.9522641060494,226.0102081298828,72919400,0.0,0.0,0.0
2020-06-12 00:00:00-04:00,230.90665680743496,232.17181704547895,223.80823429074138,227.80653381347656,72034800,0.0,0.0,0.0
2020-06-15 00:00:00-04:00,224.48428271820094,231.25434627093335,223.5474817115833,230.57830810546875,45307400,0.0,0.0,0.0
2020-06-16 00:00:00-04:00,235.4361409431384,236.02526306305504,230.91633037317598,234.53797912597656,48890100,0.0,0.0,0.0
2020-06-17 00:00:00-04:00,236.03487205762363,237.0972280575828,234.4220332115211,235.2815704345703,34749300,0.0,0.0,0.0
2020-06-18 00:00:00-04:00,234.96290105421258,236.1604648506583,234.19029446195202,235.9190216064453,30578600,0.0,0.0,0.0
2020-06-19 00:00:00-04:00,238.28515152322632,238.54591434124347,234.1516445508102,235.88038635253906,49422100,0.0,0.0,0.0
2020-06-22 00:00:00-04:00,235.7488266174253,238.83500256568558,235.45860266668006,238.70924377441406,24068700,0.424,0.0,0.0
2020-06-23 00:00:00-04:00,240.3054788803595,242.9756419436958,239.75403873954198,240.74082946777344,32767400,0.0,0.0,0.0
2020-06-24 00:00:00-04:00,239.98624113416216,241.21490982146324,234.27827785162066,235.77783203125,46032400,0.0,0.0,0.0
2020-06-25 00:00:00-04:00,235.8649239122379,238.3222467820991,233.29149670339368,238.0223388671875,36940800,0.0,0.0,0.0
2020-06-26 00:00:00-04:00,237.78044585924073,237.95459496475345,231.8789804094809,232.4014129638672,52824600,0.0,0.0,0.0
2020-06-29 00:00:00-04:00,232.1595884050854,234.94585645858035,229.62486746106973,234.93617248535156,34377800,0.0,0.0,0.0
2020-06-30 00:00:00-04:00,234.86843220701027,240.08300025069124,234.68461388208036,239.54122924804688,38909200,0.0,0.0,0.0
2020-07-01 00:00:00-04:00,239.57994311482335,243.33366364220402,239.03817206183112,242.33718872070312,34689200,0.0,0.0,0.0
2020-07-02 00:00:00-04:00,244.78481405774463,245.99412957590692,243.5174537566549,243.98182678222656,31956500,0.0,0.0,0.0
2020-07-06 00:00:00-04:00,247.13574447485212,250.5024751273051,247.11639129095556,249.98007202148438,34589000,0.0,0.0,0.0
2020-07-07 00:00:00-04:00,249.72851174337242,252.38900604586954,247.95805718300818,248.25796508789062,36578200,0.0,0.0,0.0
2020-07-08 00:00:00-04:00,249.58340988611212,251.55699175476389,248.15156953838743,251.52796936035156,30426300,0.0,0.0,0.0
2020-07-09 00:00:00-04:00,253.44354123293766,254.31424260771402,249.2448007829336,253.64669799804688,40312900,0.0,0.0,0.0
2020-07-10 00:00:00-04:00,253.5015881944202,255.62999559482355,250.821755283997,255.37844848632812,32885300,0.0,0.0,0.0
2020-07-13 00:00:00-04:00,258.22275598427,261.0090239693001,249.30284255756212,250.12518310546875,64108100,0.0,0.0,0.0
2020-07-14 00:00:00-04:00,247.60006296441728,252.30189655033743,244.53324090881605,251.8955535888672,72230500,0.0,0.0,0.0
2020-07-15 00:00:00-04:00,253.30803352808638,254.14005789422913,249.10929390982363,252.40830993652344,54523900,0.0,0.0,0.0
2020-07-16 00:00:00-04:00,249.62213645108983,251.3248626605961,247.3002558626899,250.68634033203125,47594100,0.0,0.0,0.0
2020-07-17 00:00:00-04:00,251.14099763698934,251.83756463655843,248.79977905809608,250.97654724121094,35137900,0.0,0.0,0.0
2020-07-20 00:00:00-04:00,251.61504110027627,258.725823103141,250.36704859363883,258.09698486328125,40610100,0.0,0.0,0.0
2020-07-21 00:00:00-04:00,259.664224950445,259.67390892247204,254.56576129973328,255.40744018554688,43243800,0.0,0.0,0.0
2020-07-22 00:00:00-04:00,255.9008459459863,257.2359349932183,254.00461796837638,256.3071594238281,29865500,0.0,0.0,0.0
2020-07-23 00:00:00-04:00,255.90085230881024,256.6070736888156,248.19990969040234,249.61241149902344,51363500,0.0,0.0,0.0
2020-07-24 00:00:00-04:00,245.7716553943389,248.5675928563688,243.14019786727135,247.2421875,54054500,0.0,0.0,0.0
2020-07-27 00:00:00-04:00,248.88681731045352,252.04069210150132,248.103183217571,251.65371704101562,36445700,0.0,0.0,0.0
2020-07-28 00:00:00-04:00,250.87009292156208,251.39252551235478,248.16123786616612,248.4514617919922,31302400,0.0,0.0,0.0
2020-07-29 00:00:00-04:00,249.98965860148112,252.17611016142558,249.5156164408666,251.3150634765625,27556900,0.0,0.0,0.0
2020-07-30 00:00:00-04:00,249.35116638409653,253.1919535045912,248.1998956926732,252.63084411621094,41774500,0.0,0.0,0.0
2020-07-31 00:00:00-04:00,257.2553107733634,257.2940171421187,252.36000323877897,257.13922119140625,53686300,0.0,0.0,0.0
2020-08-03 00:00:00-04:00,259.27724615397864,261.3572629328157,259.151472616657,260.6123352050781,32081600,0.0,0.0,0.0
2020-08-04 00:00:00-04:00,260.10919612534934,261.6764935608913,259.36426852628824,261.5797424316406,24911300,0.0,0.0,0.0
2020-08-05 00:00:00-04:00,262.0635159310068,262.6826701264064,261.17344671500797,262.22796630859375,21612100,0.0,0.0,0.0
2020-08-06 00:00:00-04:00,262.0344283010537,266.030010519851,261.39590632069485,265.7010803222656,28048200,0.0,0.0,0.0
2020-08-07 00:00:00-04:00,265.1593444887768,265.9333241341228,260.48656232248806,262.6343078613281,44969400,0.0,0.0,0.0
2020-08-10 00:00:00-04:00,262.9245880376013,263.1277743454048,257.99060329263017,261.5121154785156,35088400,0.0,0.0,0.0
2020-08-11 00:00:00-04:00,260.3510818960452,261.63781002628787,256.01691436083286,256.5586853027344,43104300,0.0,0.0,0.0
2020-08-12 00:00:00-04:00,258.7161051442192,263.9596800378492,258.66771481499626,263.0115661621094,38773400,0.0,0.0,0.0
2020-08-13 00:00:00-04:00,263.7855540100934,265.8849090180151,262.6729897431748,263.6114196777344,31895700,0.0,0.0,0.0
2020-08-14 00:00:00-04:00,264.2305647794578,264.5014502397458,261.9086851878035,263.30181884765625,30799500,0.0,0.0,0.0
2020-08-17 00:00:00-04:00,265.0142053828791,266.86204284619555,263.3405317746141,266.3589782714844,24803000,0.0,0.0,0.0
2020-08-18 00:00:00-04:00,267.4232812095445,269.39686340752905,265.9624182236324,268.9228210449219,23529500,0.0,0.0,0.0
2020-08-19 00:00:00-04:00,268.8840418671907,269.9385614536909,266.6008683458078,267.1136169433594,31999400,0.0,0.0,0.0
2020-08-20 00:00:00-04:00,266.3202615102657,271.30263482968587,265.91391856341863,270.81890869140625,27723400,0.0,0.0,0.0
2020-08-21 00:00:00-04:00,271.0124733975465,273.1505351545465,270.3642672322133,272.6958312988281,34748900,0.0,0.0,0.0
2020-08-24 00:00:00-04:00,275.9658279093969,276.69141729040325,272.1153562987728,274.3985595703125,36418500,0.0,0.0,0.0
2020-08-25 00:00:00-04:00,273.6245288313943,276.74941047837075,273.1795090274915,276.555908203125,34866600,0.0,0.0,0.0
2020-08-26 00:00:00-04:00,277.80401375867723,282.70900562491977,276.5269692152216,282.45745849609375,42216700,0.0,0.0,0.0
2020-08-27 00:00:00-04:00,283.4345480790629,284.2859109668264,279.31319115616515,281.5770263671875,49482700,0.0,0.0,0.0
2020-08-28 00:00:00-04:00,282.81531731073915,283.63765766897814,281.46088999826964,283.0088195800781,28021000,0.0,0.0,0.0
2020-08-31 00:00:00-04:00,283.53129260256844,287.0915104824484,283.09592719649555,285.2823791503906,36321000,0.0,0.0,0.0
2020-09-01 00:00:00-04:00,287.93313676616793,290.2743842249935,286.16271212186626,290.1582946777344,36216200,0.0,0.0,0.0
2020-09-02 00:00:00-04:00,293.40891781379054,293.6217584902085,287.2269132759736,292.9058532714844,50836800,0.0,0.0,0.0
2020-09-03 00:00:00-04:00,288.39764380548326,288.90070855985175,275.15321453022233,278.0555725097656,110083300,0.0,0.0,0.0
2020-09-04 00:00:00-04:00,276.26569448177094,279.5260042219647,262.95354051596087,274.3501281738281,123959000,0.0,0.0,0.0
2020-09-08 00:00:00-04:00,263.3599557149268,269.16467148600805,260.8832793478771,261.1638488769531,99568600,0.0,0.0,0.0
2020-09-09 00:00:00-04:00,266.66857903282937,270.9350179006585,264.11449066571544,268.8356628417969,64837900,0.0,0.0,0.0
2020-09-10 00:00:00-04:00,271.7961106792902,273.01511029037704,261.75394889576535,263.47601318359375,69667500,0.0,0.0,0.0
2020-09-11 00:00:00-04:00,265.2271091905795,266.2622904991096,258.2130782424053,261.6475524902344,71809000,0.0,0.0,0.0
2020-09-14 00:00:00-04:00,265.4302135179014,268.1971426013748,264.07578612794714,266.2041931152344,38525200,0.0,0.0,0.0
2020-09-15 00:00:00-04:00,269.94830304186166,271.3220987512497,266.17524373341683,269.9773254394531,41849900,0.0,0.0,0.0
2020-09-16 00:00:00-04:00,270.77058165183826,271.23493990693896,265.32381993172135,265.6720886230469,42321000,0.0,0.0,0.0
2020-09-17 00:00:00-04:00,258.84183638339624,265.46889016761645,258.00015765399314,261.5216979980469,81570800,0.0,0.0,0.0
2020-09-18 00:00:00-04:00,262.9438998635904,263.2341237780638,254.0820322085779,258.18402099609375,86251100,0.0,0.0,0.0
2020-09-21 00:00:00-04:00,253.92725388489964,258.938650650959,251.6440506769576,258.80322265625,57168600,0.0,0.0,0.0
2020-09-22 00:00:00-04:00,261.20244331622683,264.1918674522645,257.86475051547103,263.6114196777344,41128900,0.0,0.0,0.0
2020-09-23 00:00:00-04:00,263.2921761637515,263.47599448966076,254.68185533552182,255.56224060058594,48837300,0.0,0.0,0.0
2020-09-24 00:00:00-04:00,252.8824479216545,259.9545240275638,252.71796798984514,256.75225830078125,70631700,0.0,0.0,0.0
2020-09-25 00:00:00-04:00,257.255244408826,263.5340003825071,255.69763085456438,262.7213439941406,55242400,0.0,0.0,0.0
2020-09-28 00:00:00-04:00,267.5779501702324,268.17779541015625,262.8277852516247,268.17779541015625,58438300,0.0,0.0,0.0
2020-09-29 00:00:00-04:00,267.61674362747533,268.67126345851136,266.40742783165723,266.96856689453125,27050000,0.0,0.0,0.0
2020-09-30 00:00:00-04:00,267.16199999545273,271.94121767207247,266.89111447842726,268.7969970703125,49380800,0.0,0.0,0.0
2020-10-01 00:00:00-04:00,272.6184261977125,273.6729457945265,270.7318821655367,273.0634460449219,50020200,0.0,0.0,0.0
2020-10-02 00:00:00-04:00,267.036324629612,273.05388252860166,264.540309271038,265.3819885253906,75497400,0.0,0.0,0.0
2020-10-05 00:00:00-04:00,267.3457980603673,271.36071969641114,267.2393924658892,271.0414733886719,28184600,0.0,0.0,0.0
2020-10-06 00:00:00-04:00,270.35457197829317,272.0379296255004,265.3238079306884,266.2041931152344,49704200,0.0,0.0,0.0
2020-10-07 00:00:00-04:00,268.84530782102655,271.6025229899599,268.25514662245916,270.8092346191406,27539700,0.0,0.0,0.0
2020-10-08 00:00:00-04:00,273.20859254547736,273.27632130939753,271.1866202712513,272.2508239746094,25443300,0.0,0.0,0.0
2020-10-09 00:00:00-04:00,273.8954756343539,276.48827089145067,273.5085005215108,276.4108581542969,30201100,0.0,0.0,0.0
2020-10-12 00:00:00-04:00,281.0932547917312,287.7783537475403,280.0484192953146,284.9437255859375,79370700,0.0,0.0,0.0
2020-10-13 00:00:00-04:00,286.7432121833182,287.3817047440142,283.5699401763076,284.9340515136719,64240000,0.0,0.0,0.0
2020-10-14 00:00:00-04:00,285.73709562441013,286.7045481035689,280.81276604840866,282.5541687011719,36949100,0.0,0.0,0.0
2020-10-15 00:00:00-04:00,277.85235281088177,281.2480908016036,277.2138306570293,280.657958984375,42514200,0.0,0.0,0.0
2020-10-16 00:00:00-04:00,282.3025869495628,283.72474310029554,278.7713917390314,279.11968994140625,40570700,0.0,0.0,0.0
2020-10-19 00:00:00-04:00,281.03524741066656,281.99304539448815,273.5858814018512,274.56298828125,36756800,0.0,0.0,0.0
2020-10-20 00:00:00-04:00,275.29831022771214,278.25871282965664,273.7407257092302,275.1531982421875,32195400,0.0,0.0,0.0
2020-10-21 00:00:00-04:00,275.4047259800652,277.9684692915658,274.45661186752744,274.9403381347656,29306100,0.0,0.0,0.0
2020-10-22 00:00:00-04:00,275.7723736849211,276.672127112734,271.68006775802075,274.9306945800781,32196200,0.0,0.0,0.0
2020-10-23 00:00:00-04:00,275.5014345030558,275.6368920231041,272.60876101041157,275.472412109375,24658500,0.0,0.0,0.0
2020-10-26 00:00:00-04:00,273.18923793913956,276.0141826669079,267.75215968735864,271.3414001464844,38421100,0.0,0.0,0.0
2020-10-27 00:00:00-04:00,272.3379259232388,274.28251523285076,271.0802492651122,273.4601745605469,30559100,0.0,0.0,0.0
2020-10-28 00:00:00-04:00,268.9615274545432,269.57102736329807,262.54731149945707,262.7988586425781,53413500,0.0,0.0,0.0
2020-10-29 00:00:00-04:00,264.11454773832725,270.3933053778075,263.6501598827834,267.39422607421875,43246300,0.0,0.0,0.0
2020-10-30 00:00:00-04:00,265.4108908969435,266.28159216200265,258.37752249756096,260.6123352050781,65838300,0.0,0.0,0.0
2020-11-02 00:00:00-05:00,263.00194132601484,264.61757030336025,258.28076888148894,261.19281005859375,39987400,0.0,0.0,0.0
2020-11-03 00:00:00-05:00,263.10836591904484,267.8102002838302,262.0248238747027,265.7108154296875,43604100,0.0,0.0,0.0
2020-11-04 00:00:00-05:00,274.35976789488217,279.37116324230914,272.69574891753865,277.57171630859375,75728200,0.0,0.0,0.0
2020-11-05 00:00:00-05:00,283.97632512437224,285.7758020888672,282.49612401172146,284.808349609375,52054200,0.0,0.0,0.0
2020-11-06 00:00:00-05:00,284.1504778163652,285.7467686056481,280.3967572298811,285.02117919921875,40959800,0.0,0.0,0.0
2020-11-09 00:00:00-05:00,287.96213588582305,289.4036597126162,278.74231777814987,279.197021484375,86537100,0.0,0.0,0.0
2020-11-10 00:00:00-05:00,275.88844594941975,277.32994074510486,271.4865193034532,274.1954040527344,69024900,0.0,0.0,0.0
2020-11-11 00:00:00-05:00,276.7204321420818,280.80308279556846,274.1566889706012,280.32904052734375,36102900,0.0,0.0,0.0
2020-11-12 00:00:00-05:00,281.29644746857406,282.56380765239703,277.9006803600016,279.01324462890625,34414600,0.0,0.0,0.0
2020-11-13 00:00:00-05:00,280.72566326802945,282.080090662229,278.5005051335633,281.4609069824219,24806900,0.0,0.0,0.0
2020-11-16 00:00:00-05:00,281.1609998373027,283.95695132636484,280.5515001272689,283.65704345703125,30168400,0.0,0.0,0.0
2020-11-17 00:00:00-05:00,283.8505502393088,284.1794805378679,282.1188020423801,282.75732421875,21843500,0.0,0.0,0.0
2020-11-18 00:00:00-05:00,282.20593921131507,283.8215685424959,280.5805963819076,280.66766357421875,28069600,0.0,0.0,0.0
2020-11-19 00:00:00-05:00,280.1162683887112,283.1734225221698,279.4487236509834,282.86383056640625,22718400,0.0,0.0,0.0
2020-11-20 00:00:00-05:00,282.7863558040206,283.53131312948705,280.8417963427337,280.9288635253906,25907300,0.0,0.0,0.0
2020-11-23 00:00:00-05:00,281.9252978658632,283.2216804949819,278.6940105023637,280.9385070800781,26875600,0.0,0.0,0.0
2020-11-24 00:00:00-05:00,282.00269286629174,285.3791218456151,280.2032455596767,284.8857116699219,24516800,0.0,0.0,0.0
2020-11-25 00:00:00-05:00,285.9498968865568,287.27530187619476,285.00178295908097,286.63677978515625,23326800,0.0,0.0,0.0
2020-11-27 00:00:00-05:00,288.60072560591834,290.40020243829326,288.204066575533,289.2779541015625,17163100,0.0,0.0,0.0
2020-11-30 00:00:00-05:00,289.5972480069994,290.20674784840224,285.1856666612284,289.8681335449219,27836200,0.0,0.0,0.0
2020-12-01 00:00:00-05:00,292.1415743578444,295.2084111620638,291.03866455607863,293.58306884765625,27521300,0.0,0.0,0.0
2020-12-02 00:00:00-05:00,292.41251930762814,294.29906349998095,290.5743654550554,293.96044921875,23620000,0.0,0.0,0.0
2020-12-03 00:00:00-05:00,294.27012024652674,295.92445620632685,293.6509363058324,294.37652587890625,22828700,0.0,0.0,0.0
2020-12-04 00:00:00-05:00,294.4248094730478,295.7212218182587,293.7476104304128,295.5760803222656,19332100,0.0,0.0,0.0
2020-12-07 00:00:00-05:00,295.75987086670006,297.6173925026342,295.57605254507047,297.249755859375,20851000,0.0,0.0,0.0
2020-12-08 00:00:00-05:00,296.77568899470424,298.5557977557596,295.0246026228502,298.2558898925781,18341500,0.0,0.0,0.0
2020-12-09 00:00:00-05:00,298.04306999188924,298.32360993230856,290.4388787232526,291.5030822753906,48839300,0.0,0.0,0.0
2020-12-10 00:00:00-05:00,289.471410606944,293.7959238107952,288.3878686942274,292.6736755371094,27519500,0.0,0.0,0.0
2020-12-11 00:00:00-05:00,291.0194147578854,292.15134729258045,288.7555792128055,292.02557373046875,26760400,0.0,0.0,0.0
2020-12-14 00:00:00-05:00,293.21545054394346,296.0887852563194,293.1477513166906,294.14422607421875,28804800,0.0,0.0,0.0
2020-12-15 00:00:00-05:00,296.3982916834326,297.2883605957031,294.2118405152531,297.2883605957031,25709000,0.0,0.0,0.0
2020-12-16 00:00:00-05:00,297.68503281339287,299.70700422627095,296.6401679772718,298.9233703613281,25461900,0.0,0.0,0.0
2020-12-17 00:00:00-05:00,300.5197328956756,301.1098646667226,299.3201014107255,300.877685546875,23730500,0.0,0.0,0.0
2020-12-18 00:00:00-05:00,301.5161299738391,301.8257217367473,297.59793119000284,299.96820068359375,41173400,0.0,0.0,0.0
2020-12-21 00:00:00-05:00,297.0228669180954,299.94018648660574,294.2509519140145,299.4071350097656,37095500,0.561,0.0,0.0
2020-12-22 00:00:00-05:00,300.3084774298646,301.14198037145707,297.40085950331013,300.22125244140625,26176300,0.0,0.0,0.0
2020-12-23 00:00:00-05:00,300.2697276304532,300.62832914085624,298.5542435491377,298.7093200683594,21201300,0.0,0.0,0.0
2020-12-24 00:00:00-05:00,298.97097380227143,300.4732312600848,298.8934503370828,300.02740478515625,16785000,0.0,0.0,0.0
2020-12-28 00:00:00-05:00,302.6346400286241,303.5263227588848,300.8028260885802,303.0513916015625,22497700,0.0,0.0,0.0
2020-12-29 00:00:00-05:00,304.3791544556446,304.9994605378058,302.4213688422395,303.3227233886719,25871900,0.0,0.0,0.0
2020-12-30 00:00:00-05:00,304.4857243124753,304.80554924021425,302.71206097974704,303.3323669433594,18138100,0.0,0.0,0.0
2020-12-31 00:00:00-05:00,303.23540898141493,304.5632161733679,302.1596047582635,304.07861328125,21611400,0.0,0.0,0.0
2021-01-04 00:00:00-05:00,305.4064779909717,305.5809575441323,295.7822698396401,299.78509521484375,45305900,0.0,0.0,0.0
2021-01-05 00:00:00-05:00,298.796488258162,302.5279368021239,298.796488258162,302.25653076171875,29323400,0.0,0.0,0.0
2021-01-06 00:00:00-05:00,297.54613970112143,302.275868087452,296.55756056901845,298.06951904296875,52809600,0.0,0.0,0.0
2021-01-07 00:00:00-05:00,300.7252675935341,306.1140511445384,300.6961925936404,305.2805480957031,30394800,0.0,0.0,0.0
2021-01-08 00:00:00-05:00,307.56781957057547,309.5547095596435,305.3774046091996,309.2057800292969,33955800,0.0,0.0,0.0
2021-01-11 00:00:00-05:00,306.2498134465467,307.4225447729141,304.08847277687914,304.73785400390625,32746400,0.0,0.0,0.0
2021-01-12 00:00:00-05:00,304.77643208474626,305.86193779308536,301.61684145036196,304.2530822753906,29266800,0.0,0.0,0.0
2021-01-13 00:00:00-05:00,304.5148243780855,307.10258773993957,303.91392141249594,306.307861328125,22898400,0.0,0.0,0.0
2021-01-14 00:00:00-05:00,306.75367820056675,307.7519591297655,304.1949603367071,304.6698913574219,23500100,0.0,0.0,0.0
2021-01-15 00:00:00-05:00,304.45664703346006,305.41615138729,301.01594842162353,302.25653076171875,35118700,0.0,0.0,0.0
2021-01-19 00:00:00-05:00,304.57298488357054,307.17044985963673,303.477777373336,306.6664733886719,24537000,0.0,0.0,0.0
2021-01-20 00:00:00-05:00,310.28164205481335,314.7399662658125,306.76341932672693,313.7998352050781,30728100,0.0,0.0,0.0
2021-01-21 00:00:00-05:00,315.1373580102177,317.0563967393444,313.7611019095679,316.3100891113281,25130600,0.0,0.0,0.0
2021-01-22 00:00:00-05:00,315.2729853210208,316.40693962385825,314.71082935358044,315.39898681640625,21609400,0.0,0.0,0.0
2021-01-25 00:00:00-05:00,318.7815776847995,320.1481618170667,311.5125320309247,318.0061950683594,39080600,0.0,0.0,0.0
2021-01-26 00:00:00-05:00,318.72343860307774,319.60541972196387,317.14362789440383,318.471435546875,25498100,0.0,0.0,0.0
2021-01-27 00:00:00-05:00,316.2132626065165,316.2229345567672,307.58730271866483,309.59356689453125,55264000,0.0,0.0,0.0
2021-01-28 00:00:00-05:00,310.7953454119391,316.36828070768473,310.1750392860136,311.4253234863281,42836300,0.0,0.0,0.0
2021-01-29 00:00:00-05:00,309.7388471809838,310.84375624229205,303.128884596821,304.8734436035156,55259000,0.0,0.0,0.0
2021-02-01 00:00:00-05:00,308.31423975332814,313.5770530876953,306.288601886941,312.4915466308594,35646000,0.0,0.0,0.0
2021-02-02 00:00:00-05:00,315.4572719784424,318.7428659008785,315.29249389591047,317.5895080566406,33930800,0.0,0.0,0.0
2021-02-03 00:00:00-05:00,319.66347719354394,320.0317801451322,316.2712567541162,316.32940673828125,24824500,0.0,0.0,0.0
2021-02-04 00:00:00-05:00,317.7251251491448,320.1578121508223,316.40698957909655,320.0705871582031,22350900,0.0,0.0,0.0
2021-02-05 00:00:00-05:00,321.02039344305297,322.16404935647347,319.3824330340786,321.15606689453125,22732000,0.0,0.0,0.0
2021-02-08 00:00:00-05:00,322.84250881266615,323.4627852420299,321.20454838611016,323.3077087402344,20462800,0.0,0.0,0.0
2021-02-09 00:00:00-05:00,322.3773215906814,324.49988527206455,322.36762006497844,323.23992919921875,17597500,0.0,0.0,0.0
2021-02-10 00:00:00-05:00,324.67427714647073,325.1298051056285,319.3533461848029,322.5032653808594,28068700,0.0,0.0,0.0
2021-02-11 00:00:00-05:00,324.0346150143386,324.68399602062,321.89267812835,324.27691650390625,22046100,0.0,0.0,0.0
2021-02-12 00:00:00-05:00,323.43371103849927,326.25410391756105,322.38698162108943,326.08935546875,20346800,0.0,0.0,0.0
2021-02-16 00:00:00-05:00,326.88419697682843,327.7758797838648,324.04442962672505,325.2074890136719,27080800,0.0,0.0,0.0
2021-02-17 00:00:00-05:00,322.2319704739825,325.3237404644689,320.002808155959,323.6470031738281,31360300,0.0,0.0,0.0
2021-02-18 00:00:00-05:00,320.06089121511815,323.58878548933046,318.24845124495755,322.2319030761719,32236200,0.0,0.0,0.0
2021-02-19 00:00:00-05:00,323.5791101725215,323.705111688559,319.8089141056786,320.8265686035156,39157700,0.0,0.0,0.0
2021-02-22 00:00:00-05:00,316.44574654396285,317.70570246324013,312.3072477348789,312.5107727050781,47256900,0.0,0.0,0.0
2021-02-23 00:00:00-05:00,307.23832938573645,313.24741895248553,301.4230928673944,311.58038330078125,97241900,0.0,0.0,0.0
2021-02-24 00:00:00-05:00,308.92470818559923,314.4588956916574,306.23031671304153,314.14874267578125,58206300,0.0,0.0,0.0
2021-02-25 00:00:00-05:00,311.4930532694704,314.05174109430493,301.6555911474612,303.1966247558594,110182600,0.0,0.0,0.0
2021-02-26 00:00:00-05:00,306.12370351235546,309.2832947787823,301.3067487846613,304.46636962890625,104739800,0.0,0.0,0.0
2021-03-01 00:00:00-05:00,309.43841929948087,313.9646247773267,308.149388207386,313.6253967285156,49164500,0.0,0.0,0.0
2021-03-02 00:00:00-05:00,314.26507641710975,314.3425998904957,308.34324137187855,308.59521484375,48370000,0.0,0.0,0.0
2021-03-03 00:00:00-05:00,307.49995538346167,308.4400863205711,299.58155948296434,299.63970947265625,86301100,0.0,0.0,0.0
2021-03-04 00:00:00-05:00,299.271442392636,302.4310635748034,290.8684129401482,294.7355651855469,139131600,0.0,0.0,0.0
2021-03-05 00:00:00-05:00,297.3523571765063,300.0758233790927,288.29030570765997,299.1744689941406,121523700,0.0,0.0,0.0
2021-03-08 00:00:00-05:00,298.63171026100616,300.51197202969576,290.2868618525755,290.70361328125,88409800,0.0,0.0,0.0
2021-03-09 00:00:00-05:00,298.0017380021016,304.06897637547166,297.46868659047146,302.1693115234375,80391100,0.0,0.0,0.0
2021-03-10 00:00:00-05:00,306.4242001717512,306.7246516926489,300.6186651725595,301.3067932128906,76798100,0.0,0.0,0.0
2021-03-11 00:00:00-05:00,306.0461300606246,310.01017856024106,305.1544772146569,308.2462463378906,53484800,0.0,0.0,0.0
2021-03-12 00:00:00-05:00,304.1949312418109,308.4303856148921,301.80102120780384,305.74566650390625,69315600,0.0,0.0,0.0
2021-03-15 00:00:00-04:00,306.0655674633329,309.1767104053718,304.42760697615097,309.0119323730469,42955700,0.0,0.0,0.0
2021-03-16 00:00:00-04:00,311.2023734081659,314.2166196657638,309.2736627941333,310.70806884765625,54925900,0.0,0.0,0.0
2021-03-17 00:00:00-04:00,307.67447751041885,313.8773904178107,305.958963843639,311.9874267578125,78258700,0.0,0.0,0.0
2021-03-18 00:00:00-04:00,307.1123129466871,308.0912205113024,301.97553276942267,302.4310607910156,82718100,0.0,0.0,0.0
2021-03-19 00:00:00-04:00,302.26628178699343,305.0382264310817,300.1243447287122,303.4971923828125,78446200,0.0,0.0,0.0
2021-03-22 00:00:00-04:00,305.88935485382217,311.25583372440906,305.88935485382217,309.1888122558594,56194800,0.395,0.0,0.0
2021-03-23 00:00:00-04:00,310.2756328272574,311.5954035747394,307.0246860032887,307.83984375,53455400,0.0,0.0,0.0
2021-03-24 00:00:00-04:00,309.20815794592994,309.24698344349076,302.50248217460296,302.6480407714844,64803700,0.0,0.0,0.0
2021-03-25 00:00:00-04:00,300.8042221864616,303.6378911365038,298.3005255349611,302.1239929199219,78729000,0.0,0.0,0.0
2021-03-26 00:00:00-04:00,301.91046681514456,306.976112662343,300.5130748438378,306.6558837890625,63519600,0.0,0.0,0.0
2021-03-29 00:00:00-04:00,306.12218344931506,307.61662446358594,303.2302911223653,306.5685729980469,54608000,0.0,0.0,0.0
2021-03-30 00:00:00-04:00,304.6083568774266,305.59818504330696,302.32783993060514,305.025634765625,44635700,0.0,0.0,0.0
2021-03-31 00:00:00-04:00,306.81115058938997,311.25570693315365,306.47149416830865,309.6933288574219,55032500,0.0,0.0,0.0
2021-04-01 00:00:00-04:00,313.51688889328375,315.10837900652535,313.26456756678306,314.9725341796875,55685600,0.0,0.0,0.0
2021-04-05 00:00:00-04:00,317.4567949509735,322.02751230877504,317.2141874323933,321.2608642578125,42172500,0.0,0.0,0.0
2021-04-06 00:00:00-04:00,320.9503540547796,322.98823354990924,320.2613273685376,321.0376892089844,33537200,0.0,0.0,0.0
2021-04-07 00:00:00-04:00,320.56219315319373,322.6486417637379,319.6305884586231,321.8140563964844,32046400,0.0,0.0,0.0
2021-04-08 00:00:00-04:00,324.6671093943618,325.35610651026633,323.8713495618083,325.1717224121094,29940800,0.0,0.0,0.0
2021-04-09 00:00:00-04:00,323.81303419261764,327.34541315955613,323.07552762454304,327.1416015625,36664900,0.0,0.0,0.0
2021-04-12 00:00:00-04:00,326.10337642585216,327.13203008038977,324.83211521854287,326.7147521972656,25833000,0.0,0.0,0.0
2021-04-13 00:00:00-04:00,328.2382729444184,330.9942909199149,328.0247771343008,330.52850341796875,30374000,0.0,0.0,0.0
2021-04-14 00:00:00-04:00,330.7711113973542,330.8972720510287,325.74429049749494,326.5594482421875,42564300,0.0,0.0,0.0
2021-04-15 00:00:00-04:00,329.43193130872146,331.8968322351225,326.27803325321327,331.5086364746094,36342800,0.0,0.0,0.0
2021-04-16 00:00:00-04:00,332.0326648874163,332.11031588274375,330.02386739959644,331.8968200683594,40860100,0.0,0.0,0.0
2021-04-19 00:00:00-04:00,330.3247340079446,331.47951864409623,326.9379126355204,328.859375,34533100,0.0,0.0,0.0
2021-04-20 00:00:00-04:00,328.1995112420433,329.4804566209722,324.4924607053859,326.4624328613281,38081800,0.0,0.0,0.0
2021-04-21 00:00:00-04:00,325.1814445924262,329.4416472865148,324.0945675321625,329.25726318359375,36598100,0.0,0.0,0.0
2021-04-22 00:00:00-04:00,328.86909773930853,329.84921208226183,324.13339372501684,325.2882080078125,45936100,0.0,0.0,0.0
2021-04-23 00:00:00-04:00,325.9190102176331,330.69351053391887,325.9190102176331,329.3834533691406,36381900,0.0,0.0,0.0
2021-04-26 00:00:00-04:00,329.62598057447394,331.80944813703036,328.8787304993542,331.52801513671875,30812000,0.0,0.0,0.0
2021-04-27 00:00:00-04:00,331.81922264535814,332.0327184942115,329.14085517768586,330.09185791015625,33187200,0.0,0.0,0.0
2021-04-28 00:00:00-04:00,329.76187615246016,330.7711318290207,328.32562882870786,328.975830078125,33615700,0.0,0.0,0.0
2021-04-29 00:00:00-04:00,332.2461477907984,332.66342562514154,326.937893972097,330.15972900390625,37708900,0.0,0.0,0.0
2021-04-30 00:00:00-04:00,327.7142935836678,330.19859255069343,327.0834902553694,327.9956970214844,38263400,0.0,0.0,0.0
2021-05-03 00:00:00-04:00,329.19910957730696,329.94633031095634,325.80260323587066,326.2489929199219,29729700,0.0,0.0,0.0
2021-05-04 00:00:00-04:00,323.6966928103507,324.01695135854357,316.5640249687101,320.3778381347656,65147000,0.0,0.0,0.0
2021-05-05 00:00:00-04:00,322.4253532736857,323.2890501508602,318.5242355072764,319.3005676269531,46219300,0.0,0.0,0.0
2021-05-06 00:00:00-04:00,319.03865328165426,321.86260881707943,316.79696180980204,321.70733642578125,46814300,0.0,0.0,0.0
2021-05-07 00:00:00-04:00,324.4826444885977,326.69522350029325,321.8818994356728,324.31768798828125,53324500,0.0,0.0,0.0
2021-05-10 00:00:00-04:00,322.9397279868842,323.1143982975088,315.92350769169906,316.1273193359375,60700500,0.0,0.0,0.0
2021-05-11 00:00:00-04:00,310.2465441500883,316.4864031754288,309.58662911215885,315.6906433105469,71963600,0.0,0.0,0.0
2021-05-12 00:00:00-04:00,310.76088677179484,313.08019964815134,306.65595619043876,307.5196533203125,91164900,0.0,0.0,0.0
2021-05-13 00:00:00-04:00,310.4600523975338,312.8667004156544,307.52933414746957,309.8971862792969,69877800,0.0,0.0,0.0
2021-05-14 00:00:00-04:00,313.06076996295343,317.65088558428255,312.55612733502784,316.73870849609375,44370000,0.0,0.0,0.0
2021-05-17 00:00:00-04:00,315.0307871063602,316.71932631976534,311.9448259180053,314.8172912597656,39395000,0.0,0.0,0.0
2021-05-18 00:00:00-04:00,315.76829333055844,316.99101523005356,312.42029733332146,312.6920166015625,36528500,0.0,0.0,0.0
2021-05-19 00:00:00-04:00,307.2965021443982,313.35197852367827,306.94713179126245,313.0511474609375,66319100,0.0,0.0,0.0
2021-05-20 00:00:00-04:00,314.53584917885684,319.9605507447365,314.3126691741592,319.1065673828125,46466100,0.0,0.0,0.0
2021-05-21 00:00:00-04:00,320.6592478065631,321.0765256900318,316.9813386264364,317.34039306640625,50330400,0.0,0.0,0.0
2021-05-24 00:00:00-04:00,319.63053929972733,323.80340626385316,317.23357590309666,322.6777038574219,32475800,0.0,0.0,0.0
2021-05-25 00:00:00-04:00,324.19162465292703,324.90973352546797,321.9499332557762,323.1241455078125,31280300,0.0,0.0,0.0
2021-05-26 00:00:00-04:00,323.7937440335758,324.7156349543194,323.1047468839372,324.2498474121094,25444900,0.0,0.0,0.0
2021-05-27 00:00:00-04:00,323.80342174637593,324.6476911877741,322.8329916546215,323.0367736816406,27931700,0.0,0.0,0.0
2021-05-28 00:00:00-04:00,324.2401091909413,325.64724472071146,323.7354961865268,324.05572509765625,29927400,0.0,0.0,0.0
2021-06-01 00:00:00-04:00,325.3851630408676,325.86069387317445,321.62960372676787,322.978515625,31145400,0.0,0.0,0.0
2021-06-02 00:00:00-04:00,323.395757171704,324.4535221859772,321.89160270534535,323.6092529296875,22047900,0.0,0.0,0.0
2021-06-03 00:00:00-04:00,320.77563751713006,322.0468984988941,318.57277199025685,320.2419128417969,37057800,0.0,0.0,0.0
2021-06-04 00:00:00-04:00,322.03724805700716,326.1227506563772,321.9693108395276,325.6763610839844,38736500,0.0,0.0,0.0
2021-06-07 00:00:00-04:00,325.1426354486117,326.7050435127181,324.4536382802467,326.6468200683594,32611900,0.0,0.0,0.0
2021-06-08 00:00:00-04:00,328.39361434826134,329.2573115483053,325.12326890845696,326.8021240234375,27282800,0.0,0.0,0.0
2021-06-09 00:00:00-04:00,328.1703884365764,328.94672073790025,326.6953156028105,326.87969970703125,21485300,0.0,0.0,0.0
2021-06-10 00:00:00-04:00,327.21929578440205,330.39259123957316,326.77290627431074,330.2858581542969,33702100,0.0,0.0,0.0
2021-06-11 00:00:00-04:00,330.29561384013823,331.1593109469786,329.6454421804354,331.14959716796875,21222800,0.0,0.0,0.0
2021-06-14 00:00:00-04:00,331.5766028024062,334.3326211759567,330.39267670533627,334.32293701171875,27827700,0.0,0.0,0.0
2021-06-15 00:00:00-04:00,333.9735630962998,334.28410788253154,331.4213268119727,332.13946533203125,35963800,0.0,0.0,0.0
2021-06-16 00:00:00-04:00,332.60521679047145,333.6726958677757,327.47166267150703,330.9263916015625,55399500,0.0,0.0,0.0
2021-06-17 00:00:00-04:00,329.9170614432595,336.13752079099703,329.8685517932755,335.1282653808594,59722700,0.0,0.0,0.0
2021-06-18 00:00:00-04:00,333.4688736267625,334.6139739465521,331.7511935319041,332.4984436035156,55414900,0.0,0.0,0.0
2021-06-21 00:00:00-04:00,332.6899065192554,334.8856325179715,330.47476007480685,334.56500244140625,32992600,0.397,0.0,0.0
2021-06-22 00:00:00-04:00,334.3609813550357,338.1306232649226,334.0598013761098,337.6837158203125,28941600,0.0,0.0,0.0
2021-06-23 00:00:00-04:00,337.62534655465817,338.99524371354596,337.01326169116265,337.8487854003906,27188500,0.0,0.0,0.0
2021-06-24 00:00:00-04:00,339.7822001113243,341.4629725682367,339.23813126810626,339.9376525878906,32581600,0.0,0.0,0.0
2021-06-25 00:00:00-04:00,340.5011783527263,340.7440673140973,338.9175375806625,339.5198974609375,28682800,0.0,0.0,0.0
2021-06-28 00:00:00-04:00,340.802335495448,343.7850188574494,340.74404452058076,343.64898681640625,39130300,0.0,0.0,0.0
2021-06-29 00:00:00-04:00,343.47411498284237,344.9217236125262,342.63859124073826,344.892578125,29426000,0.0,0.0,0.0
2021-06-30 00:00:00-04:00,344.73715767940706,345.12580374858084,343.76560180553736,344.3485412597656,32724000,0.0,0.0,0.0
2021-07-01 00:00:00-04:00,343.99881066452366,344.98978702607894,342.648333708053,344.4845886230469,29290000,0.0,0.0,0.0
2021-07-02 00:00:00-04:00,346.3791192382601,348.7594431935655,346.1459552963488,348.4388427734375,32727200,0.0,0.0,0.0
2021-07-06 00:00:00-04:00,349.04113188977976,350.2264311031794,346.3499034583853,349.9446716308594,38842400,0.0,0.0,0.0
2021-07-07 00:00:00-04:00,352.1404086390429,352.4415885625739,348.7302383215752,350.6830749511719,35265200,0.0,0.0,0.0
2021-07-08 00:00:00-04:00,345.62125059036464,349.42003732395847,344.3388194688007,348.5650634765625,50890000,0.0,0.0,0.0
2021-07-09 00:00:00-04:00,347.98214865318926,351.2174163723197,347.39920925212596,350.7413635253906,35184500,0.0,0.0,0.0
2021-07-12 00:00:00-04:00,352.140412577946,352.56789950313225,350.56646727183477,352.11126708984375,25717700,0.0,0.0,0.0
2021-07-13 00:00:00-04:00,351.73234609498456,355.07450042851514,351.2562932394713,352.11126708984375,39723000,0.0,0.0,0.0
2021-07-14 00:00:00-04:00,354.4527466915116,355.0939771809763,351.9169998759118,352.7428283691406,35336400,0.0,0.0,0.0
2021-07-15 00:00:00-04:00,352.65536866834645,352.8593871039803,348.263917056866,350.26531982421875,53391600,0.0,0.0,0.0
2021-07-16 00:00:00-04:00,351.12030642808213,352.10158740315376,347.07863020990226,347.42840576171875,47262000,0.0,0.0,0.0
2021-07-19 00:00:00-04:00,343.97930607789306,345.07716883415947,342.02649915567275,344.5816955566406,64404600,0.0,0.0,0.0
2021-07-20 00:00:00-04:00,345.5144136301292,350.03214242822906,343.7364498108535,348.58453369140625,42183700,0.0,0.0,0.0
2021-07-21 00:00:00-04:00,348.15697988783324,351.2756652832031,347.933511410152,351.2756652832031,30259900,0.0,0.0,0.0
2021-07-22 00:00:00-04:00,351.4797336099196,353.6074431991234,351.4797336099196,353.5977478027344,30252200,0.0,0.0,0.0
2021-07-23 00:00:00-04:00,354.91899654541817,358.0085364349719,353.5685495928692,357.726806640625,31960800,0.0,0.0,0.0
2021-07-26 00:00:00-04:00,357.03708054103595,358.397282567666,356.1724111779134,358.0086364746094,28438100,0.0,0.0,0.0
2021-07-27 00:00:00-04:00,357.746322676778,357.746322676778,349.91558431978564,354.0641174316406,57933100,0.0,0.0,0.0
2021-07-28 00:00:00-04:00,355.2007555096555,356.9981394119965,352.90786873247043,355.4241943359375,42066200,0.0,0.0,0.0
2021-07-29 00:00:00-04:00,354.8607009749586,357.2215740873248,354.8607009749586,356.05572509765625,25672500,0.0,0.0,0.0
2021-07-30 00:00:00-04:00,352.13074584835664,354.78310430303725,352.1016003554276,354.2001647949219,36484600,0.0,0.0,0.0
2021-08-02 00:00:00-04:00,355.86145466317794,356.4443940688661,353.520001644176,354.229248046875,27334100,0.0,0.0,0.0
2021-08-03 00:00:00-04:00,354.88992452387834,356.4929857682527,351.70322247856217,356.37640380859375,35558500,0.0,0.0,0.0
2021-08-04 00:00:00-04:00,356.337502476667,357.8434317242009,355.22994430609293,356.89129638671875,29602200,0.0,0.0,0.0
2021-08-05 00:00:00-04:00,357.7073910590354,359.38819319042074,356.99817433299086,359.155029296875,21443900,0.0,0.0,0.0
2021-08-06 00:00:00-04:00,357.89199016381457,358.8635459227193,356.4735270576817,357.5810852050781,33332100,0.0,0.0,0.0
2021-08-09 00:00:00-04:00,358.03774270014765,358.76640957041377,356.9399095212192,358.2417907714844,25960200,0.0,0.0,0.0
2021-08-10 00:00:00-04:00,358.75672632250746,359.0481812206712,355.2202487606175,356.4055480957031,35130800,0.0,0.0,0.0
2021-08-11 00:00:00-04:00,357.66858234224264,358.1640556605862,354.4624302700103,355.79345703125,34249800,0.0,0.0,0.0
2021-08-12 00:00:00-04:00,355.28832922101327,357.43545975897,353.93785209902734,357.07598876953125,25969200,0.0,0.0,0.0
2021-08-13 00:00:00-04:00,357.42565339803343,358.659518507022,356.930150485588,358.3291931152344,19336200,0.0,0.0,0.0
2021-08-16 00:00:00-04:00,357.2119748219875,358.523551582133,353.3548966695648,358.4847106933594,34856900,0.0,0.0,0.0
2021-08-17 00:00:00-04:00,355.7351547573665,356.7067105697037,352.89822838907884,355.3271179199219,44793900,0.0,0.0,0.0
2021-08-18 00:00:00-04:00,354.7927177767465,356.1917604133601,351.57687065148923,351.9071960449219,38541900,0.0,0.0,0.0
2021-08-19 00:00:00-04:00,349.97387327191353,355.27856027177415,349.72125924588516,353.60748291015625,48499400,0.0,0.0,0.0
2021-08-20 00:00:00-04:00,354.67613576735766,357.66854404771954,354.36523081493834,357.27020263671875,39486000,0.0,0.0,0.0
2021-08-23 00:00:00-04:00,358.30975495051,363.30356582383774,358.30005955452134,362.61376953125,34034700,0.0,0.0,0.0
2021-08-24 00:00:00-04:00,363.2063901262377,364.32367328454313,362.74003270254565,363.7213134765625,21732900,0.0,0.0,0.0
2021-08-25 00:00:00-04:00,363.9739817438647,364.7123736957995,363.2258647453417,364.1391296386719,20441900,0.0,0.0,0.0
2021-08-26 00:00:00-04:00,363.28420767946403,363.9642790431549,361.38966174943306,361.8268737792969,29133300,0.0,0.0,0.0
2021-08-27 00:00:00-04:00,362.4583499945528,365.8490704411561,361.97257206698066,365.3438720703125,27104700,0.0,0.0,0.0
2021-08-30 00:00:00-04:00,366.13083855432507,369.9296255952502,366.1113884610643,369.44384765625,27295700,0.0,0.0,0.0
2021-08-31 00:00:00-04:00,369.686738600358,369.75472497853656,367.59786973187414,369.1426696777344,29628200,0.0,0.0,0.0
2021-09-01 00:00:00-04:00,370.2016672848812,371.8241490290895,369.55071178811403,369.7547302246094,28138300,0.0,0.0,0.0
2021-09-02 00:00:00-04:00,371.10515311883734,371.43547851776793,368.3653587724071,369.5798034667969,25453400,0.0,0.0,0.0
2021-09-03 00:00:00-04:00,368.4333603509238,371.1148636188877,368.4139399104051,370.7165222167969,24605400,0.0,0.0,0.0
2021-09-07 00:00:00-04:00,370.82344901614005,371.8921664366808,369.6672951224914,371.2412109375,23970200,0.0,0.0,0.0
2021-09-08 00:00:00-04:00,371.06634955267714,371.06634955267714,367.6853538890298,369.9490661621094,32949200,0.0,0.0,0.0
2021-09-09 00:00:00-04:00,370.17247372014936,371.2800318811056,368.43338058855016,368.67626953125,29399000,0.0,0.0,0.0
2021-09-10 00:00:00-04:00,370.38626849619504,371.10521037835343,365.54790941338325,365.87823486328125,40249400,0.0,0.0,0.0
2021-09-13 00:00:00-04:00,368.20992181049735,368.63740873289976,363.57561133523944,365.6255798339844,48741800,0.0,0.0,0.0
2021-09-14 00:00:00-04:00,367.11201961520175,367.84068638433644,363.63386328299066,364.58599853515625,41826600,0.0,0.0,0.0
2021-09-15 00:00:00-04:00,365.04267443589885,367.64643688561017,362.7497873111235,367.2966613769531,34097900,0.0,0.0,0.0
2021-09-16 00:00:00-04:00,365.9655843601332,368.12243914353587,364.04192310029185,367.5492248535156,35193100,0.0,0.0,0.0
2021-09-17 00:00:00-04:00,367.0732752185729,367.12184115613655,362.15720449594147,363.1967468261719,60912300,0.0,0.0,0.0
2021-09-20 00:00:00-04:00,357.4036777365787,359.1446989416401,351.0523860759697,355.6918640136719,76203200,0.414,0.0,0.0
2021-09-21 00:00:00-04:00,357.5203438341386,358.71669283793653,355.0012284984897,356.1294860839844,41927500,0.0,0.0,0.0
2021-09-22 00:00:00-04:00,357.0438227553833,360.9149125462884,355.9447427828518,359.4559631347656,46972900,0.0,0.0,0.0
2021-09-23 00:00:00-04:00,360.61345840433813,363.8036937916766,359.9715169951143,362.772705078125,44652000,0.0,0.0,0.0
2021-09-24 00:00:00-04:00,360.5063576936416,363.5312612733417,360.13675246373623,363.1130065917969,36056800,0.0,0.0,0.0
2021-09-27 00:00:00-04:00,360.06871061119614,361.0899632808485,357.66630616651645,360.214599609375,43338100,0.0,0.0,0.0
2021-09-28 00:00:00-04:00,355.6626193659367,360.16588392104853,349.5155734589641,350.0213317871094,97701600,0.0,0.0,0.0
2021-09-29 00:00:00-04:00,351.285861353883,353.42563606941854,348.8251011374554,349.44757080078125,58076600,0.0,0.0,0.0
2021-09-30 00:00:00-04:00,351.09136185731893,352.7545561025401,347.3272766106787,348.1637268066406,61384600,0.0,0.0,0.0
2021-10-01 00:00:00-04:00,348.7862203586933,351.36369202460725,344.68170766871515,350.3229675292969,56375500,0.0,0.0,0.0
2021-10-04 00:00:00-04:00,348.7083464504916,349.0390380839239,340.7327742551447,342.9698181152344,76766000,0.0,0.0,0.0
2021-10-05 00:00:00-04:00,344.02997255929625,349.84632794995827,343.80628599045565,347.59954833984375,47232900,0.0,0.0,0.0
2021-10-06 00:00:00-04:00,344.38979992869207,350.0991792514363,343.4852585716728,349.82684326171875,56806500,0.0,0.0,0.0
2021-10-07 00:00:00-04:00,352.87122991088916,355.68215344387613,352.3362936499442,353.0365905761719,39411200,0.0,0.0,0.0
2021-10-08 00:00:00-04:00,354.11619466511115,354.3496467593131,350.74115710996455,351.276123046875,41822300,0.0,0.0,0.0
2021-10-11 00:00:00-04:00,349.7393762271604,353.2603327728741,348.4944071205362,348.58197021484375,34847200,0.0,0.0,0.0
2021-10-12 00:00:00-04:00,350.031093213413,350.4687601594735,346.7241476639016,347.3660888671875,43905100,0.0,0.0,0.0
2021-10-13 00:00:00-04:00,349.67124654874203,350.8189461917306,347.64815359196314,350.1478271484375,40120800,0.0,0.0,0.0
2021-10-14 00:00:00-04:00,353.73683165461904,356.8103549187942,353.0754484627125,356.59637451171875,43433900,0.0,0.0,0.0
2021-10-15 00:00:00-04:00,357.8122121376906,358.95991188767306,356.7812235917874,358.84320068359375,40419900,0.0,0.0,0.0
2021-10-18 00:00:00-04:00,357.54958181402935,362.66564059093747,356.946554138747,362.45166015625,34513500,0.0,0.0,0.0
2021-10-19 00:00:00-04:00,363.52155869340515,365.24310829907796,362.50030598675886,365.1944885253906,29091000,0.0,0.0,0.0
2021-10-20 00:00:00-04:00,365.65167597210274,366.2644395507988,363.2395352909007,364.71795654296875,31390300,0.0,0.0,0.0
2021-10-21 00:00:00-04:00,363.9203467319712,367.139759409477,363.61883289322486,366.9452209472656,25469300,0.0,0.0,0.0
2021-10-22 00:00:00-04:00,365.6905235710402,366.6534206308841,362.19877506830113,363.8619689941406,36275800,0.0,0.0,0.0
2021-10-25 00:00:00-04:00,365.28199256888763,368.5014049436378,363.3367268593153,367.5871276855469,32597800,0.0,0.0,0.0
2021-10-26 00:00:00-04:00,369.82426700241473,372.2363779156397,367.5677512531877,368.74462890625,47191300,0.0,0.0,0.0
2021-10-27 00:00:00-04:00,369.1919755149265,372.66428202015936,368.9293753230013,369.6004943847656,45760500,0.0,0.0,0.0
2021-10-28 00:00:00-04:00,371.49721174896024,373.9579722207458,370.7288233150904,373.705078125,38007000,0.0,0.0,0.0
2021-10-29 00:00:00-04:00,370.6315800201051,375.7087261717123,370.28144633908767,375.5433654785156,37310100,0.0,0.0,0.0
2021-11-01 00:00:00-04:00,375.98099303268674,376.95362598852097,373.8995739420506,376.8271789550781,30765300,0.0,0.0,0.0
2021-11-02 00:00:00-04:00,376.2144686065333,378.87950346614826,376.165848824832,378.40289306640625,25135300,0.0,0.0,0.0
2021-11-03 00:00:00-04:00,378.8891980696305,382.83808593343343,377.84850325015935,382.41986083984375,33748900,0.0,0.0,0.0
2021-11-04 00:00:00-04:00,383.6842918645844,388.2751209954125,383.1396197374018,387.3219299316406,40265300,0.0,0.0,0.0
2021-11-05 00:00:00-04:00,389.09215287374263,390.0161365074907,386.2909648020386,387.6915588378906,43383800,0.0,0.0,0.0
2021-11-08 00:00:00-05:00,387.66231205576224,388.6835647540906,386.5243184732125,387.166259765625,29256300,0.0,0.0,0.0
2021-11-09 00:00:00-05:00,388.2361888677813,388.63497195661483,383.13960148519317,384.50128173828125,50490700,0.0,0.0,0.0
2021-11-10 00:00:00-05:00,381.72926606554546,384.540159937135,376.92445677960063,378.85028076171875,54937400,0.0,0.0,0.0
2021-11-11 00:00:00-05:00,381.82655037652,382.0016171956971,379.56029882613444,379.9007263183594,32243000,0.0,0.0,0.0
2021-11-12 00:00:00-05:00,381.0483565829785,384.43312954777235,379.4532541621437,383.898193359375,34730600,0.0,0.0,0.0
2021-11-15 00:00:00-05:00,385.0751401907172,385.3960960251262,381.36941078142974,383.8106994628906,33716900,0.0,0.0,0.0
2021-11-16 00:00:00-05:00,383.0812224246189,387.0398458924159,382.88671363238944,386.5438232421875,27872900,0.0,0.0,0.0
2021-11-17 00:00:00-05:00,386.86478860727243,388.78087686824887,385.78518018894584,386.7480773925781,28703300,0.0,0.0,0.0
2021-11-18 00:00:00-05:00,388.7906020726515,391.26106853591654,386.573000006846,390.75531005859375,45721500,0.0,0.0,0.0
2021-11-19 00:00:00-05:00,392.3892574304482,394.2080760823908,391.5625135843656,392.9339294433594,45191700,0.0,0.0,0.0
2021-11-22 00:00:00-05:00,394.4707728765568,397.5248250612639,388.26536958827234,388.3723449707031,61715400,0.0,0.0,0.0
2021-11-23 00:00:00-05:00,387.2148761381592,389.2768828543448,382.16693860936056,386.6021423339844,70098700,0.0,0.0,0.0
2021-11-24 00:00:00-05:00,384.121996956406,388.1292407241994,381.7974191981564,387.8471984863281,46954400,0.0,0.0,0.0
2021-11-26 00:00:00-05:00,385.26955837531193,386.6604458170487,379.1030700777945,380.49395751953125,51533300,0.0,0.0,0.0
2021-11-29 00:00:00-05:00,385.05577569506534,389.76331686885004,384.32630078767784,388.75177001953125,54447100,0.0,0.0,0.0
2021-11-30 00:00:00-05:00,387.86664096167675,390.2106903823826,381.02903119980994,383.0423889160156,81332700,0.0,0.0,0.0
2021-12-01 00:00:00-05:00,387.380284034445,389.52008858463853,376.0588509406697,376.52569580078125,77766500,0.0,0.0,0.0
2021-12-02 00:00:00-05:00,375.2418725575302,381.0193160765427,373.8218364122323,379.2394104003906,84416600,0.0,0.0,0.0
2021-12-03 00:00:00-05:00,380.60096618273656,381.6027768520608,368.53058869788106,372.64483642578125,105349100,0.0,0.0,0.0
2021-12-06 00:00:00-05:00,373.13124618399485,376.99260083295,368.9197281792316,375.63092041015625,67588800,0.0,0.0,0.0
2021-12-07 00:00:00-05:00,382.27399977909755,387.55539057722774,382.2350861426318,386.942626953125,56005300,0.0,0.0,0.0
2021-12-08 00:00:00-05:00,387.27329443125376,388.87813294378265,385.37664820946287,388.6738586425781,39204000,0.0,0.0,0.0
2021-12-09 00:00:00-05:00,387.4483631974559,389.24774019188266,382.7602649929764,382.9548034667969,49973700,0.0,0.0,0.0
2021-12-10 00:00:00-05:00,385.7656712319082,387.3802454713432,382.5948783547429,387.1176452636719,52545800,0.0,0.0,0.0
2021-12-13 00:00:00-05:00,387.10786632451544,387.42882209814735,381.1553581543373,381.52496337890625,50166400,0.0,0.0,0.0
2021-12-14 00:00:00-05:00,376.70074791408535,379.41440228714094,373.1312014367775,377.5761413574219,75199200,0.0,0.0,0.0
2021-12-15 00:00:00-05:00,377.3232568620715,386.5438285946548,373.3743691680471,386.1839294433594,73858000,0.0,0.0,0.0
2021-12-16 00:00:00-05:00,387.14682731739265,387.5747881895297,374.66792996001715,376.2533264160156,82591400,0.0,0.0,0.0
2021-12-17 00:00:00-05:00,372.83935256246275,378.5389967311671,371.3220476290657,374.3761291503906,80492500,0.0,0.0,0.0
2021-12-20 00:00:00-05:00,369.65389321202224,371.53346560369397,367.6087489251859,370.74462890625,65336800,0.491,0.0,0.0
2021-12-21 00:00:00-05:00,374.0167319134264,379.35357832692245,370.2673364379211,379.04193115234375,48899500,0.0,0.0,0.0
2021-12-22 00:00:00-05:00,378.74974256775334,383.8625864898868,378.08751467833173,383.6580810546875,37042200,0.0,0.0,0.0
2021-12-23 00:00:00-05:00,384.0087984673513,388.02116027516325,383.8432562962341,386.5506286621094,29595500,0.0,0.0,0.0
2021-12-27 00:00:00-05:00,387.84580044463326,392.9391784667969,387.81658537729174,392.9391784667969,32820700,0.0,0.0,0.0
2021-12-28 00:00:00-05:00,393.8351623802079,394.0104527999988,390.2415601729176,391.1180419921875,33113700,0.0,0.0,0.0
2021-12-29 00:00:00-05:00,391.25438777123253,392.52041372779274,388.68334280550386,391.0596008300781,32248500,0.0,0.0,0.0
2021-12-30 00:00:00-05:00,390.8453700057501,393.026870937428,389.3066600735181,389.8909912109375,23850100,0.0,0.0,0.0
2021-12-31 00:00:00-05:00,389.2190107652418,390.5824302579958,386.95961290849766,387.456298828125,34752900,0.0,0.0,0.0
2022-01-03 00:00:00-05:00,388.62492150092214,391.4394353469124,386.51162877090127,391.18621826171875,40575900,0.0,0.0,0.0
2022-01-04 00:00:00-05:00,391.7315848969011,391.7705482299664,383.01541893347996,386.1123352050781,58027200,0.0,0.0,0.0
2022-01-05 00:00:00-05:00,384.4275597698944,385.54754023833226,373.9973627235107,374.2505798339844,75739800,0.0,0.0,0.0
2022-01-06 00:00:00-05:00,372.42943304347233,377.2306314972155,370.19925011866803,373.98760986328125,70814300,0.0,0.0,0.0
2022-01-07 00:00:00-05:00,373.9972600596945,375.6820747117179,368.1637576183187,369.9361877441406,72652300,0.0,0.0,0.0
2022-01-10 00:00:00-05:00,365.0279090976705,370.69586988679407,359.661847242509,370.1796875,91770500,0.0,0.0,0.0
2022-01-11 00:00:00-05:00,369.4492543074424,375.90605116159617,367.3651769879985,375.7405090332031,68295700,0.0,0.0,0.0
2022-01-12 00:00:00-05:00,378.31154749648664,380.00611053470755,374.95169592751887,377.2305603027344,54576400,0.0,0.0,0.0
2022-01-13 00:00:00-05:00,378.61350290208264,379.2952275240133,366.85885020807444,367.79376220703125,77994000,0.0,0.0,0.0
2022-01-14 00:00:00-05:00,365.27139040203764,370.4134504382263,365.06685520469034,370.08233642578125,80121200,0.0,0.0,0.0
2022-01-18 00:00:00-05:00,364.2683212855361,366.39136228190114,360.1098547820308,360.8694763183594,75450900,0.0,0.0,0.0
2022-01-19 00:00:00-05:00,362.42770992919867,364.9013616697189,356.6428879028102,356.9058532714844,81791500,0.0,0.0,0.0
2022-01-20 00:00:00-05:00,360.1293528653298,364.1027509832261,351.73455259619834,352.2701721191406,88610700,0.0,0.0,0.0
2022-01-21 00:00:00-05:00,350.0789145108733,352.7181079448339,342.2197346222496,342.5021667480469,143388900,0.0,0.0,0.0
2022-01-24 00:00:00-05:00,336.8732363075076,344.73241775804007,325.4204523266668,344.0701599121094,198685800,0.0,0.0,0.0
2022-01-25 00:00:00-05:00,337.61332782671474,341.85940942247294,332.75367038091014,336.09405517578125,124398400,0.0,0.0,0.0
2022-01-26 00:00:00-05:00,343.69035417715276,347.5566405149398,331.87724139745393,335.5682373046875,146559500,0.0,0.0,0.0
2022-01-27 00:00:00-05:00,340.2720577142969,342.0931999511499,331.16631680971324,332.18890380859375,95255700,0.0,0.0,0.0
2022-01-28 00:00:00-05:00,334.06846815680814,342.82359825338784,329.12119433675423,342.6093444824219,108167900,0.0,0.0,0.0
2022-01-31 00:00:00-05:00,343.9726923125403,354.14966913051103,342.33655958039134,353.5653381347656,94326400,0.0,0.0,0.0
2022-02-01 00:00:00-05:00,354.90933530146293,356.6233651798922,349.75755684421006,355.9708557128906,74433000,0.0,0.0,0.0
2022-02-02 00:00:00-05:00,360.10015246087346,360.43126650749025,354.7730532032093,358.8633117675781,78777100,0.0,0.0,0.0
2022-02-03 00:00:00-05:00,349.1634773534148,352.4746471186195,343.25204770428917,344.3135681152344,95384800,0.0,0.0,0.0
2022-02-04 00:00:00-05:00,344.8297821711798,351.95855710008027,342.77491938097467,348.6571350097656,86318300,0.0,0.0,0.0
2022-02-07 00:00:00-05:00,349.25114058242553,351.61765032861587,344.5960180338166,345.8523254394531,58198100,0.0,0.0,0.0
2022-02-08 00:00:00-05:00,344.71289795589774,350.82883374138515,343.58319902478024,349.73809814453125,64720900,0.0,0.0,0.0
2022-02-09 00:00:00-05:00,354.2568812229211,357.22718893761805,352.6597114986028,357.1492919921875,55766400,0.0,0.0,0.0
2022-02-10 00:00:00-05:00,350.1276521478093,356.9155644682543,347.22552265055316,349.0661315917969,112468500,0.0,0.0,0.0
2022-02-11 00:00:00-05:00,349.0660901088654,350.6632597451943,336.76604124970885,337.9931335449219,101569100,0.0,0.0,0.0
2022-02-14 00:00:00-05:00,337.4380509471334,341.8107713545148,334.905998885152,338.41192626953125,80254400,0.0,0.0,0.0
2022-02-15 00:00:00-05:00,343.6903833381679,347.05998402163607,342.62886268043815,346.8262634277344,55128800,0.0,0.0,0.0
2022-02-16 00:00:00-05:00,344.57655164209007,347.7611130431249,341.54778412878585,346.7385559082031,58947100,0.0,0.0,0.0
2022-02-17 00:00:00-05:00,343.5247302610099,344.2259215973404,336.006412490477,336.4252014160156,61801400,0.0,0.0,0.0
2022-02-18 00:00:00-05:00,337.36011738339107,337.74966152600837,330.2800552572967,332.588134765625,80001500,0.0,0.0,0.0
2022-02-22 00:00:00-05:00,329.64703413059453,335.05205976865096,325.61520592456526,329.24774169921875,85967100,0.0,0.0,0.0
2022-02-23 00:00:00-05:00,332.4031047994044,333.24062324194284,320.5023481509499,320.8139953613281,86215400,0.0,0.0,0.0
2022-02-24 00:00:00-05:00,310.51039353763224,332.1304368387252,309.94555894702495,331.59478759765625,130614100,0.0,0.0,0.0
2022-02-25 00:00:00-05:00,332.39337147017665,336.94138213250466,328.57579699262675,336.7368469238281,78842100,0.0,0.0,0.0
2022-02-28 00:00:00-05:00,333.5620257210726,339.43449236604516,332.40311178089286,337.73992919921875,77515500,0.0,0.0,0.0
2022-03-01 00:00:00-05:00,336.7173210160837,338.9864369571299,330.04627053417596,332.568603515625,67407000,0.0,0.0,0.0
2022-03-02 00:00:00-05:00,334.11712876141945,339.4831912377867,331.35132644345447,338.14898681640625,70609000,0.0,0.0,0.0
2022-03-03 00:00:00-05:00,340.78827358425053,340.8954153523071,331.45855863195845,333.31866455078125,71089400,0.0,0.0,0.0
2022-03-04 00:00:00-05:00,330.96174951241795,332.3933472673378,326.17030009780126,328.48809814453125,76936300,0.0,0.0,0.0
2022-03-07 00:00:00-05:00,328.4783684935688,329.63728233789755,316.1685719260236,316.3730773925781,89933800,0.0,0.0,0.0
2022-03-08 00:00:00-05:00,315.5842827764271,324.5049841954412,311.58166951225644,314.902587890625,116153900,0.0,0.0,0.0
2022-03-09 00:00:00-05:00,323.0831482409689,327.5921958789798,320.4926362364872,326.2384948730469,64723400,0.0,0.0,0.0
2022-03-10 00:00:00-05:00,322.17746604211277,323.82331784104474,318.17482270496157,322.6156921386719,69362700,0.0,0.0,0.0
2022-03-11 00:00:00-05:00,325.58596495257655,325.8976121503663,315.43817226185195,315.92510986328125,66228400,0.0,0.0,0.0
2022-03-14 00:00:00-04:00,314.68832321154076,318.05792335040644,309.15671876755334,309.85791015625,79802600,0.0,0.0,0.0
2022-03-15 00:00:00-04:00,312.49708626661936,320.35626644797605,310.89019809296275,319.5771484375,76471000,0.0,0.0,0.0
2022-03-16 00:00:00-04:00,323.4921822389416,331.54612053854316,319.8206532148058,331.42926025390625,105243000,0.0,0.0,0.0
2022-03-17 00:00:00-04:00,329.53015952791367,335.50001949212384,328.23491853830734,335.44158935546875,67810000,0.0,0.0,0.0
2022-03-18 00:00:00-04:00,333.78602484866855,342.59961451650804,332.62711081530585,342.30743408203125,85446300,0.0,0.0,0.0
2022-03-21 00:00:00-04:00,341.4728084465132,343.69598822744615,336.967916745751,341.35577392578125,73799100,0.434,0.0,0.0
2022-03-22 00:00:00-04:00,341.8530501225999,348.93213540233734,341.4727846671497,348.0643005371094,63345900,0.0,0.0,0.0
2022-03-23 00:00:00-04:00,345.1877678450262,348.7468006718368,343.00357038743124,343.06207275390625,70615500,0.0,0.0,0.0
2022-03-24 00:00:00-04:00,344.98297609778405,350.73596663379254,342.8280596036386,350.68719482421875,53555300,0.0,0.0,0.0
2022-03-25 00:00:00-04:00,350.62872383979783,351.6818260333896,346.0946115385893,350.39471435546875,57584200,0.0,0.0,0.0
2022-03-28 00:00:00-04:00,350.38493365490325,355.9136454569455,349.1465938629714,355.8161315917969,56833900,0.0,0.0,0.0
2022-03-29 00:00:00-04:00,359.70672694862424,362.5637019901702,356.9375054681398,361.9396667480469,68073000,0.0,0.0,0.0
2022-03-30 00:00:00-04:00,360.07725940542946,361.7349060109512,356.45972376857384,357.94183349609375,68757700,0.0,0.0,0.0
2022-03-31 00:00:00-04:00,358.0880728528101,358.4391168355058,352.66663492729305,353.5052185058594,67011400,0.0,0.0,0.0
2022-04-01 00:00:00-04:00,353.76852631291604,354.54857786742474,349.65369038520504,352.83245849609375,54527800,0.0,0.0,0.0
2022-04-04 00:00:00-04:00,353.67097229295626,360.10650103702426,353.4077116185241,360.09674072265625,45950200,0.0,0.0,0.0
2022-04-05 00:00:00-04:00,358.6439089147844,359.3557275043423,350.96027939900637,352.10113525390625,62738700,0.0,0.0,0.0
2022-04-06 00:00:00-04:00,346.78690570881565,347.88874994745345,341.82375623495386,344.45648193359375,90077100,0.0,0.0,0.0
2022-04-07 00:00:00-04:00,343.4618501091243,347.4694406540072,340.0003312326715,345.2755126953125,63777400,0.0,0.0,0.0
2022-04-08 00:00:00-04:00,343.5399586789229,344.2907590548341,339.81514847503445,340.4489440917969,61956100,0.0,0.0,0.0
2022-04-11 00:00:00-04:00,336.2170693357857,337.1336461991477,332.05349170625715,332.394775390625,66107400,0.0,0.0,0.0
2022-04-12 00:00:00-04:00,337.14340927653535,339.0253050777088,329.61579631478435,330.99066162109375,72790200,0.0,0.0,0.0
2022-04-13 00:00:00-04:00,331.331842430134,338.77170018879127,330.61029347032303,337.7186279296875,61367800,0.0,0.0,0.0
2022-04-14 00:00:00-04:00,337.806488782239,338.3232796419303,329.78157510501154,329.99609375,73519400,0.0,0.0,0.0
2022-04-18 00:00:00-04:00,328.9430006089207,332.54104552775783,327.4218793147686,330.2496032714844,58560600,0.0,0.0,0.0
2022-04-19 00:00:00-04:00,329.6060677727792,338.20627468447685,328.5822463696504,337.6309814453125,56515700,0.0,0.0,0.0
2022-04-20 00:00:00-04:00,338.4402889823752,338.8985774684599,331.4879684359896,332.7068176269531,65500000,0.0,0.0,0.0
2022-04-21 00:00:00-04:00,336.58757504715226,339.2007800342766,324.8963855304097,325.82269287109375,75801000,0.0,0.0,0.0
2022-04-22 00:00:00-04:00,325.9786995316237,327.1975484365031,316.86170377171504,317.2907409667969,82562100,0.0,0.0,0.0
2022-04-25 00:00:00-04:00,315.66244780765106,321.6786707164179,314.39482680195033,321.36663818359375,101755900,0.0,0.0,0.0
2022-04-26 00:00:00-04:00,319.30925141670565,319.4945188827533,308.9636435379206,309.2366943359375,105819600,0.0,0.0,0.0
2022-04-27 00:00:00-04:00,309.33416895411995,314.83363086897674,307.15000069366886,308.86614990234375,111204200,0.0,0.0,0.0
2022-04-28 00:00:00-04:00,313.8292027532657,321.66884676113546,309.6070937414777,319.835693359375,99450000,0.0,0.0,0.0
2022-04-29 00:00:00-04:00,315.6331629944997,319.07519153345316,304.8097774412421,305.4435729980469,91977900,0.0,0.0,0.0
2022-05-02 00:00:00-04:00,305.03399198530184,310.7772223602127,301.93324748505074,310.543212890625,115511800,0.0,0.0,0.0
2022-05-03 00:00:00-04:00,310.56278434940856,313.1662594023677,308.1055950099553,310.87481689453125,78185500,0.0,0.0,0.0
2022-05-04 00:00:00-04:00,311.35256472176445,322.0589460045462,306.06765165068026,321.3861389160156,116083400,0.0,0.0,0.0
2022-05-05 00:00:00-04:00,317.06652589040266,317.144519135594,301.90402602983977,305.1997985839844,154607400,0.0,0.0,0.0
2022-05-06 00:00:00-04:00,303.2009206408079,307.2377334745027,297.5064313350277,301.54327392578125,139572800,0.0,0.0,0.0
2022-05-09 00:00:00-04:00,295.91704956152574,301.64075976693016,288.3504253646002,289.7447814941406,113387300,0.0,0.0,0.0
2022-05-10 00:00:00-04:00,296.92134766768595,298.1401965484511,289.1792171965017,293.2648010253906,124124600,0.0,0.0,0.0
2022-05-11 00:00:00-04:00,291.0026055726753,296.51179647167174,283.69927272156076,284.56707763671875,140326100,0.0,0.0,0.0
2022-05-12 00:00:00-04:00,280.2864819974274,288.37962612795286,277.8390240843642,283.8942565917969,120910900,0.0,0.0,0.0
2022-05-13 00:00:00-04:00,288.35047145853673,295.4490480565435,286.7513270140495,294.41546630859375,83684900,0.0,0.0,0.0
2022-05-16 00:00:00-04:00,292.670001529711,294.72743401415767,289.7252732031268,291.00262451171875,59190400,0.0,0.0,0.0
2022-05-17 00:00:00-04:00,296.8629014948216,298.9203045116113,293.0600684613582,298.5400390625,62715300,0.0,0.0,0.0
2022-05-18 00:00:00-04:00,294.025400603484,294.71769852776856,282.6267219754765,283.88458251953125,79477100,0.0,0.0,0.0
2022-05-19 00:00:00-04:00,282.0806213087218,287.0535303199729,280.4132147400516,282.3633728027344,79920700,0.0,0.0,0.0
2022-05-20 00:00:00-04:00,285.8250159086934,286.47830241216997,273.22697755707856,281.48590087890625,91764200,0.0,0.0,0.0
2022-05-23 00:00:00-04:00,282.5292035679818,286.54652518718103,280.130517022383,286.166259765625,63648400,0.0,0.0,0.0
2022-05-24 00:00:00-04:00,280.94965263922137,281.66144160827423,275.21618059067515,280.0818176269531,73491100,0.0,0.0,0.0
2022-05-25 00:00:00-04:00,278.58984938084336,286.0784797006402,278.3850910959002,284.0015563964844,67144500,0.0,0.0,0.0
2022-05-26 00:00:00-04:00,283.2020139981043,293.4208550430776,282.9192326893722,291.8704528808594,59462200,0.0,0.0,0.0
2022-05-27 00:00:00-04:00,295.0004856521635,301.54325911042497,294.88348090288605,301.3970031738281,66985600,0.0,0.0,0.0
2022-05-31 00:00:00-04:00,301.3677330030046,303.57139174205287,296.7458373982823,300.597412109375,60968300,0.0,0.0,0.0
2022-06-01 00:00:00-04:00,302.7328423020077,304.8585078295692,296.1608179752849,298.3742370605469,65341700,0.0,0.0,0.0
2022-06-02 00:00:00-04:00,297.2529359659999,306.72094780932804,295.8390590524458,306.5454406738281,59291300,0.0,0.0,0.0
2022-06-03 00:00:00-04:00,301.32873605577254,302.7328525405804,297.321174666632,298.56927490234375,60914700,0.0,0.0,0.0
2022-06-06 00:00:00-04:00,303.0058404030601,304.5659729663611,298.0036796925584,299.5638122558594,51785000,0.0,0.0,0.0
2022-06-07 00:00:00-04:00,296.2388188699599,302.9278778701051,295.1467348920725,302.1477966308594,44900300,0.0,0.0,0.0
2022-06-08 00:00:00-04:00,301.34831617263006,303.95179160504154,299.12513603946326,299.9734802246094,38342100,0.0,0.0,0.0
2022-06-09 00:00:00-04:00,298.28652730672485,301.34826098976845,291.77300439528057,291.9387512207031,55900500,0.0,0.0,0.0
2022-06-10 00:00:00-04:00,286.33203587892865,287.52163383758494,281.19337858382175,281.64190673828125,85963500,0.0,0.0,0.0
2022-06-13 00:00:00-04:00,272.7784720379273,275.3039242046248,267.68855619514085,268.546630859375,94442000,0.0,0.0,0.0
2022-06-14 00:00:00-04:00,270.7405073348584,271.7155865820096,266.52815784547136,269.03411865234375,64697500,0.0,0.0,0.0
2022-06-15 00:00:00-04:00,272.4566377365892,279.68194827863294,269.7166378626102,275.75238037109375,86051400,0.0,0.0,0.0
2022-06-16 00:00:00-04:00,268.72205399569987,269.1803423773034,262.56930706299113,264.6267395019531,81910300,0.0,0.0,0.0
2022-06-17 00:00:00-04:00,265.397054578494,270.2822109859682,263.76868894737345,267.8445129394531,82703400,0.0,0.0,0.0
2022-06-21 00:00:00-04:00,272.3258532528724,276.9175477266973,272.2184026530174,274.6021423339844,51633700,0.527,0.0,0.0
2022-06-22 00:00:00-04:00,272.10112488344555,278.6076398901615,271.50519745679884,274.20159912109375,67472900,0.0,0.0,0.0
2022-06-23 00:00:00-04:00,276.683029536765,279.1351926915743,273.8498699692125,278.2852478027344,57457800,0.0,0.0,0.0
2022-06-24 00:00:00-04:00,281.1086156093789,288.2403946837072,280.8741562890391,287.8202819824219,58422300,0.0,0.0,0.0
2022-06-27 00:00:00-04:00,289.17822536194814,289.74484525283174,284.5767828942136,285.7100524902344,54151500,0.0,0.0,0.0
2022-06-28 00:00:00-04:00,286.2473733023831,288.8362940946561,276.81977806261284,277.0054016113281,61609800,0.0,0.0,0.0
2022-06-29 00:00:00-04:00,276.868654440148,278.76394687885903,274.36765551748465,277.2594299316406,57302700,0.0,0.0,0.0
2022-06-30 00:00:00-04:00,274.2797260299329,277.39621043122844,269.4242653952654,273.820556640625,79313600,0.0,0.0,0.0
2022-07-01 00:00:00-04:00,272.5212243301203,276.01870517279946,270.645460260721,275.6279296875,56675100,0.0,0.0,0.0
2022-07-05 00:00:00-04:00,271.8959161183753,280.46378726256006,270.3718711000249,280.3465576171875,61829300,0.0,0.0,0.0
2022-07-06 00:00:00-04:00,280.72760032166383,284.24463896136103,279.0081525835329,282.1441650390625,63194700,0.0,0.0,0.0
2022-07-07 00:00:00-04:00,282.95511528088593,288.88523161284223,282.95511528088593,288.18182373046875,56620100,0.0,0.0,0.0
2022-07-08 00:00:00-04:00,285.34864650653003,289.91103377040923,284.410779227162,288.5433044433594,59895500,0.0,0.0,0.0
2022-07-11 00:00:00-04:00,286.1300983132425,286.35477849979156,281.49934903314676,282.37860107421875,55273900,0.0,0.0,0.0
2022-07-12 00:00:00-04:00,283.629113949036,285.54393423605353,278.0506886532368,279.64312744140625,55797100,0.0,0.0,0.0
2022-07-13 00:00:00-04:00,274.13322897066035,281.41151653972287,273.566579098107,279.06683349609375,73939400,0.0,0.0,0.0
2022-07-14 00:00:00-04:00,276.4680816551164,280.9327666322429,273.35159737692584,280.06329345703125,63741800,0.0,0.0,0.0
2022-07-15 00:00:00-04:00,283.0527371949575,285.25088248380956,281.4407401317298,285.1434020996094,63818100,0.0,0.0,0.0
2022-07-18 00:00:00-04:00,287.92780879136325,289.33462456868074,281.55808110992064,282.73040771484375,59519600,0.0,0.0,0.0
2022-07-19 00:00:00-04:00,286.35484062579235,291.7183358870412,284.7526523077867,291.42523193359375,55172600,0.0,0.0,0.0
2022-07-20 00:00:00-04:00,291.84534577642216,297.2283395826278,291.06376504505164,296.0462341308594,67769400,0.0,0.0,0.0
2022-07-21 00:00:00-04:00,296.5053752754604,300.35457429514867,293.84806067020736,300.29595947265625,55049400,0.0,0.0,0.0
2022-07-22 00:00:00-04:00,299.3679507669195,301.43908808714843,293.20337457134076,295.0302734375,57127700,0.0,0.0,0.0
2022-07-25 00:00:00-04:00,295.059460964246,295.52840933864144,291.347049896602,293.34979248046875,40582400,0.0,0.0,0.0
2022-07-26 00:00:00-04:00,291.64988392979683,291.90390134270416,286.77489622800067,287.58575439453125,50074100,0.0,0.0,0.0
2022-07-27 00:00:00-04:00,292.1481871544827,301.42924553684514,291.5815374204187,299.7391052246094,69304400,0.0,0.0,0.0
2022-07-28 00:00:00-04:00,299.5242214249336,303.2464125140095,295.772722918395,302.6700134277344,55139900,0.0,0.0,0.0
2022-07-29 00:00:00-04:00,304.21358001413796,309.0983477604255,302.7872063659575,308.18975830078125,57501000,0.0,0.0,0.0
2022-08-01 00:00:00-04:00,306.4215206914611,311.4626053389517,305.32733732256594,308.0041809082031,46358800,0.0,0.0,0.0
2022-08-02 00:00:00-04:00,305.7083674554013,311.2085917879975,304.6532407546723,307.0858459472656,48676500,0.0,0.0,0.0
2022-08-03 00:00:00-04:00,308.7661886884473,316.2692153679035,308.7075738546769,315.4485778808594,53735700,0.0,0.0,0.0
2022-08-04 00:00:00-04:00,315.5266697200189,317.236338326772,313.37736011725616,316.9237060546875,38973700,0.0,0.0,0.0
2022-08-05 00:00:00-04:00,311.83374906828004,316.3667972091247,311.05219829669505,314.3347473144531,53894000,0.0,0.0,0.0
2022-08-08 00:00:00-04:00,315.253165518733,318.94604900385633,311.8533561934375,313.31878662109375,43878500,0.0,0.0,0.0
2022-08-09 00:00:00-04:00,311.42342300754336,311.6774404308173,308.15065298552094,309.7723693847656,39764200,0.0,0.0,0.0
2022-08-10 00:00:00-04:00,317.1093428781285,318.71156097894493,314.63765163860506,318.41845703125,51459600,0.0,0.0,0.0
2022-08-11 00:00:00-04:00,320.74360811155844,322.7463509040136,315.9076762566471,316.611083984375,45897700,0.0,0.0,0.0
2022-08-12 00:00:00-04:00,318.662669784453,322.9710380850306,317.6075731746753,322.7756652832031,40928400,0.0,0.0,0.0
2022-08-15 00:00:00-04:00,321.8281201322974,325.88247226582087,321.80856197600605,325.38421630859375,38266600,0.0,0.0,0.0
2022-08-16 00:00:00-04:00,324.40720036948693,326.7128263002357,321.57404097671457,324.62213134765625,41186900,0.0,0.0,0.0
2022-08-17 00:00:00-04:00,321.4860832984017,323.7916791607676,318.8385179468032,320.91943359375,47842200,0.0,0.0,0.0
2022-08-18 00:00:00-04:00,320.8707076027406,322.8734509617022,319.25873979988563,321.69134521484375,41937200,0.0,0.0,0.0
2022-08-19 00:00:00-04:00,318.6529945948618,319.30753686380024,314.65722781123844,315.41925048828125,51770600,0.0,0.0,0.0
2022-08-22 00:00:00-04:00,311.15971442628387,311.39417374431594,306.30425395365506,307.1151123046875,51098900,0.0,0.0,0.0
2022-08-23 00:00:00-04:00,306.8806428397244,309.69427382010605,306.10884119104537,306.8611145019531,39497100,0.0,0.0,0.0
2022-08-24 00:00:00-04:00,306.3823937431,309.5672719111162,305.7766873020248,307.7501525878906,38057100,0.0,0.0,0.0
2022-08-25 00:00:00-04:00,309.5282266157888,313.21136113357704,308.48290881912897,313.1918029785156,38098300,0.0,0.0,0.0
2022-08-26 00:00:00-04:00,312.8987265746336,314.10039034621394,300.2667225210204,300.3546447753906,69047700,0.0,0.0,0.0
2022-08-29 00:00:00-04:00,297.59962213751817,300.13970764196387,296.2905077976387,297.39447021484375,48321900,0.0,0.0,0.0
2022-08-30 00:00:00-04:00,299.04555289734236,299.66103853847943,291.5620834930441,294.0826110839844,51184500,0.0,0.0,0.0
2022-08-31 00:00:00-04:00,296.98408549089675,297.8828958308832,292.2654131951686,292.37286376953125,50044000,0.0,0.0,0.0
2022-09-01 00:00:00-04:00,289.8817101402858,292.8711861501975,286.19860533441727,292.49993896484375,57990700,0.0,0.0,0.0
2022-09-02 00:00:00-04:00,295.37211033183024,296.74961831058744,286.75537351879814,288.36737060546875,64666800,0.0,0.0,0.0
2022-09-06 00:00:00-04:00,288.84606768368445,289.7644063343311,284.16645219550657,286.29620361328125,57005400,0.0,0.0,0.0
2022-09-07 00:00:00-04:00,286.7749528560577,293.07628535272244,286.51115631694785,292.0798034667969,49260400,0.0,0.0,0.0
2022-09-08 00:00:00-04:00,290.0086525256781,294.9129483640316,288.64092358811484,293.59405517578125,55649800,0.0,0.0,0.0
2022-09-09 00:00:00-04:00,295.8508330938615,300.5109206504732,293.59407275816847,300.0126647949219,56125200,0.0,0.0,0.0
2022-09-12 00:00:00-04:00,301.39015542418196,303.91068234154807,301.0775231480615,303.5785217285156,45905700,0.0,0.0,0.0
2022-09-13 00:00:00-04:00,294.84460581073347,296.0364904812311,286.0422735138361,286.9313049316406,79562200,0.0,0.0,0.0
2022-09-14 00:00:00-04:00,288.0743411811005,290.08686347686927,286.30605731748096,289.2076110839844,54907200,0.0,0.0,0.0
2022-09-15 00:00:00-04:00,287.2927582788641,289.696055836825,282.7889865858382,284.3912048339844,65299400,0.0,0.0,0.0
2022-09-16 00:00:00-04:00,281.08908996251955,283.04299715541504,279.0374814471277,282.6522216796875,79920400,0.0,0.0,0.0
2022-09-19 00:00:00-04:00,280.0086793621741,285.0098685244469,279.9499592056261,284.853271484375,52613800,0.519,0.0,0.0
2022-09-20 00:00:00-04:00,282.3477921314196,284.8728784555132,280.2827301687522,282.58270263671875,51271100,0.0,0.0,0.0
2022-09-21 00:00:00-04:00,283.42441230062724,287.6916002247942,277.38579286511487,277.5227966308594,82931000,0.0,0.0,0.0
2022-09-22 00:00:00-04:00,275.9959569957898,277.0040261404584,272.8836693298613,274.1070556640625,62757100,0.0,0.0,0.0
2022-09-23 00:00:00-04:00,271.6407409257336,271.93437162201394,266.22847995728023,269.6441955566406,74815200,0.0,0.0,0.0
2022-09-26 00:00:00-04:00,269.174363457484,273.5393976947486,267.73565988107157,268.5284118652344,71176700,0.0,0.0,0.0
2022-09-27 00:00:00-04:00,271.8951659614625,274.2440617698414,266.31651228221097,268.6360778808594,69780100,0.0,0.0,0.0
2022-09-28 00:00:00-04:00,268.6165511000599,275.26199573338226,267.1387203397635,273.9798889160156,79652100,0.0,0.0,0.0
2022-09-29 00:00:00-04:00,269.98673614914634,270.3684471169324,263.11620753953764,266.0816955566406,81216000,0.0,0.0,0.0
2022-09-30 00:00:00-04:00,265.25957801190714,269.3310122476343,261.41325766558816,261.5698547363281,78482400,0.0,0.0,0.0
2022-10-03 00:00:00-04:00,263.34126460675094,269.30159943938116,261.8340442303221,267.706298828125,61267400,0.0,0.0,0.0
2022-10-04 00:00:00-04:00,273.0500989493547,276.8279323910832,273.0500989493547,276.1232604980469,66696900,0.0,0.0,0.0
2022-10-05 00:00:00-04:00,272.3552344355478,277.7674959008721,269.55614005462246,275.9764709472656,55766300,0.0,0.0,0.0
2022-10-06 00:00:00-04:00,274.9781747721384,278.12962012151854,273.48075063870294,273.8037414550781,53489400,0.0,0.0,0.0
2022-10-07 00:00:00-04:00,269.1645150009138,269.2917519386923,262.0395152957496,263.3705749511719,71354700,0.0,0.0,0.0
2022-10-10 00:00:00-04:00,263.5663998737213,263.9579074840265,258.02693157551664,260.7379455566406,60393000,0.0,0.0,0.0
2022-10-11 00:00:00-04:00,259.06434824004356,261.93195915010915,255.47247218095,257.1558532714844,66522500,0.0,0.0,0.0
2022-10-12 00:00:00-04:00,257.79198423701354,259.7102458087687,256.3728738896596,257.0677490234375,50580200,0.0,0.0,0.0
2022-10-13 00:00:00-04:00,249.72744717566468,264.41788206770633,248.8465999207838,263.09661865234375,112894100,0.0,0.0,0.0
2022-10-14 00:00:00-04:00,265.4259013506941,266.0228995234877,254.60138184925248,255.18858337402344,77244300,0.0,0.0,0.0
2022-10-17 00:00:00-04:00,261.158816772981,264.4864228111585,261.0609398578909,263.6153869628906,64576500,0.0,0.0,0.0
2022-10-18 00:00:00-04:00,270.64248223774274,271.30799739519153,263.01832840793145,265.70001220703125,69781000,0.0,0.0,0.0
2022-10-19 00:00:00-04:00,264.18297380767734,267.85313339964506,262.3625889866223,264.7310485839844,53115400,0.0,0.0,0.0
2022-10-20 00:00:00-04:00,263.8404266714654,268.9884468880424,262.21579559893996,263.38043212890625,60605500,0.0,0.0,0.0
2022-10-21 00:00:00-04:00,262.2744927331218,270.0943694020955,261.13918651782416,269.55609130859375,77897700,0.0,0.0,0.0
2022-10-24 00:00:00-04:00,269.820389534672,273.4513929468913,266.1795894710103,272.5216369628906,63963600,0.0,0.0,0.0
2022-10-25 00:00:00-04:00,273.4611132950566,278.54061591496753,271.98325299591863,278.1589050292969,59014500,0.0,0.0,0.0
2022-10-26 00:00:00-04:00,272.5314100977627,277.9339050801036,271.52334061440916,272.0126953125,63492400,0.0,0.0,0.0
2022-10-27 00:00:00-04:00,270.89697873140716,272.3552461557025,266.54171002593654,267.0604248046875,57760300,0.0,0.0,0.0
2022-10-28 00:00:00-04:00,266.434018748282,275.70239615326176,266.2676250408862,275.23260498046875,62651300,0.0,0.0,0.0
2022-10-31 00:00:00-04:00,272.9816369031128,273.8037492086875,270.1139956834749,272.03228759765625,47742000,0.0,0.0,0.0
2022-11-01 00:00:00-04:00,275.50665194717493,276.0645233840519,268.8905679057626,269.252685546875,45895900,0.0,0.0,0.0
2022-11-02 00:00:00-04:00,269.2233290522429,272.2866938029867,259.9549512013638,260.0234680175781,79803100,0.0,0.0,0.0
2022-11-03 00:00:00-04:00,257.4103516237001,258.8686189743919,254.5623038761739,254.94398498535156,70038900,0.0,0.0,0.0
2022-11-04 00:00:00-04:00,259.8766169310776,260.93360957982406,253.56393151235523,259.0447082519531,78313200,0.0,0.0,0.0
2022-11-07 00:00:00-05:00,260.09197040072013,262.43109972978385,257.95839150889293,261.8927917480469,47333800,0.0,0.0,0.0
2022-11-08 00:00:00-05:00,263.4097918494507,267.04079438997553,259.86683967941065,263.80126953125,63213800,0.0,0.0,0.0
2022-11-09 00:00:00-05:00,262.05918585199794,262.84214126755995,257.42988056763846,257.7137145996094,64862100,0.0,0.0,0.0
2022-11-10 00:00:00-05:00,270.13349111094925,277.02358123299086,268.01947600492645,276.72998046875,99256700,0.0,0.0,0.0
2022-11-11 00:00:00-05:00,276.54407769304146,282.49464653858405,275.2032508265349,281.8291015625,66961800,0.0,0.0,0.0
2022-11-14 00:00:00-05:00,279.77377303555267,283.0524545415355,278.38402281943956,279.36273193359375,55290700,0.0,0.0,0.0
2022-11-15 00:00:00-05:00,285.9886054426059,287.01626801782163,279.8814696249084,283.2286682128906,73985400,0.0,0.0,0.0
2022-11-16 00:00:00-05:00,281.2712266533271,283.3167251177695,278.54061986184405,279.36273193359375,48859800,0.0,0.0,0.0
2022-11-17 00:00:00-05:00,274.8998951294449,280.224076540188,274.74329804467715,278.7462158203125,55462100,0.0,0.0,0.0
2022-11-18 00:00:00-05:00,281.76056437940645,281.8584113907115,276.30914777092903,278.75592041015625,53588600,0.0,0.0,0.0
2022-11-21 00:00:00-05:00,277.3661666856122,278.52103631245524,275.0564274319262,275.8883361816406,40083500,0.0,0.0,0.0
2022-11-22 00:00:00-05:00,276.62241305758806,280.0185056820932,274.48880406730166,279.8619384765625,41873400,0.0,0.0,0.0
2022-11-23 00:00:00-05:00,279.8814493901695,283.2971346752864,279.70528891612594,282.6707763671875,46390000,0.0,0.0,0.0
2022-11-25 00:00:00-05:00,281.0755505959133,281.78022254764727,280.3219551220779,280.8113098144531,15498800,0.0,0.0,0.0
2022-11-28 00:00:00-05:00,278.83423237314076,280.85037084364467,275.76110115675283,276.69085693359375,38714200,0.0,0.0,0.0
2022-11-29 00:00:00-05:00,276.91600224715586,277.31727663055284,273.22627906494904,274.5964660644531,35618900,0.0,0.0,0.0
2022-11-30 00:00:00-05:00,274.8607064926113,287.22180929264937,274.0092342106235,287.1141357421875,74718100,0.0,0.0,0.0
2022-12-01 00:00:00-05:00,287.4371621299135,289.45330107681167,284.68699114309106,287.4665222167969,51547300,0.0,0.0,0.0
2022-12-02 00:00:00-05:00,282.3967467133728,287.2022122275757,282.22055636668915,286.32135009765625,53583200,0.0,0.0,0.0
2022-12-05 00:00:00-05:00,284.1975530325695,285.46986291452237,280.057602790126,281.5158996582031,41482100,0.0,0.0,0.0
2022-12-06 00:00:00-05:00,281.35939386569686,281.49639765275765,274.29311068240025,275.682861328125,53937600,0.0,0.0,0.0
2022-12-07 00:00:00-05:00,274.49859184458353,276.55388729782686,272.8445707786554,274.55731201171875,45614300,0.0,0.0,0.0
2022-12-08 00:00:00-05:00,275.90791188562,278.7755226497414,273.8330531775481,277.8066101074219,42594900,0.0,0.0,0.0
2022-12-09 00:00:00-05:00,276.7887515955548,279.5585154089067,275.5947251546985,276.03515625,47860500,0.0,0.0,0.0
2022-12-12 00:00:00-05:00,276.2113073349363,279.55850588887154,275.1738779884526,279.499755859375,35732500,0.0,0.0,0.0
2022-12-13 00:00:00-05:00,290.33413057877345,290.5592444878014,279.8228014323792,282.50445556640625,80667700,0.0,0.0,0.0
2022-12-14 00:00:00-05:00,281.9172251208929,285.20570417082473,277.16071186797296,280.4100341796875,64984400,0.0,0.0,0.0
2022-12-15 00:00:00-05:00,276.31899384162705,276.9845388900271,269.8008159440126,270.9948425292969,60554100,0.0,0.0,0.0
2022-12-16 00:00:00-05:00,270.31953645378024,271.8560874452993,266.80594357710976,268.4110412597656,68300400,0.0,0.0,0.0
2022-12-19 00:00:00-05:00,268.68081660488616,268.7691077283645,263.40274989066353,264.6388854980469,44167900,0.655,0.0,0.0
2022-12-20 00:00:00-05:00,263.4713584245367,266.17907189201077,261.89187886140024,264.43280029296875,51064200,0.0,0.0,0.0
2022-12-21 00:00:00-05:00,265.4728538151459,269.5736467180905,264.6291329653403,268.26885986328125,46394700,0.0,0.0,0.0
2022-12-22 00:00:00-05:00,265.2569715563839,265.38451316774433,257.48702282279595,261.70556640625,60278400,0.0,0.0,0.0
2022-12-23 00:00:00-05:00,260.4399248385618,262.9612361403146,258.5366812038642,262.2940979003906,39373600,0.0,0.0,0.0
2022-12-27 00:00:00-05:00,261.685883283232,261.793814605663,258.0461876003975,258.58575439453125,38009000,0.0,0.0,0.0
2022-12-28 00:00:00-05:00,258.18356031428505,260.43996874522173,254.80873783263485,255.17172241210938,47139000,0.0,0.0,0.0
2022-12-29 00:00:00-05:00,257.9774983432451,262.3333728477039,257.280959609681,261.3915710449219,45893600,0.0,0.0,0.0
2022-12-30 00:00:00-05:00,258.6250465038309,261.3621912691805,257.32025989631745,261.2346496582031,37858300,0.0,0.0,0.0
2023-01-03 00:00:00-05:00,263.5597527481159,265.0313315238612,257.16330111437446,259.4687805175781,42335300,0.0,0.0,0.0
2023-01-04 00:00:00-05:00,261.5878356449477,262.38248572216736,257.55569456855136,260.7048645019531,47754900,0.0,0.0,0.0
2023-01-05 00:00:00-05:00,259.0370367281505,259.2037988396348,256.3097127522674,256.6236267089844,45396700,0.0,0.0,0.0
2023-01-06 00:00:00-05:00,258.36013103501256,264.825262145389,255.40715401036852,263.70684814453125,54659700,0.0,0.0,0.0
2023-01-09 00:00:00-05:00,265.6984240862427,270.07393960622954,264.8056926958867,265.4139404296875,45568700,0.0,0.0,0.0
2023-01-10 00:00:00-05:00,264.3837506353292,267.7683927373951,263.87361426401475,267.66046142578125,35247800,0.0,0.0,0.0
2023-01-11 00:00:00-05:00,268.72985154393996,272.3989774609644,267.9449917626651,272.2910461425781,44077000,0.0,0.0,0.0
2023-01-12 00:00:00-05:00,272.8502932331982,274.7927877956512,268.5532788594756,273.7626647949219,60600000,0.0,0.0,0.0
2023-01-13 00:00:00-05:00,271.2609656966435,275.89153383124483,270.9274115015277,275.6462707519531,44802900,0.0,0.0,0.0
2023-01-17 00:00:00-05:00,275.4500758501751,277.4906816399172,274.2826210808861,276.20550537109375,36269700,0.0,0.0,0.0
2023-01-18 00:00:00-05:00,277.74566020178713,279.2957393669702,272.4087640425557,272.6147766113281,47754500,0.0,0.0,0.0
2023-01-19 00:00:00-05:00,270.98628717773255,272.12431152107627,268.7004483260857,269.9365539550781,44150400,0.0,0.0,0.0
2023-01-20 00:00:00-05:00,271.5455000347287,277.65743727728545,270.48594668506337,277.3238830566406,60613600,0.0,0.0,0.0
2023-01-23 00:00:00-05:00,278.167576598982,284.7111786521675,277.3729266337747,283.48486328125,52799900,0.0,0.0,0.0
2023-01-24 00:00:00-05:00,281.8661537784052,284.0637015046576,281.3461972203422,282.90606689453125,44875100,0.0,0.0,0.0
2023-01-25 00:00:00-05:00,278.39320945144925,282.896236062252,275.85228750449124,282.2781982421875,50872000,0.0,0.0,0.0
2023-01-26 00:00:00-05:00,285.70209498809857,287.9585036418443,283.0532414038365,287.78192138671875,51596300,0.0,0.0,0.0
2023-01-27 00:00:00-05:00,286.46731345608214,292.608711331998,286.3495919531761,290.6466064453125,56441900,0.0,0.0,0.0
2023-01-30 00:00:00-05:00,287.37968364573163,288.8022216574002,284.3973057887979,284.77008056640625,49405800,0.0,0.0,0.0
2023-01-31 00:00:00-05:00,284.8092950925129,289.1357393931687,284.7013937087767,289.0376281738281,46705100,0.0,0.0,0.0
2023-02-01 00:00:00-05:00,288.831631729578,297.68071332529627,286.76159566124306,295.2182922363281,67562200,0.0,0.0,0.0
2023-02-02 00:00:00-05:00,301.74226802673496,307.7364833067937,300.9181876739908,305.8136291503906,83070600,0.0,0.0,0.0
2023-02-03 00:00:00-05:00,299.1620753478888,306.47092658216013,298.7696604359694,300.3785705566406,76170800,0.0,0.0,0.0
2023-02-06 00:00:00-05:00,297.7591754783428,300.1136948707084,296.49360970345265,297.837646484375,40802300,0.0,0.0,0.0
2023-02-07 00:00:00-05:00,297.7101151054352,305.13668801554405,296.59173107995235,304.00848388671875,67584000,0.0,0.0,0.0
2023-02-08 00:00:00-05:00,302.69390683248184,303.63570872531835,297.91618657756726,298.6029052734375,56720900,0.0,0.0,0.0
2023-02-09 00:00:00-05:00,302.98823688191555,303.1353887624289,294.51195923155336,295.9638977050781,49137800,0.0,0.0,0.0
2023-02-10 00:00:00-05:00,293.80556011389376,295.8559558737562,291.6178026580942,294.0213928222656,50050100,0.0,0.0,0.0
2023-02-13 00:00:00-05:00,295.424356988804,299.31913678109805,294.24708196176414,298.7304992675781,39636700,0.0,0.0,0.0
2023-02-14 00:00:00-05:00,297.15101778288636,301.8894883709388,295.208522978323,300.9378662109375,64079100,0.0,0.0,0.0
2023-02-15 00:00:00-05:00,299.12282420101644,303.41001773123855,298.43610559153916,303.2432556152344,43100600,0.0,0.0,0.0
2023-02-16 00:00:00-05:00,298.61274553656614,302.5859959303086,297.4060402610044,297.5531921386719,59498600,0.0,0.0,0.0
2023-02-17 00:00:00-05:00,295.3654442309807,296.2091348983239,292.4517174944119,295.4537353515625,58230700,0.0,0.0,0.0
2023-02-21 00:00:00-05:00,291.6275800656275,293.0697279651219,288.3214390154632,288.4587707519531,46526700,0.0,0.0,0.0
2023-02-22 00:00:00-05:00,289.0376672323923,290.74468891009906,287.01670158610773,288.6746826171875,51389200,0.0,0.0,0.0
2023-02-23 00:00:00-05:00,292.3241575359496,292.48112949801686,287.00684085103126,291.1959533691406,69294400,0.0,0.0,0.0
2023-02-24 00:00:00-05:00,286.23183827727587,287.4189032172758,284.5542172313994,286.32012939453125,74332000,0.0,0.0,0.0
2023-02-27 00:00:00-05:00,289.4791077993854,290.87218529190994,287.7818765512934,288.3705139160156,48995000,0.0,0.0,0.0
2023-02-28 00:00:00-05:00,287.74265849325576,290.5092334615913,287.40910426818135,287.99774169921875,48243100,0.0,0.0,0.0
2023-03-01 00:00:00-05:00,287.70339937074044,288.36068762810055,284.7013818083146,285.68243408203125,58287000,0.0,0.0,0.0
2023-03-02 00:00:00-05:00,283.190561983044,288.8512230053116,282.90604843154955,288.0467529296875,53565900,0.0,0.0,0.0
2023-03-03 00:00:00-05:00,289.7931069468495,294.2372734914779,289.28294049517257,294.0018005371094,60511500,0.0,0.0,0.0
2023-03-06 00:00:00-05:00,295.2378779090162,298.23989551477433,294.13910413688774,294.3352966308594,56736300,0.0,0.0,0.0
2023-03-07 00:00:00-05:00,294.38437249879576,295.30656406111916,290.11678898197414,290.72503662109375,65955800,0.0,0.0,0.0
2023-03-08 00:00:00-05:00,291.14690948879917,292.7754600628296,289.29273602432113,292.1770324707031,50876300,0.0,0.0,0.0
2023-03-09 00:00:00-05:00,292.67735762881415,295.27717051410644,286.3005168477535,287.11480712890625,71456700,0.0,0.0,0.0
2023-03-10 00:00:00-05:00,287.28157540233644,288.7727942856596,281.9348575201035,283.0826721191406,98593600,0.0,0.0,0.0
2023-03-13 00:00:00-04:00,281.29716972593775,288.890505837308,279.7863406238493,285.18212890625,97123600,0.0,0.0,0.0
2023-03-14 00:00:00-04:00,288.73354705365387,292.2849521678969,287.8898563090967,291.7355651855469,73602500,0.0,0.0,0.0
2023-03-15 00:00:00-04:00,289.1259187355792,293.59951488700585,287.68377063812324,293.2659606933594,83631500,0.0,0.0,0.0
2023-03-16 00:00:00-04:00,292.3536342883857,301.35968872296763,291.5589841876488,300.9967041015625,98198100,0.0,0.0,0.0
2023-03-17 00:00:00-04:00,300.9084352507794,303.2923857294899,297.62190326500223,299.5741882324219,89923700,0.0,0.0,0.0
2023-03-20 00:00:00-04:00,298.95707995181795,300.96150332211346,296.7462950694743,300.63726806640625,56359500,0.472,0.0,0.0
2023-03-21 00:00:00-04:00,302.5730176671836,305.38315727699563,301.0598494234478,304.9311828613281,49757000,0.0,0.0,0.0
2023-03-22 00:00:00-04:00,304.8623940027054,309.75560999268265,300.61770867076183,300.78472900390625,75791900,0.0,0.0,0.0
2023-03-23 00:00:00-04:00,304.51842966489943,308.67468596990665,301.65914434252295,304.35137939453125,74576000,0.0,0.0,0.0
2023-03-24 00:00:00-04:00,303.92897445012494,305.56985179790354,301.6002851692418,305.47161865234375,57195200,0.0,0.0,0.0
2023-03-27 00:00:00-04:00,306.16916043212996,307.24999463812065,302.52383005099284,303.378662109375,50287400,0.0,0.0,0.0
2023-03-28 00:00:00-04:00,302.79896011565387,302.8284360503004,299.45819426535354,301.7672424316406,48585900,0.0,0.0,0.0
2023-03-29 00:00:00-04:00,305.4617259902813,307.8886779467395,304.646175138239,307.2696533203125,53274300,0.0,0.0,0.0
2023-03-30 00:00:00-04:00,309.74576681536263,310.8069606106633,307.3581257544808,310.1781005859375,58354800,0.0,0.0,0.0
2023-03-31 00:00:00-04:00,310.40408157810003,315.5724158551526,310.0994868949584,315.3365783691406,62138100,0.0,0.0,0.0
2023-04-03 00:00:00-04:00,313.21420687465223,314.8354733237728,311.88775975910704,314.5701599121094,47126800,0.0,0.0,0.0
2023-04-04 00:00:00-04:00,315.01230477117457,316.0243518179642,312.290563597787,313.50897216796875,45875400,0.0,0.0,0.0
2023-04-05 00:00:00-04:00,312.55587722556044,313.4991370985997,308.5961168372781,310.41387939453125,62795700,0.0,0.0,0.0
2023-04-06 00:00:00-04:00,308.7630903727051,312.99796883199247,307.3678563947214,312.5066833496094,46916500,0.0,0.0,0.0
2023-04-10 00:00:00-04:00,309.5787379688699,312.3790720921431,307.7904510566665,312.3299255371094,45134700,0.0,0.0,0.0
2023-04-11 00:00:00-04:00,312.2905510824566,312.34953293369824,309.8144827721986,310.3254089355469,40113600,0.0,0.0,0.0
2023-04-12 00:00:00-04:00,312.28079572849316,312.87034446403476,307.12229676746927,307.5841064453125,62813300,0.0,0.0,0.0
2023-04-13 00:00:00-04:00,309.3429139101412,314.0789148450452,308.1638463235502,313.6072998046875,54613800,0.0,0.0,0.0
2023-04-14 00:00:00-04:00,312.05476966810073,314.7764809739093,310.10926798541686,313.0177001953125,56278300,0.0,0.0,0.0
2023-04-17 00:00:00-04:00,312.60495209000663,313.6366696130594,310.5317417100296,313.2829284667969,43007000,0.0,0.0,0.0
2023-04-18 00:00:00-04:00,315.39552430525794,315.81805271629645,312.1039347277602,313.3026428222656,46746900,0.0,0.0,0.0
2023-04-19 00:00:00-04:00,310.8953715658276,314.2164671752397,310.7676325061279,313.1552734375,38960100,0.0,0.0,0.0
2023-04-20 00:00:00-04:00,310.18786478954866,313.70545604121475,309.4804124167507,310.767578125,62462100,0.0,0.0,0.0
2023-04-21 00:00:00-04:00,310.40407605124466,311.86809756580624,308.6256245513953,311.09185791015625,59002300,0.0,0.0,0.0
2023-04-24 00:00:00-04:00,310.8658883218899,312.20217079199995,308.2718859001082,310.4433898925781,44043100,0.0,0.0,0.0
2023-04-25 00:00:00-04:00,308.8122622066785,309.4804033208812,304.4889556047293,304.5871887207031,57121600,0.0,0.0,0.0
2023-04-26 00:00:00-04:00,307.9770920863072,309.4509487559447,305.91368675167655,306.4344482421875,55400500,0.0,0.0,0.0
2023-04-27 00:00:00-04:00,310.1977129113469,315.2677534758937,309.5590176982264,314.76666259765625,65430400,0.0,0.0,0.0
2023-04-28 00:00:00-04:00,314.53085989537186,317.02659919853187,313.4009089857231,316.93817138671875,59712600,0.0,0.0,0.0
2023-05-01 00:00:00-04:00,316.47632185384504,317.98948974313606,315.493750754301,316.5745849609375,41013400,0.0,0.0,0.0
2023-05-02 00:00:00-04:00,316.5058341595277,316.83009945162763,312.07442839591636,313.8135986328125,56519400,0.0,0.0,0.0
2023-05-03 00:00:00-04:00,314.17712640782753,316.8497211454234,311.65191134615395,311.760009765625,59882100,0.0,0.0,0.0
2023-05-04 00:00:00-04:00,311.5340492672272,312.6836708645457,309.62785857520237,310.6595764160156,50224500,0.0,0.0,0.0
2023-05-05 00:00:00-04:00,312.9194127732155,318.1172221778604,310.6987925389379,317.26239013671875,51806100,0.0,0.0,0.0
2023-05-08 00:00:00-04:00,316.8006073328287,318.3923678179955,315.71977305719315,318.0484619140625,36465800,0.0,0.0,0.0
2023-05-09 00:00:00-04:00,316.3878908866645,317.25255824331975,315.7197497422272,316.0341796875,31768800,0.0,0.0,0.0
2023-05-10 00:00:00-04:00,318.47093335731375,320.32800708992704,315.9948650328523,319.4731750488281,60446600,0.0,0.0,0.0
2023-05-11 00:00:00-04:00,320.02339344471517,321.0550810222023,318.47091443998295,320.5146789550781,44278500,0.0,0.0,0.0
2023-05-12 00:00:00-04:00,321.04523928532205,321.46776760489286,317.31148147563414,319.36505126953125,48432800,0.0,0.0,0.0
2023-05-15 00:00:00-04:00,319.83679236161584,321.3302899376435,318.3137888604208,321.094482421875,33375600,0.0,0.0,0.0
2023-05-16 00:00:00-04:00,320.37717346031883,323.1676721605084,320.33786221505017,321.4580078125,40019200,0.0,0.0,0.0
2023-05-17 00:00:00-04:00,322.51915867337476,325.9286819112278,321.3400912336349,325.3489685058594,47486100,0.0,0.0,0.0
2023-05-18 00:00:00-04:00,325.7419701540816,331.6079209983727,325.72232952633465,331.3917541503906,64213500,0.0,0.0,0.0
2023-05-19 00:00:00-04:00,331.6079200448358,332.31537245568006,329.5838259221381,330.64501953125,61554900,0.0,0.0,0.0
2023-05-22 00:00:00-04:00,330.38955227178974,332.76738767069196,330.37971696477655,331.7553405761719,43015900,0.0,0.0,0.0
2023-05-23 00:00:00-04:00,330.0358299758091,331.1854214014878,327.1961850279305,327.5498962402344,48216700,0.0,0.0,0.0
2023-05-24 00:00:00-04:00,325.59463222437677,327.1078003542459,323.8161806503019,325.8697509765625,62891200,0.0,0.0,0.0
2023-05-25 00:00:00-04:00,333.22913326139553,335.06653617815067,330.8021817653218,333.79901123046875,66862800,0.0,0.0,0.0
2023-05-26 00:00:00-04:00,334.82090147078026,343.1629196134218,334.7226383742546,342.3277282714844,63007000,0.0,0.0,0.0
2023-05-30 00:00:00-04:00,346.56261821624497,347.7613560675024,342.4554785237535,343.8802185058594,72652200,0.0,0.0,0.0
2023-05-31 00:00:00-04:00,342.2983085945595,344.48945306585824,340.4707406387247,341.9249267578125,65105400,0.0,0.0,0.0
2023-06-01 00:00:00-04:00,341.66953492663316,347.2013862545133,340.61817642065625,345.87493896484375,50488600,0.0,0.0,0.0
2023-06-02 00:00:00-04:00,347.6336501039752,349.62826827724246,345.8748693896707,348.4688415527344,53372100,0.0,0.0,0.0
2023-06-05 00:00:00-04:00,348.2526679224413,351.26916839727164,347.6827898779061,348.7144775390625,47266200,0.0,0.0,0.0
2023-06-06 00:00:00-04:00,348.10531064293906,349.61847863088633,346.77883357493243,348.6555480957031,41390400,0.0,0.0,0.0
2023-06-07 00:00:00-04:00,348.94043798423246,350.89574464494757,342.1115576582304,342.74041748046875,69225900,0.0,0.0,0.0
2023-06-08 00:00:00-04:00,343.03523458791426,347.4568047564389,342.809262414588,346.9949951171875,47153900,0.0,0.0,0.0
2023-06-09 00:00:00-04:00,348.4492112149935,351.4264005957321,346.87709138014355,348.32147216796875,53196900,0.0,0.0,0.0
2023-06-12 00:00:00-04:00,349.9820178466813,354.3053248790228,349.00928201046963,354.2070617675781,44606500,0.0,0.0,0.0
2023-06-13 00:00:00-04:00,356.9582479049561,357.76393338304973,353.75505666181834,356.92877197265625,57097800,0.0,0.0,0.0
2023-06-14 00:00:00-04:00,356.93859927498477,359.8077201335218,354.1382955769709,359.52276611328125,69525600,0.0,0.0,0.0
2023-06-15 00:00:00-04:00,358.2552423852553,365.2904552167826,357.63624776639995,363.8067932128906,71138800,0.0,0.0,0.0
2023-06-16 00:00:00-04:00,366.22391921096187,366.35165825781803,361.07525599467357,361.51739501953125,80932000,0.0,0.0,0.0
2023-06-20 00:00:00-04:00,360.0651424498802,362.39702549677264,358.03827186745264,360.9998474121094,49204700,0.504,0.0,0.0
2023-06-21 00:00:00-04:00,359.8585372284782,360.2914640047926,355.1554054556322,356.0802917480469,53378300,0.0,0.0,0.0
2023-06-22 00:00:00-04:00,354.8307268599819,360.4390473507144,354.42731645188564,360.2816467285156,47603000,0.0,0.0,0.0
2023-06-23 00:00:00-04:00,356.38528138026277,359.01235823948906,355.01764962720034,356.7099914550781,48922900,0.0,0.0,0.0
2023-06-26 00:00:00-04:00,356.1786373877198,358.97296342588555,351.83955148925304,351.9281005859375,52685500,0.0,0.0,0.0
2023-06-27 00:00:00-04:00,353.47285182722567,358.7073073891835,352.74476147658174,357.97918701171875,49428100,0.0,0.0,0.0
2023-06-28 00:00:00-04:00,356.15902609665824,360.62599693384084,356.080295758173,358.6778564453125,46498000,0.0,0.0,0.0
2023-06-29 00:00:00-04:00,358.38264216689817,359.0222135298197,356.3164363159426,357.9595642089844,46151000,0.0,0.0,0.0
2023-06-30 00:00:00-04:00,361.6394163650322,364.5321406265844,361.32458510548383,363.4793701171875,58712500,0.0,0.0,0.0
2023-07-03 00:00:00-04:00,364.1188942951923,364.96505018225037,363.0365774410757,364.3353576660156,19432900,0.0,0.0,0.0
2023-07-05 00:00:00-04:00,362.77095217680977,366.0277217083489,362.73158700877076,364.3255310058594,34460900,0.0,0.0,0.0
2023-07-06 00:00:00-04:00,360.61610687732315,361.9935872602602,358.6580879500002,361.5508117675781,49374700,0.0,0.0,0.0
2023-07-07 00:00:00-04:00,361.32456403843355,364.5223006013329,360.1241817275953,360.3504638671875,47133700,0.0,0.0,0.0
2023-07-10 00:00:00-04:00,360.0749443133993,361.1474122875821,357.5659631843357,360.468505859375,48498800,0.0,0.0,0.0
2023-07-11 00:00:00-04:00,360.89166814029903,362.70207554585426,358.7565506409738,362.2494812011719,38214100,0.0,0.0,0.0
2023-07-12 00:00:00-04:00,366.3524150781026,368.1726713240019,364.34521181075905,366.82470703125,61975400,0.0,0.0,0.0
2023-07-13 00:00:00-04:00,370.0027017557936,373.8793447436065,369.4221931900927,373.0528564453125,46960000,0.0,0.0,0.0
2023-07-14 00:00:00-04:00,373.48577863924965,376.70318269282194,372.0984493610609,372.9741516113281,55148500,0.0,0.0,0.0
2023-07-17 00:00:00-04:00,373.69243480663897,377.33294722080336,373.2103240915252,376.4572448730469,40868900,0.0,0.0,0.0
2023-07-18 00:00:00-04:00,375.8176530095486,380.90452691232883,373.88918038140724,379.536865234375,55262000,0.0,0.0,0.0
2023-07-19 00:00:00-04:00,380.59953211345845,381.74088168868525,378.12003716399835,379.4483337402344,54093000,0.0,0.0,0.0
2023-07-20 00:00:00-04:00,376.45725746507355,377.92331728400615,369.67807074965657,370.70135498046875,71941700,0.0,0.0,0.0
2023-07-21 00:00:00-04:00,373.08240858363587,373.8105290801638,369.15658128362156,369.5895080566406,60499600,0.0,0.0,0.0
2023-07-24 00:00:00-04:00,370.56358341647297,371.508137285771,368.32024921012385,370.17987060546875,40380100,0.0,0.0,0.0
2023-07-25 00:00:00-04:00,370.88822345005843,374.3516070011046,370.8685258558439,372.68878173828125,38894400,0.0,0.0,0.0
2023-07-26 00:00:00-04:00,371.6459230276656,373.1414692474909,369.1467601103594,371.4491271972656,47075700,0.0,0.0,0.0
2023-07-27 00:00:00-04:00,376.9098576612278,378.52346920353193,369.2746366303733,370.5635681152344,63940200,0.0,0.0,0.0
2023-07-28 00:00:00-04:00,374.6172742044875,378.3364864635538,374.1056471836481,377.313232421875,56902900,0.0,0.0,0.0
2023-07-31 00:00:00-04:00,377.6182869887491,378.6907551113529,376.19159240697024,377.5100402832031,44019900,0.0,0.0,0.0
2023-08-01 00:00:00-04:00,376.1620464793932,377.3919451508952,374.56810260541835,376.63433837890625,41060600,0.0,0.0,0.0
2023-08-02 00:00:00-04:00,373.1611574017235,373.1611574017235,367.1297286772393,368.3694763183594,72687100,0.0,0.0,0.0
2023-08-03 00:00:00-04:00,365.95882713700206,369.90435184798616,365.7915476989131,367.7790832519531,47666400,0.0,0.0,0.0
2023-08-04 00:00:00-04:00,369.7075205928436,372.0197359751691,365.55538170207865,366.05718994140625,61702800,0.0,0.0,0.0
2023-08-07 00:00:00-04:00,367.86762374671235,369.2549530766585,365.53574062735606,369.15655517578125,37230400,0.0,0.0,0.0
2023-08-08 00:00:00-04:00,366.6475447598164,366.6672123277019,362.88896744301724,366.017822265625,44726500,0.0,0.0,0.0
2023-08-09 00:00:00-04:00,366.3031915996586,366.4606222337156,361.23601504991956,361.9936218261719,51150900,0.0,0.0,0.0
2023-08-10 00:00:00-04:00,365.00445187431194,368.3399218462108,361.13765720689037,362.6627197265625,72035300,0.0,0.0,0.0
2023-08-11 00:00:00-04:00,360.10448413157985,362.0821708144487,358.82540151714943,360.3504638671875,48707200,0.0,0.0,0.0
2023-08-14 00:00:00-04:00,359.553484355475,364.51244412842345,358.83524275979033,364.3943786621094,42130800,0.0,0.0,0.0
2023-08-15 00:00:00-04:00,363.42022039807,364.21722222188913,359.8584392753097,360.52752685546875,45539900,0.0,0.0,0.0
2023-08-16 00:00:00-04:00,359.9864284102872,361.5213395998945,356.6115935528061,356.7099914550781,53190500,0.0,0.0,0.0
2023-08-17 00:00:00-04:00,358.10714866014956,358.45152631342546,352.40043050549747,352.81365966796875,62604300,0.0,0.0,0.0
2023-08-18 00:00:00-04:00,349.54703769092396,353.63029511668526,349.0058642803443,352.3708801269531,61191400,0.0,0.0,0.0
2023-08-21 00:00:00-04:00,353.83692384755506,358.72700217281374,353.3744807454022,358.048095703125,50696500,0.0,0.0,0.0
2023-08-22 00:00:00-04:00,360.6554439405942,360.6652927377172,356.8476827797194,357.53643798828125,44530200,0.0,0.0,0.0
2023-08-23 00:00:00-04:00,358.7171345326046,364.26645146695137,358.5006711764388,363.1742858886719,51770600,0.0,0.0,0.0
2023-08-24 00:00:00-04:00,366.64752965497684,366.7458975171732,355.20454878191777,355.4111633300781,66842500,0.0,0.0,0.0
2023-08-25 00:00:00-04:00,356.24745319894754,359.8584180360766,352.81355649570185,358.16607666015625,69960500,0.0,0.0,0.0
2023-08-28 00:00:00-04:00,361.088434258744,361.79685715954855,358.3925057322388,360.8621520996094,40910000,0.0,0.0,0.0
2023-08-29 00:00:00-04:00,360.66532013496044,369.0975125611246,360.3406401002619,368.7432861328125,58492400,0.0,0.0,0.0
2023-08-30 00:00:00-04:00,368.85148159081564,371.380160092977,367.8478652056986,370.79962158203125,41731500,0.0,0.0,0.0
2023-08-31 00:00:00-04:00,370.8783961791077,373.6136895466663,370.8095146489998,371.9114990234375,35730700,0.0,0.0,0.0
2023-09-01 00:00:00-04:00,374.28281561021936,374.70589361223153,370.03227793748385,371.51800537109375,39801200,0.0,0.0,0.0
2023-09-05 00:00:00-04:00,370.7111217591785,373.21028423077263,369.78623556953715,371.990234375,32344200,0.0,0.0,0.0
2023-09-06 00:00:00-04:00,371.2129688856082,371.5573465500338,366.7066329588486,368.71380615234375,42998700,0.0,0.0,0.0
2023-09-07 00:00:00-04:00,364.25664812381336,366.854208721943,363.2136963758197,366.076904296875,52060700,0.0,0.0,0.0
2023-09-08 00:00:00-04:00,366.0276900079968,368.82201616025327,365.6242796443045,366.5885009765625,35800100,0.0,0.0,0.0
2023-09-11 00:00:00-04:00,369.6190274535924,371.4195860717581,367.65118938805244,370.907958984375,39936600,0.0,0.0,0.0
2023-09-12 00:00:00-04:00,369.2352965964645,370.8883034455317,366.5098515969315,366.7951965332031,41391000,0.0,0.0,0.0
2023-09-13 00:00:00-04:00,367.0312741386667,369.79608390633206,365.899773384144,368.1922912597656,46300700,0.0,0.0,0.0
2023-09-14 00:00:00-04:00,369.94367941722965,372.18701344044155,367.8774736268473,371.2030944824219,48039400,0.0,0.0,0.0
2023-09-15 00:00:00-04:00,369.8649465958127,370.2683569363539,363.91221940703196,364.8469543457031,69811200,0.0,0.0,0.0
2023-09-18 00:00:00-04:00,363.9069387117155,366.34073749059183,363.621180779056,365.227294921875,36903500,0.536,0.0,0.0
2023-09-19 00:00:00-04:00,363.9069563270103,365.24700863969736,361.4238722283556,364.4488830566406,37621700,0.0,0.0,0.0
2023-09-20 00:00:00-04:00,365.5131061106414,365.8678152619394,359.11820769924856,359.1970520019531,45514200,0.0,0.0,0.0
2023-09-21 00:00:00-04:00,355.5118408271102,356.30013348758865,352.44743768219166,352.61492919921875,69734800,0.0,0.0,0.0
2023-09-22 00:00:00-04:00,354.359006723338,356.49718479026586,352.3488980230887,352.6642150878906,51589700,0.0,0.0,0.0
2023-09-25 00:00:00-04:00,351.698551280886,354.4279712684221,350.7132080525282,354.3392639160156,39168000,0.0,0.0,0.0
2023-09-26 00:00:00-04:00,351.75768571572956,352.29964255853133,348.03308934331926,349.0184326171875,53657700,0.0,0.0,0.0
2023-09-27 00:00:00-04:00,350.171286287333,351.74784148919474,346.21018720799054,349.8362731933594,56066000,0.0,0.0,0.0
2023-09-28 00:00:00-04:00,348.91986332461573,354.89107073347196,348.0626195587254,352.7627258300781,56453300,0.0,0.0,0.0
2023-09-29 00:00:00-04:00,356.24104341766446,357.6303811505316,351.78727222768936,353.0189514160156,64829600,0.0,0.0,0.0
2023-10-02 00:00:00-04:00,353.28495323022247,357.3642583710357,352.67404526804705,355.965087890625,51625100,0.0,0.0,0.0
2023-10-03 00:00:00-04:00,353.52145870022036,355.7187850269011,348.1020706923418,349.7180480957031,60478500,0.0,0.0,0.0
2023-10-04 00:00:00-04:00,350.5555871096961,355.32464523779134,350.09247453990724,354.4772644042969,54786700,0.0,0.0,0.0
2023-10-05 00:00:00-04:00,354.46739875798454,354.8713931304046,349.9348435109707,353.43280029296875,45897400,0.0,0.0,0.0
2023-10-06 00:00:00-04:00,350.4373013348461,360.54693213939856,349.6490388068552,359.35467529296875,75049100,0.0,0.0,0.0
2023-10-09 00:00:00-04:00,356.98986686898144,361.72936575371153,355.49215587280247,361.18743896484375,45304800,0.0,0.0,0.0
2023-10-10 00:00:00-04:00,361.5224809015678,365.83828972668897,361.0199762244643,363.1877136230469,46968800,0.0,0.0,0.0
2023-10-11 00:00:00-04:00,364.51787564233524,365.9663313882023,362.7935249958405,365.77911376953125,38215100,0.0,0.0,0.0
2023-10-12 00:00:00-04:00,366.2816927049763,368.26221238194034,362.11367952755785,364.508056640625,49587900,0.0,0.0,0.0
2023-10-13 00:00:00-04:00,365.13868310419866,365.7200320574214,358.5270077438873,359.92620849609375,52469900,0.0,0.0,0.0
2023-10-16 00:00:00-04:00,361.2465806062894,365.05002164165177,361.09878511521293,363.9956970214844,44201100,0.0,0.0,0.0
2023-10-17 00:00:00-04:00,360.44842090151735,364.49819739696323,358.3299388750343,362.80340576171875,50999100,0.0,0.0,0.0
2023-10-18 00:00:00-04:00,360.31046637039856,362.5176255477324,356.7139395823082,358.0441589355469,54280500,0.0,0.0,0.0
2023-10-19 00:00:00-04:00,359.46308875026443,360.655345729828,353.8959050901614,354.69403076171875,72274200,0.0,0.0,0.0
2023-10-20 00:00:00-04:00,354.19146355083643,354.7629794547473,349.17607019624336,349.4027099609375,72559700,0.0,0.0,0.0
2023-10-23 00:00:00-04:00,348.08238082629725,353.99444057612124,345.9737317484537,350.4570617675781,60665200,0.0,0.0,0.0
2023-10-24 00:00:00-04:00,352.27005134335946,354.63486897096254,350.57525986402453,353.8663024902344,47082100,0.0,0.0,0.0
2023-10-25 00:00:00-04:00,351.47193765909213,351.64929222134697,344.6237902703507,345.20513916015625,71190500,0.0,0.0,0.0
2023-10-26 00:00:00-04:00,344.00298131145286,344.93906929286834,337.3322192905976,338.6230163574219,78621400,0.0,0.0,0.0
2023-10-27 00:00:00-04:00,341.35245046408454,343.7271312742948,339.03688784248624,340.2488708496094,63476700,0.0,0.0,0.0
2023-10-30 00:00:00-04:00,342.73196353376414,345.4022656576874,341.37221497245145,344.0819091796875,55298500,0.0,0.0,0.0
2023-10-31 00:00:00-04:00,344.1114087821121,346.10179117581265,341.5396474517011,345.72735595703125,47671900,0.0,0.0,0.0
2023-11-01 00:00:00-04:00,346.56495994688544,352.289802333435,346.46641959905463,351.7281494140625,58992700,0.0,0.0,0.0
2023-11-02 00:00:00-04:00,356.2410129874096,358.3496319411529,355.0191668891615,358.1131591796875,58162400,0.0,0.0,0.0
2023-11-03 00:00:00-04:00,359.403979323471,363.61138451382374,359.17733953245124,362.3205871582031,53280500,0.0,0.0,0.0
2023-11-06 00:00:00-05:00,363.08913561997264,364.3602368708374,361.53230646852074,363.798583984375,38848700,0.0,0.0,0.0
2023-11-07 00:00:00-05:00,364.84305022033044,368.10453411405916,363.640930200235,367.2374572753906,50777400,0.0,0.0,0.0
2023-11-08 00:00:00-05:00,367.611839886679,368.3114552322413,365.1879039548286,367.4739074707031,35663400,0.0,0.0,0.0
2023-11-09 00:00:00-05:00,368.16370964422845,369.30668148673874,364.15335492841075,364.6460266113281,53859400,0.0,0.0,0.0
2023-11-10 00:00:00-05:00,366.3703426610041,372.991850652543,365.8382488743715,372.84405517578125,58309800,0.0,0.0,0.0
2023-11-13 00:00:00-05:00,371.26747762156936,372.7356293863506,369.74017759934657,371.6813049316406,40733500,0.0,0.0,0.0
2023-11-14 00:00:00-05:00,378.085999934342,380.5986429310435,377.5637692838589,379.6822509765625,67792600,0.0,0.0,0.0
2023-11-15 00:00:00-05:00,381.5741623572847,382.066833967817,378.6082696393877,379.9680480957031,54141400,0.0,0.0,0.0
2023-11-16 00:00:00-05:00,379.1994358929104,380.5296550951153,377.9381979247372,380.2931823730469,45343500,0.0,0.0,0.0
2023-11-17 00:00:00-05:00,379.56407573006413,381.3968298638466,378.65757675359185,380.3819274902344,46571900,0.0,0.0,0.0
2023-11-20 00:00:00-05:00,380.39176852820106,385.6732242470782,380.39176852820106,385.0130310058594,44429600,0.0,0.0,0.0
2023-11-21 00:00:00-05:00,383.30833882456994,383.52511551496383,381.03219861057687,382.7762451171875,43337000,0.0,0.0,0.0
2023-11-22 00:00:00-05:00,384.8455522998127,387.30891062919636,383.3379782050416,384.343017578125,44121000,0.0,0.0,0.0
2023-11-24 00:00:00-05:00,383.93895779702086,384.53016970941434,382.8058191726008,383.801025390625,15718800,0.0,0.0,0.0
2023-11-27 00:00:00-05:00,383.30837541200384,385.4169942650287,382.58906403651775,383.4660339355469,34139700,0.0,0.0,0.0
2023-11-28 00:00:00-05:00,382.71719000412895,385.05244878485433,382.3624507839871,384.4710998535156,35491100,0.0,0.0,0.0
2023-11-29 00:00:00-05:00,386.934473278994,388.36323313049917,383.7518035091755,384.0966796875,38811700,0.0,0.0,0.0
2023-11-30 00:00:00-05:00,384.3626910552762,384.82580359682476,380.16514915622366,383.1310119628906,52834400,0.0,0.0,0.0
2023-12-01 00:00:00-05:00,382.0668577687091,384.81597394641676,380.4114882710684,384.2247619628906,40490100,0.0,0.0,0.0
2023-12-04 00:00:00-05:00,380.4311361273443,380.9336707602358,377.0514163134852,380.65777587890625,51186900,0.0,0.0,0.0
2023-12-05 00:00:00-05:00,378.75612737344005,382.8058739225098,378.57874272515113,381.6136169433594,42933000,0.0,0.0,0.0
2023-12-06 00:00:00-05:00,384.5498955042343,384.64843584230624,379.061556510073,379.4064025878906,41994100,0.0,0.0,0.0
2023-12-07 00:00:00-05:00,382.3821847930193,385.5352653367791,381.28843808447164,384.70758056640625,49593500,0.0,0.0,0.0
2023-12-08 00:00:00-05:00,382.97332664123644,386.86541395314606,382.7861090413666,386.4220275878906,46687500,0.0,0.0,0.0
2023-12-11 00:00:00-05:00,385.998334821996,389.9889928166888,385.7914211700645,389.7229309082031,41198000,0.0,0.0,0.0
2023-12-12 00:00:00-05:00,389.76237955300553,392.9450491247109,388.629240812153,392.8268127441406,39221200,0.0,0.0,0.0
2023-12-13 00:00:00-05:00,393.76283961093213,398.4333566952143,392.99427312781876,397.82244873046875,55408100,0.0,0.0,0.0
2023-12-14 00:00:00-05:00,399.04429214654004,400.34492229164994,394.47228535433857,397.47760009765625,55447800,0.0,0.0,0.0
2023-12-15 00:00:00-05:00,398.25601558992724,400.58144122653687,397.6549706592437,399.3990173339844,62896600,0.0,0.0,0.0
2023-12-18 00:00:00-05:00,399.7920202843143,402.8131909265067,399.46622076148566,401.91473388671875,46610000,0.808,0.0,0.0
2023-12-19 00:00:00-05:00,402.36888315936517,404.0867952971535,402.1812915891065,403.96832275390625,35711900,0.0,0.0,0.0
2023-12-20 00:00:00-05:00,403.16857339274765,405.2616685175691,397.78771478214475,397.9654235839844,54042400,0.0,0.0,0.0
2023-12-21 00:00:00-05:00,401.8949646280869,402.96127778271716,399.3378317905533,402.595947265625,45568900,0.0,0.0,0.0
2023-12-22 00:00:00-05:00,403.8103398826286,404.76803309196526,401.3223261415251,403.1982116699219,34314000,0.0,0.0,0.0
2023-12-26 00:00:00-05:00,404.05721193539733,406.3378989802427,403.9584747640765,405.6665344238281,22722500,0.0,0.0,0.0
2023-12-27 00:00:00-05:00,405.94901477517436,406.77878889770113,405.08957679300846,406.4923095703125,31980500,0.216,0.0,0.0
2023-12-28 00:00:00-05:00,407.6480920977712,407.8950497629961,405.93913420178313,406.29473876953125,27029200,0.0,0.0,0.0
2023-12-29 00:00:00-05:00,406.2750297554996,406.6306645016134,402.620043921107,404.53643798828125,42662100,0.0,0.0,0.0
2024-01-02 00:00:00-05:00,400.901215216287,401.14817289593526,395.3693571629253,397.6907653808594,58026900,0.0,0.0,0.0
2024-01-03 00:00:00-05:00,395.06314019202443,396.1201263177863,393.0479871898376,393.48260498046875,47002800,0.0,0.0,0.0
2024-01-04 00:00:00-05:00,391.61560657896115,394.72726726631595,391.2402260881703,391.4575500488281,39432800,0.0,0.0,0.0
2024-01-05 00:00:00-05:00,391.62550732012187,394.69764643870457,390.52899952720855,391.9218444824219,44922800,0.0,0.0,0.0
2024-01-08 00:00:00-05:00,393.14665067747353,400.3084217957199,392.9984821318522,400.02197265625,42473800,0.0,0.0,0.0
2024-01-09 00:00:00-05:00,397.01905052593867,401.74088018825046,396.82147232234684,400.81231689453125,39132900,0.0,0.0,0.0
2024-01-10 00:00:00-05:00,401.12841775635377,404.5364155681049,400.2393761596448,403.5288391113281,33962800,0.0,0.0,0.0
2024-01-11 00:00:00-05:00,404.80317822236947,406.196023220601,399.32069938087903,404.3685302734375,54536200,0.0,0.0,0.0
2024-01-12 00:00:00-05:00,405.40570188156073,406.24536398225337,403.18308286889186,404.575927734375,39595000,0.0,0.0,0.0
2024-01-16 00:00:00-05:00,403.34117122141964,406.1169732179159,401.8791708584222,404.53643798828125,43903000,0.0,0.0,0.0
2024-01-17 00:00:00-05:00,401.22719441535935,402.62989707760573,398.0167447545256,402.2545166015625,54386000,0.0,0.0,0.0
2024-01-18 00:00:00-05:00,405.5242597758291,408.5470193930794,404.1808244553629,407.9642028808594,59562500,0.0,0.0,0.0
2024-01-19 00:00:00-05:00,410.1671023546881,416.21262197383425,409.58428580538646,416.0545654296875,70325100,0.0,0.0,0.0
2024-01-22 00:00:00-05:00,418.2573876461551,419.5613313657799,415.9952469706817,416.59783935546875,44880600,0.0,0.0,0.0
2024-01-23 00:00:00-05:00,417.28929780686303,418.5438620366408,415.4519472523529,418.3265380859375,33003800,0.0,0.0,0.0
2024-01-24 00:00:00-05:00,422.2383417474242,424.6190172669874,420.1540033688027,420.6479187011719,46948000,0.0,0.0,0.0
2024-01-25 00:00:00-05:00,423.1471402830395,423.81888806396256,418.820467179713,421.16162109375,44367200,0.0,0.0,0.0
2024-01-26 00:00:00-05:00,419.27483445736374,421.02328381753233,418.0005245054045,418.6524963378906,37137000,0.0,0.0,0.0
2024-01-29 00:00:00-05:00,419.10693966612337,423.13730599084306,418.45496775635394,422.9397277832031,38694700,0.0,0.0,0.0
2024-01-30 00:00:00-05:00,421.9025030173065,422.47543156579263,419.21560227550077,420.1243896484375,36739000,0.0,0.0,0.0
2024-01-31 00:00:00-05:00,415.72853974147705,417.7239468242111,411.7179496692199,411.895751953125,64010600,0.0,0.0,0.0
2024-02-01 00:00:00-05:00,413.69360908615386,417.23991752552706,412.7255241901297,416.7460021972656,51008600,0.0,0.0,0.0
2024-02-02 00:00:00-05:00,418.64262610680913,425.0042580366374,417.6449376290023,423.78924560546875,59602400,0.0,0.0,0.0
2024-02-05 00:00:00-05:00,423.84853420729877,424.3819410907607,419.8280559423624,423.236083984375,39889200,0.0,0.0,0.0
2024-02-06 00:00:00-05:00,424.38194285431695,424.98453527196295,420.04538165211596,422.38653564453125,35846100,0.0,0.0,0.0
2024-02-07 00:00:00-05:00,425.1721815556776,427.5627147786143,423.8682378997858,426.7329406738281,37712700,0.0,0.0,0.0
2024-02-08 00:00:00-05:00,426.8515370812875,428.28390374796925,426.16996158844313,427.5232849121094,29889900,0.0,0.0,0.0
2024-02-09 00:00:00-05:00,428.6592150490808,432.52163633130664,427.8689626237374,431.7313537597656,36943900,0.0,0.0,0.0
2024-02-12 00:00:00-05:00,431.62271030244636,433.7959497087528,429.3605697585453,430.04217529296875,33203300,0.0,0.0,0.0
2024-02-13 00:00:00-05:00,422.08030471765994,426.0217396052204,420.15402277397357,423.3348388671875,64491700,0.0,0.0,0.0
2024-02-14 00:00:00-05:00,426.0118584018304,428.3727579939155,423.66081661689094,427.947998046875,45092700,0.0,0.0,0.0
2024-02-15 00:00:00-05:00,428.6395040700747,429.6866021844067,426.0809960674444,429.2223205566406,38796100,0.0,0.0,0.0
2024-02-16 00:00:00-05:00,429.59772780793963,429.69648676562633,424.6190524047314,425.3302917480469,53716500,0.0,0.0,0.0
2024-02-20 00:00:00-05:00,423.3348244505183,424.8462041800542,418.34629159155463,422.11981201171875,53999500,0.0,0.0,0.0
2024-02-21 00:00:00-05:00,419.38353535537277,420.51956484161013,416.49908643004204,420.4306335449219,49779000,0.0,0.0,0.0
2024-02-22 00:00:00-05:00,429.2025325203063,433.7761932856845,428.43202581368143,432.7389831542969,53887800,0.0,0.0,0.0
2024-02-23 00:00:00-05:00,434.29972972450184,435.228292926846,430.486717969249,431.46466064453125,39853900,0.0,0.0,0.0
2024-02-26 00:00:00-05:00,432.27469754338847,433.26252819127274,431.0497670405967,431.2374572753906,33043200,0.0,0.0,0.0
2024-02-27 00:00:00-05:00,432.3438440997313,432.65992698949185,429.7359567723681,432.2746887207031,33713200,0.0,0.0,0.0
2024-02-28 00:00:00-05:00,430.13114003503347,431.3560706752658,429.0148864542858,429.97308349609375,32938800,0.0,0.0,0.0
2024-02-29 00:00:00-05:00,432.89706552748044,434.73441618907316,429.7261072238398,433.6576843261719,42495200,0.0,0.0,0.0
2024-03-01 00:00:00-05:00,434.5467204654234,441.1454223300951,434.487453034906,440.1872253417969,43853000,0.0,0.0,0.0
2024-03-04 00:00:00-05:00,440.18719371913676,440.6119838022622,438.36958897271137,438.6165466308594,34325700,0.0,0.0,0.0
2024-03-05 00:00:00-05:00,435.5740364808058,435.58392443380023,428.3727428120302,430.7435302734375,57917100,0.0,0.0,0.0
2024-03-06 00:00:00-05:00,434.9616055413098,436.61126586958386,431.5733535962779,433.4502258300781,46234500,0.0,0.0,0.0
2024-03-07 00:00:00-05:00,437.0360188330566,441.2836782721266,435.49497539246795,440.0291442871094,44526700,0.0,0.0,0.0
2024-03-08 00:00:00-05:00,440.38477719851295,443.18035480422833,433.0056810784902,433.6773986816406,72096000,0.0,0.0,0.0
2024-03-11 00:00:00-04:00,432.18582612227107,433.32182541621614,430.14100930544924,432.0672912597656,45860000,0.0,0.0,0.0
2024-03-12 00:00:00-04:00,434.3787885378619,438.6165603792511,431.14856297446795,438.2609558105469,55300900,0.0,0.0,0.0
2024-03-13 00:00:00-04:00,437.26324365300286,437.28301956013377,433.7762025649882,434.8924560546875,37928700,0.0,0.0,0.0
2024-03-14 00:00:00-04:00,436.1272866639703,436.65083576827374,431.07948587966774,433.7960205078125,52195200,0.0,0.0,0.0
2024-03-15 00:00:00-04:00,430.76335642102964,433.5292704242378,427.47386318721965,428.6395263671875,73069800,0.0,0.0,0.0
2024-03-18 00:00:00-04:00,433.96402116042105,436.24892486952547,432.4901867270838,432.72760009765625,47323800,0.573,0.0,0.0
2024-03-19 00:00:00-04:00,430.71962317205856,434.21127480001553,428.6226278409683,433.80572509765625,43004100,0.0,0.0,0.0
2024-03-20 00:00:00-04:00,435.0026331369198,439.28558271537105,433.30131642838063,438.94927978515625,43653500,0.0,0.0,0.0
2024-03-21 00:00:00-04:00,444.00373970444815,444.45873418864244,440.8286189706875,441.02642822265625,39345700,0.0,0.0,0.0
2024-03-22 00:00:00-04:00,440.51210455310553,442.62884172673427,439.6614311607801,441.5309143066406,28253900,0.0,0.0,0.0
2024-03-25 00:00:00-04:00,438.7316200402831,441.4122025295857,437.73261238861454,439.9284973144531,27789200,0.0,0.0,0.0
2024-03-26 00:00:00-04:00,441.4517895723345,442.371709837362,438.2766685525834,438.5041809082031,34142000,0.0,0.0,0.0
2024-03-27 00:00:00-04:00,441.59032901671515,441.6892487548964,437.1293114435143,439.997802734375,41359200,0.0,0.0,0.0
2024-03-28 00:00:00-04:00,439.9483005564888,440.79897397057766,438.83057105161373,439.1866760253906,36839600,0.0,0.0,0.0
2024-04-01 00:00:00-04:00,440.13622694821476,442.6684148785135,438.2073980092949,440.116455078125,38729000,0.0,0.0,0.0
2024-04-02 00:00:00-04:00,435.2993359937669,436.63467679175466,433.2716175055322,436.3181457519531,44259700,0.0,0.0,0.0
2024-04-03 00:00:00-04:00,434.191550298933,439.17680901553166,434.18167945588436,437.2974548339844,39949800,0.0,0.0,0.0
2024-04-04 00:00:00-04:00,441.48141305916283,442.0947032292261,430.3832969960165,430.6108093261719,57267700,0.0,0.0,0.0
2024-04-05 00:00:00-04:00,432.0352324148125,438.35583196490023,431.2241328775379,435.6851501464844,54744600,0.0,0.0,0.0
2024-04-08 00:00:00-04:00,436.6148885971717,437.6930441117525,434.42890467076694,435.8136901855469,28144900,0.0,0.0,0.0
2024-04-09 00:00:00-04:00,438.1480760138876,438.42503314049435,432.6880511524698,437.426025390625,39443600,0.0,0.0,0.0
2024-04-10 00:00:00-04:00,432.252858364519,434.46851553046224,431.5406785345994,433.60797119140625,61502200,0.0,0.0,0.0
2024-04-11 00:00:00-04:00,435.47738569459614,441.48142324592834,433.20235289872653,440.5318603515625,45474600,0.0,0.0,0.0
2024-04-12 00:00:00-04:00,436.30824620130363,437.4358464505674,432.13408772001753,433.50897216796875,53665000,0.0,0.0,0.0
2024-04-15 00:00:00-04:00,437.2578557574557,437.3468744561604,425.5365774509986,426.3773498535156,63453600,0.0,0.0,0.0
2024-04-16 00:00:00-04:00,426.21909169442733,429.04803897510334,425.0321455051185,426.41693115234375,47619000,0.0,0.0,0.0
2024-04-17 00:00:00-04:00,428.3951937854625,428.4149656563119,420.2842591999878,421.21405029296875,56880500,0.0,0.0,0.0
2024-04-18 00:00:00-04:00,421.8570144092069,423.5880040974066,418.23676949612997,418.81048583984375,46549400,0.0,0.0,0.0
2024-04-19 00:00:00-04:00,417.63334168227425,418.1575829798095,408.582745982608,410.14556884765625,75231000,0.0,0.0,0.0
2024-04-22 00:00:00-04:00,412.7766879173197,416.6046426178408,409.44330163156485,414.2702941894531,47807700,0.0,0.0,0.0
2024-04-23 00:00:00-04:00,416.1991163771081,421.6492702748659,414.3197623321765,420.4524230957031,44384700,0.0,0.0,0.0
2024-04-24 00:00:00-04:00,423.5484137206893,425.06179190259485,419.5918662975575,421.87677001953125,48440300,0.0,0.0,0.0
2024-04-25 00:00:00-04:00,414.6857171994804,420.6996860627022,413.59769082942586,419.8391418457031,57392200,0.0,0.0,0.0
2024-04-26 00:00:00-04:00,422.9747056964863,427.85114324602824,422.28232799555997,426.3179931640625,41874900,0.0,0.0,0.0
2024-04-29 00:00:00-04:00,428.42485755345405,429.04801861164475,425.30908244856215,428.0489807128906,30022200,0.0,0.0,0.0
2024-04-30 00:00:00-04:00,426.4663662313873,427.86105287563,419.89851294550385,419.9776306152344,43665900,0.0,0.0,0.0
2024-05-01 00:00:00-04:00,418.55321572412726,425.46730223224165,416.0902748408662,416.94091796875,52251700,0.0,0.0,0.0
2024-05-02 00:00:00-04:00,420.67988722114075,423.1626303564194,416.0606350688799,422.26251220703125,36559000,0.0,0.0,0.0
2024-05-03 00:00:00-04:00,429.72064827636785,431.738496056238,427.9204118275236,430.7493591308594,48515300,0.0,0.0,0.0
2024-05-06 00:00:00-04:00,432.5495936197484,435.5565785212185,431.7780679750496,435.4675598144531,30227200,0.0,0.0,0.0
2024-05-07 00:00:00-04:00,435.9126199952162,437.1688129223332,434.80476137168813,435.5367431640625,30996100,0.0,0.0,0.0
2024-05-08 00:00:00-04:00,432.9155804465462,436.6841897959982,432.79685865672997,435.27960205078125,24896700,0.0,0.0,0.0
2024-05-09 00:00:00-04:00,435.5466495999141,436.8028728157536,433.69696837697614,436.2291564941406,24580100,0.0,0.0,0.0
2024-05-10 00:00:00-04:00,437.73263958289897,439.4834009785405,435.71479191286244,437.2578430175781,27116600,0.0,0.0,0.0
2024-05-13 00:00:00-04:00,439.1669029109842,439.2658226427781,436.8523260801147,438.26678466796875,22994200,0.0,0.0,0.0
2024-05-14 00:00:00-04:00,437.8414172762935,441.6199272591331,437.65347886134185,441.0857849121094,34478300,0.0,0.0,0.0
2024-05-15 00:00:00-04:00,443.5586593238126,448.22738676768705,442.04528105207277,447.9801025390625,41464700,0.0,0.0,0.0
2024-05-16 00:00:00-04:00,447.7921494818684,449.75065137557704,446.90193232511433,447.0700988769531,34780400,0.0,0.0,0.0
2024-05-17 00:00:00-04:00,447.1986517798775,447.80204096189675,444.6565929882727,446.85247802734375,35803700,0.0,0.0,0.0
2024-05-20 00:00:00-04:00,447.07006758388434,450.6309359616545,446.88212917453916,449.9682312011719,24474200,0.0,0.0,0.0
2024-05-21 00:00:00-04:00,448.11857455171366,451.03651019690585,447.92073510394465,450.84857177734375,23167700,0.0,0.0,0.0
2024-05-22 00:00:00-04:00,451.10581702372286,451.8575708019617,448.158177901845,450.7596130371094,25120000,0.0,0.0,0.0
2024-05-23 00:00:00-04:00,455.5469794693014,455.57665236835396,446.9415066973637,448.7318420410156,40899200,0.0,0.0,0.0
2024-05-24 00:00:00-04:00,450.34417283824854,454.2413748570816,448.6428560676612,452.97528076171875,29669500,0.0,0.0,0.0
2024-05-28 00:00:00-04:00,454.1918939311823,454.74580820399797,451.72895260433864,454.68646240234375,26216800,0.0,0.0,0.0
2024-05-29 00:00:00-04:00,450.53206548946173,453.26206268217703,450.3935718404809,451.48162841796875,29739200,0.0,0.0,0.0
2024-05-30 00:00:00-04:00,450.55187839736584,450.69037205896115,445.31933550680014,446.644775390625,30536800,0.0,0.0,0.0
2024-05-31 00:00:00-04:00,446.8722875838762,447.5646955194597,438.24701222029506,445.81390380859375,55941300,0.0,0.0,0.0
2024-06-03 00:00:00-04:00,449.6319706436315,450.6309783922545,443.0344141981781,448.2076110839844,32997500,0.0,0.0,0.0
2024-06-04 00:00:00-04:00,447.9504072512339,450.63095970345694,446.22931876556424,449.4341125488281,23767400,0.0,0.0,0.0
2024-06-05 00:00:00-04:00,453.00490099928925,458.5737160540312,449.4736752346723,458.4945983886719,33817400,0.0,0.0,0.0
2024-06-06 00:00:00-04:00,459.17710658249314,459.4936376169888,457.16915999813136,458.3363342285156,21966800,0.0,0.0,0.0
2024-06-07 00:00:00-04:00,457.97039057899616,460.6806160602475,456.8229881379394,457.9308166503906,25829700,0.0,0.0,0.0
2024-06-10 00:00:00-04:00,456.803175229736,460.13656149630197,456.51631709872595,459.78045654296875,20660800,0.0,0.0,0.0
2024-06-11 00:00:00-04:00,458.5045379527608,463.0545738378896,457.0109315387959,462.93585205078125,22053300,0.0,0.0,0.0
2024-06-12 00:00:00-04:00,466.86269781638856,471.32371472336234,466.17032012465427,468.9992370605469,34532600,0.0,0.0,0.0
2024-06-13 00:00:00-04:00,472.53048823334285,473.1932232482495,469.26634848832265,471.5413513183594,25859000,0.0,0.0,0.0
2024-06-14 00:00:00-04:00,471.3435187046706,474.0537744176001,470.8786231404357,473.9845275878906,23372600,0.0,0.0,0.0
2024-06-17 00:00:00-04:00,474.2515381397125,481.57114467660335,472.94590045979214,479.79071044921875,37054500,0.0,0.0,0.0
2024-06-18 00:00:00-04:00,479.74130815889504,480.6216243226489,478.17845491806946,479.9391174316406,24438600,0.0,0.0,0.0
2024-06-20 00:00:00-04:00,481.1360166714005,481.5514372932592,474.40986718554024,476.2397766113281,33918700,0.0,0.0,0.0
2024-06-21 00:00:00-04:00,475.96284420026217,477.298185212039,473.4702297813939,474.96380615234375,37456800,0.0,0.0,0.0
2024-06-24 00:00:00-04:00,473.7372201719712,475.4709609139497,469.4177434642952,469.5564270019531,37751000,0.762,0.0,0.0
2024-06-25 00:00:00-04:00,471.64684204643737,475.2232870328967,470.70565640050626,474.92608642578125,29014700,0.0,0.0,0.0
2024-06-26 00:00:00-04:00,474.1038539861991,476.45186007992106,473.68777307220364,475.9069519042969,22737100,0.0,0.0,0.0
2024-06-27 00:00:00-04:00,475.65922915173917,478.611553035427,474.84684046619515,477.1353759765625,26222100,0.0,0.0,0.0
2024-06-28 00:00:00-04:00,477.9279271409459,482.67343166507135,474.014614539721,474.6585693359375,34881600,0.0,0.0,0.0
2024-07-01 00:00:00-04:00,475.57999748371265,478.0072166007963,471.8351183529178,477.4425354003906,24898300,0.0,0.0,0.0
2024-07-02 00:00:00-04:00,475.94656974450004,482.51497601687083,475.81777272205466,482.4555358886719,26723600,0.0,0.0,0.0
2024-07-03 00:00:00-04:00,481.7025582982194,486.6065802178196,481.7025582982194,486.477783203125,18064900,0.0,0.0,0.0
2024-07-05 00:00:00-04:00,487.31988469515403,491.9861158127836,487.02265384242645,491.5502014160156,28495900,0.0,0.0,0.0
2024-07-08 00:00:00-04:00,491.916766364616,493.27403293388477,490.8963372463012,492.71923828125,22109400,0.0,0.0,0.0
2024-07-09 00:00:00-04:00,494.2349885715734,495.35449456674047,491.6294190927061,493.14520263671875,25614500,0.0,0.0,0.0
2024-07-10 00:00:00-04:00,495.06724371399383,498.84184302588216,493.7595306592135,498.28704833984375,28046900,0.0,0.0,0.0
2024-07-11 00:00:00-04:00,498.3960104304496,498.6040508659988,486.1706643474196,487.3594970703125,49966600,0.0,0.0,0.0
2024-07-12 00:00:00-04:00,487.9340904027109,494.9780167524356,487.4684559718065,490.2226257324219,37109400,0.0,0.0,0.0
2024-07-15 00:00:00-04:00,491.99600089511654,496.3551448499589,489.49942500337625,491.540283203125,31151400,0.0,0.0,0.0
2024-07-16 00:00:00-04:00,492.9966525685197,493.80904127855604,488.56818172649724,491.7285461425781,25950600,0.0,0.0,0.0
2024-07-17 00:00:00-04:00,483.74344074557246,484.2585985960934,477.22458813542045,477.2939147949219,56268800,0.0,0.0,0.0
2024-07-18 00:00:00-04:00,481.0189557238677,481.19727609369016,471.8449804007106,475.0350646972656,49347400,0.0,0.0,0.0
2024-07-19 00:00:00-04:00,474.69826118608114,477.2146707760449,469.53667521921534,470.8245849609375,42042900,0.0,0.0,0.0
2024-07-22 00:00:00-04:00,476.6895800024484,478.85923528562404,473.2716216155166,477.83880615234375,40300000,0.0,0.0,0.0
2024-07-23 00:00:00-04:00,476.9372401363334,479.92917053758373,475.67905054621997,476.1545715332031,23282500,0.0,0.0,0.0
2024-07-24 00:00:00-04:00,469.4177730491382,469.7843305630981,458.2128560235188,459.07476806640625,58818600,0.0,0.0,0.0
2024-07-25 00:00:00-04:00,459.4116141087208,463.5924076204099,451.39678130888416,454.0122375488281,59256800,0.0,0.0,0.0
2024-07-26 00:00:00-04:00,458.3515754396466,461.6011001943518,455.49832829228717,458.6686096191406,39992100,0.0,0.0,0.0
2024-07-29 00:00:00-04:00,461.3830856787975,463.56265759959666,457.3310894463461,459.58990478515625,28218500,0.0,0.0,0.0
2024-07-30 00:00:00-04:00,461.52188252735647,462.2252775872101,449.93057290272543,453.2791748046875,41317200,0.0,0.0,0.0
2024-07-31 00:00:00-04:00,463.52298711929,468.3972884091585,462.0765605317997,466.6932678222656,44552100,0.0,0.0,0.0
2024-08-01 00:00:00-04:00,467.37689795882113,471.1316633842162,451.74351079884156,455.3893127441406,56653900,0.0,0.0,0.0
2024-08-02 00:00:00-04:00,446.7008203668183,449.35591337831903,440.340454930092,444.5806884765625,66323200,0.0,0.0,0.0
2024-08-05 00:00:00-04:00,420.7640496665403,438.18073242125257,419.5157767707517,431.32501220703125,87483500,0.0,0.0,0.0
2024-08-06 00:00:00-04:00,433.16773136287384,442.91630484411263,430.5225248808415,435.44635009765625,63164400,0.0,0.0,0.0
2024-08-07 00:00:00-04:00,442.3416401709685,444.8283293708516,430.334252242324,430.73052978515625,54929200,0.0,0.0,0.0
2024-08-08 00:00:00-04:00,436.96213279824934,444.8184483377776,433.08845677026795,443.9070129394531,47890100,0.0,0.0,0.0
2024-08-09 00:00:00-04:00,442.58933486287685,447.8599140690418,441.4698288405631,446.2252502441406,33574000,0.0,0.0,0.0
2024-08-12 00:00:00-04:00,447.19616554453364,450.1484591172227,444.3825252809175,447.1862487792969,27795000,0.0,0.0,0.0
2024-08-13 00:00:00-04:00,451.58505324925886,458.54973738352265,451.4463394555369,458.2822265625,40084500,0.0,0.0,0.0
2024-08-14 00:00:00-04:00,459.2035379429091,460.7886481545662,454.1409992347584,458.4307861328125,34733700,0.0,0.0,0.0
2024-08-15 00:00:00-04:00,464.4047901058715,470.4084846096922,464.02831582443696,470.01220703125,38280600,0.0,0.0,0.0
2024-08-16 00:00:00-04:00,468.22887332563755,471.98366882565296,467.2678844056032,470.6164855957031,38383600,0.0,0.0,0.0
2024-08-19 00:00:00-04:00,470.7552521973401,476.8381902959791,468.9719576926455,476.7985534667969,23737700,0.0,0.0,0.0
2024-08-20 00:00:00-04:00,475.887072779306,478.4530054535782,474.1037784441942,475.79791259765625,29209300,0.0,0.0,0.0
2024-08-21 00:00:00-04:00,476.58054970811685,479.86971082600905,474.86664249742586,478.01708984375,25658800,0.0,0.0,0.0
2024-08-22 00:00:00-04:00,480.33537571180096,481.0288841455253,469.4078560191765,470.4382019042969,37739600,0.0,0.0,0.0
2024-08-23 00:00:00-04:00,474.7873956850109,478.25487736174836,470.8641963105765,475.54034423828125,36061500,0.0,0.0,0.0
2024-08-26 00:00:00-04:00,474.9954750129997,475.91682719058724,468.8431499287544,470.92364501953125,27452600,0.0,0.0,0.0
2024-08-27 00:00:00-04:00,469.28896037364865,473.400396779738,467.32734562030106,472.3304443359375,27510000,0.0,0.0,0.0
2024-08-28 00:00:00-04:00,471.86480810777596,472.5880063433666,463.5428583776521,466.970703125,37372400,0.0,0.0,0.0
2024-08-29 00:00:00-04:00,468.88276216101195,473.4895530413343,465.0090862780714,466.287109375,41081500,0.0,0.0,0.0
2024-08-30 00:00:00-04:00,470.62644840577417,472.4691527766626,466.1385374963052,471.8450012207031,33466500,0.0,0.0,0.0
2024-09-03 00:00:00-04:00,468.8035388395337,468.9323056206166,455.1416524496019,457.51934814453125,44985200,0.0,0.0,0.0
2024-09-04 00:00:00-04:00,454.40852713775496,460.1348241601613,453.477258224592,456.3304748535156,32505100,0.0,0.0,0.0
2024-09-05 00:00:00-04:00,454.70572529323357,461.0363402813741,453.6852962003829,456.7565002441406,34452400,0.0,0.0,0.0
2024-09-06 00:00:00-04:00,456.05304639419114,456.9347918889345,444.0258552322997,444.5212097167969,50624400,0.0,0.0,0.0
2024-09-09 00:00:00-04:00,448.8506232910241,451.2283188768992,445.64073576179464,450.23760986328125,32981200,0.0,0.0,0.0
2024-09-10 00:00:00-04:00,452.0010913798349,454.90389190042566,448.02836861259885,454.39862060546875,29680300,0.0,0.0,0.0
2024-09-11 00:00:00-04:00,455.6369852193334,465.00908400490187,447.0871616105351,464.26605224609375,57843000,0.0,0.0,0.0
2024-09-12 00:00:00-04:00,464.2957559423951,469.6356918398223,462.51249187772487,468.82330322265625,40067800,0.0,0.0,0.0
2024-09-13 00:00:00-04:00,468.0902315957997,472.1025912298367,467.86235762577684,470.92364501953125,29111800,0.0,0.0,0.0
2024-09-16 00:00:00-04:00,468.79361628971213,469.4573744200276,465.524288528779,468.8431396484375,22585600,0.0,0.0,0.0
2024-09-17 00:00:00-04:00,471.8648545022235,473.1626810286975,466.5942747357859,469.0908508300781,30084400,0.0,0.0,0.0
2024-09-18 00:00:00-04:00,470.2895966560615,474.38119962315574,466.4555272479723,467.05987548828125,39909200,0.0,0.0,0.0
2024-09-19 00:00:00-04:00,478.1260173822448,481.71240906933616,476.02571930923193,478.8690490722656,52782500,0.0,0.0,0.0
2024-09-20 00:00:00-04:00,478.0071649568301,479.19602782363893,473.8560919217068,477.9576416015625,34577700,0.0,0.0,0.0
2024-09-23 00:00:00-04:00,479.135323893243,480.315926835132,477.7959811138323,479.224609375,24843000,0.677,0.0,0.0
2024-09-24 00:00:00-04:00,480.6333475885268,482.4885720219182,476.3772551624619,481.5361633300781,25952600,0.0,0.0,0.0
2024-09-25 00:00:00-04:00,480.91114919551086,483.93707616737726,480.732578237264,481.9826354980469,26549900,0.0,0.0,0.0
2024-09-26 00:00:00-04:00,489.47300978582507,489.80042016717226,481.96279573601043,485.60382080078125,32020200,0.0,0.0,0.0
2024-09-27 00:00:00-04:00,486.625622295268,486.76453099134613,481.72464010935676,482.9052429199219,22851100,0.0,0.0,0.0
2024-09-30 00:00:00-04:00,481.94289313235436,484.55212398862665,479.1054983896482,484.2148132324219,30281100,0.0,0.0,0.0
2024-10-01 00:00:00-04:00,483.8478010651969,484.1454193353246,473.62913982724353,477.46856689453125,42735400,0.0,0.0,0.0
2024-10-02 00:00:00-04:00,476.5657209152366,480.05793653831387,473.9465894744548,478.1431884765625,23744000,0.0,0.0,0.0
2024-10-03 00:00:00-04:00,475.9506174766113,480.722621801194,475.2065415805555,477.7860107421875,25337200,0.0,0.0,0.0
2024-10-04 00:00:00-04:00,483.5997421604296,484.0263384101603,478.57971250941176,483.47076416015625,30686600,0.0,0.0,0.0
2024-10-07 00:00:00-04:00,481.55601359663206,482.72668574042143,477.0716968180428,478.2919921875,24975100,0.0,0.0,0.0
2024-10-08 00:00:00-04:00,480.83181589462646,486.11970246020155,480.0282162700938,485.4351501464844,28272000,0.0,0.0,0.0
2024-10-09 00:00:00-04:00,485.1374555301361,489.8301048032175,484.0957614478896,489.2546691894531,24995000,0.0,0.0,0.0
2024-10-10 00:00:00-04:00,486.97288079520195,490.56428230026705,485.6632999428998,488.6991271972656,25750400,0.0,0.0,0.0
2024-10-11 00:00:00-04:00,486.86374286155046,490.48493653463544,486.298268176488,489.4630432128906,20644500,0.0,0.0,0.0
2024-10-14 00:00:00-04:00,491.8540578787894,494.88988547958434,491.34810679634313,493.5704040527344,26060100,0.0,0.0,0.0
2024-10-15 00:00:00-04:00,493.8977476785361,494.5624688319381,484.82002737514097,486.972900390625,34784500,0.0,0.0,0.0
2024-10-16 00:00:00-04:00,487.3002966300499,487.8062779684171,483.7188255626652,487.0324401855469,22996800,0.0,0.0,0.0
2024-10-17 00:00:00-04:00,492.51875901205545,492.56835196515686,487.3102273222296,487.3697509765625,27210700,0.0,0.0,0.0
2024-10-18 00:00:00-04:00,490.15753539620334,491.6556179545978,489.40352876657005,490.5643005371094,25335000,0.0,0.0,0.0
2024-10-21 00:00:00-04:00,489.35393242594535,492.3104049952959,487.4292536147581,491.5068054199219,30336500,0.0,0.0,0.0
2024-10-22 00:00:00-04:00,488.83807375200354,493.5207929965994,488.08406709201313,492.04254150390625,26685800,0.0,0.0,0.0
2024-10-23 00:00:00-04:00,489.6912023486025,490.3459927399207,481.218650061365,484.50250244140625,39346600,0.0,0.0,0.0
2024-10-24 00:00:00-04:00,488.2229113611023,489.1058959697234,485.5740180882913,488.4312744140625,22024900,0.0,0.0,0.0
2024-10-25 00:00:00-04:00,491.22902181685464,496.32840643950317,490.52460813834386,491.4075927734375,38762100,0.0,0.0,0.0
2024-10-28 00:00:00-04:00,494.52279649460877,494.58232014940006,491.1893507201843,491.4869689941406,20477800,0.0,0.0,0.0
2024-10-29 00:00:00-04:00,491.8044187402905,497.38995346166206,489.94919430030234,496.2093505859375,28014100,0.0,0.0,0.0
2024-10-30 00:00:00-04:00,495.4454629981242,496.39787173074626,491.9731085864843,492.459228515625,29756000,0.0,0.0,0.0
2024-10-31 00:00:00-04:00,488.4907896798999,488.54038262888133,479.92895155012076,480.0281677246094,41245200,0.0,0.0,0.0
2024-11-01 00:00:00-04:00,481.6651469129995,486.8736783677744,481.36752865476586,483.57989501953125,33655800,0.0,0.0,0.0
2024-11-04 00:00:00-05:00,482.9747116073583,485.5144882475446,480.42500426672166,482.1711120605469,23291600,0.0,0.0,0.0
2024-11-05 00:00:00-05:00,483.7584717889176,488.986864708101,483.66918631037436,488.3221435546875,24353600,0.0,0.0,0.0
2024-11-06 00:00:00-05:00,496.6062103649232,502.4100088623021,495.6538016210877,501.5865478515625,43082200,0.0,0.0,0.0
2024-11-07 00:00:00-05:00,504.3842278003702,510.26741073728783,504.3247041524069,509.4836120605469,32853100,0.0,0.0,0.0
2024-11-08 00:00:00-05:00,508.9876317248382,510.8527870225075,508.36260305843524,510.0789794921875,22924500,0.0,0.0,0.0
2024-11-11 00:00:00-05:00,511.29919439483575,511.5075574474809,506.8843621879825,509.78131103515625,24167500,0.0,0.0,0.0
2024-11-12 00:00:00-05:00,509.711895702093,510.59481982391384,505.80298394720904,508.858642578125,25835300,0.0,0.0,0.0
2024-11-13 00:00:00-05:00,508.35269682828596,510.9122744153452,505.9220366929146,508.203857421875,24567400,0.0,0.0,0.0
2024-11-14 00:00:00-05:00,507.8665336575629,508.73955728941615,503.7592201185579,504.6719665527344,28679500,0.0,0.0,0.0
2024-11-15 00:00:00-05:00,498.9674158501514,499.3543196021951,490.58414799637626,492.6477355957031,51461100,0.0,0.0,0.0
2024-11-18 00:00:00-05:00,494.1954094353085,498.17374520817333,492.80647371552027,496.0704650878906,27080800,0.0,0.0,0.0
2024-11-19 00:00:00-05:00,493.49103689348044,499.9694571048066,493.1536958116036,499.4833068847656,24523000,0.0,0.0,0.0
2024-11-20 00:00:00-05:00,499.18562594048456,499.5031055797306,492.6377521945281,499.195556640625,29565500,0.0,0.0,0.0
2024-11-21 00:00:00-05:00,502.2412988893756,502.9556129602977,493.62986778963904,500.99127197265625,34526700,0.0,0.0,0.0
2024-11-22 00:00:00-05:00,500.4357175118036,502.5290365817057,498.8086569561695,501.7948913574219,23826600,0.0,0.0,0.0
2024-11-25 00:00:00-05:00,505.87241468402135,507.41018976726633,500.2769794512125,502.58856201171875,26375200,0.0,0.0,0.0
2024-11-26 00:00:00-05:00,504.0667834357268,506.1105398394157,503.2235216050594,505.2870788574219,26557100,0.0,0.0,0.0
2024-11-27 00:00:00-05:00,504.1561023396317,504.2255264165309,497.96536999082,501.3087463378906,24957400,0.0,0.0,0.0
2024-11-29 00:00:00-05:00,501.9337807222535,506.3089508903919,501.31868278834094,505.71368408203125,15334000,0.0,0.0,0.0
2024-12-02 00:00:00-05:00,506.97362609834516,512.18215721545,506.58669211119974,511.21978759765625,25147200,0.0,0.0,0.0
2024-12-03 00:00:00-05:00,509.89037421333506,513.0651098548883,509.3149386184986,512.7872924804688,18597900,0.0,0.0,0.0
2024-12-04 00:00:00-05:00,516.2101120920232,519.3848480945504,515.4957677287545,519.1268920898438,26086200,0.0,0.0,0.0
2024-12-05 00:00:00-05:00,519.1764451670765,519.9006596223231,517.3013594796879,517.6882934570312,18169600,0.0,0.0,0.0
2024-12-06 00:00:00-05:00,518.3529458317801,522.5594446651219,518.2239678488955,522.3213500976562,23762600,0.0,0.0,0.0
2024-12-09 00:00:00-05:00,521.3987277525985,522.1923965322766,517.1029129790646,518.2537841796875,20674400,0.0,0.0,0.0
2024-12-10 00:00:00-05:00,519.4840803564292,521.2301883413037,515.0592867380795,516.4879150390625,24350000,0.0,0.0,0.0
2024-12-11 00:00:00-05:00,520.853192430636,526.4188662970179,520.4464575332266,525.7343139648438,32168600,0.0,0.0,0.0
2024-12-12 00:00:00-05:00,523.511980803434,524.7818994700399,521.8651193703002,522.34130859375,23577500,0.0,0.0,0.0
2024-12-13 00:00:00-05:00,526.2699621617475,528.9585173420876,523.1348888305102,526.3394165039062,28780400,0.0,0.0,0.0
2024-12-16 00:00:00-05:00,528.8694272749564,534.8914899938695,528.7900422086976,533.919189453125,31979900,0.0,0.0,0.0
2024-12-17 00:00:00-05:00,532.1233232086973,533.234471579217,529.9109571669914,531.5677490234375,28579100,0.0,0.0,0.0
2024-12-18 00:00:00-05:00,530.9230075449514,532.6393233284896,510.942073860317,512.3905029296875,54703200,0.0,0.0,0.0
2024-12-19 00:00:00-05:00,517.0732740500031,517.6387790519901,509.77142308420235,510.10870361328125,46441800,0.0,0.0,0.0
2024-12-20 00:00:00-05:00,506.4081888202465,520.674610325421,505.2672783831969,514.563232421875,60530000,0.0,0.0,0.0
2024-12-23 00:00:00-05:00,516.2773215508976,519.9540272324169,512.8788812504641,519.576416015625,29672800,0.835,0.0,0.0
2024-12-24 00:00:00-05:00,521.5241349732042,526.7112253012842,520.8881517500126,526.621826171875,17558200,0.0,0.0,0.0
2024-12-26 00:00:00-05:00,524.9921932011364,527.8937835457399,522.994844207,526.2640991210938,19090500,0.0,0.0,0.0
2024-12-27 00:00:00-05:00,522.6967134646023,523.1339443647176,514.598025422934,519.2684326171875,33839600,0.0,0.0,0.0
2024-12-30 00:00:00-05:00,512.262836772703,516.0885615458353,508.6059938701245,512.3621826171875,34584000,0.0,0.0,0.0
2024-12-31 00:00:00-05:00,513.644094410772,514.3992562583705,507.0459049159329,508.0097961425781,29117000,0.0,0.0,0.0
2025-01-02 00:00:00-05:00,511.06042287109295,513.3857099460889,502.52453474139946,507.0160827636719,36389800,0.0,0.0,0.0
2025-01-03 00:00:00-05:00,510.11631872085275,516.3766827391748,509.3015373778752,515.3134155273438,29059500,0.0,0.0,0.0
2025-01-06 00:00:00-05:00,520.7192176012078,524.5946151120777,518.7417623146622,521.2359008789062,36109700,0.0,0.0,0.0
2025-01-07 00:00:00-05:00,522.2793368947259,522.67678090554,510.0468799728483,511.93487548828125,36690300,0.0,0.0,0.0
2025-01-08 00:00:00-05:00,511.8354863915311,513.6638621182858,507.35388554228564,512.0242919921875,30777800,0.0,0.0,0.0
2025-01-10 00:00:00-05:00,508.25819448854884,508.3575403275065,500.7458174123479,503.9952087402344,40532500,0.0,0.0,0.0
2025-01-13 00:00:00-05:00,498.04296636403393,502.83258226211484,496.5524148250259,502.37548828125,31694200,0.0,0.0,0.0
2025-01-14 00:00:00-05:00,505.5354479124467,506.94651670595886,498.4304916746537,501.89849853515625,33737200,0.0,0.0,0.0
2025-01-15 00:00:00-05:00,509.79844685715614,514.5880322454942,508.2382987029594,513.4453125,34957600,0.0,0.0,0.0
2025-01-16 00:00:00-05:00,515.7109442532102,515.7904573182853,509.71895854451463,509.84814453125,28229000,0.0,0.0,0.0
2025-01-17 00:00:00-05:00,519.5564846396222,520.7688312604284,509.8778477018945,518.4534912109375,51837900,0.0,0.0,0.0
2025-01-21 00:00:00-05:00,521.1763321012501,522.6569370321079,516.784190233401,521.4943237304688,23628000,0.0,0.0,0.0
2025-01-22 00:00:00-05:00,526.2342659003573,530.4574953112844,525.926221004647,528.1620483398438,33593000,0.0,0.0,0.0
2025-01-23 00:00:00-05:00,525.7075521398207,529.404151376624,525.1213025176294,529.284912109375,23096600,0.0,0.0,0.0
2025-01-24 00:00:00-05:00,529.6624839179889,530.4275923841087,524.8231652884439,526.2938232421875,19878300,0.0,0.0,0.0
2025-01-27 00:00:00-05:00,507.7812062861425,514.7271665075501,506.936554378914,510.97100830078125,60771700,0.0,0.0,0.0
2025-01-28 00:00:00-05:00,511.97467611093344,519.7057001509473,508.5563720628021,518.523193359375,33194200,0.0,0.0,0.0
2025-01-29 00:00:00-05:00,519.169115138246,519.2983011374322,513.6441392716389,517.5493774414062,26649000,0.0,0.0,0.0
2025-01-30 00:00:00-05:00,520.4111867008249,522.7860860608997,514.9458310521527,519.7553100585938,27431300,0.0,0.0,0.0
2025-01-31 00:00:00-05:00,523.6009629833273,528.1720244019145,517.9070751282055,519.0001220703125,38755200,0.0,0.0,0.0
2025-02-03 00:00:00-05:00,510.23558763833256,517.5691053570011,507.8308483688725,514.8463745117188,40580800,0.0,0.0,0.0
2025-02-04 00:00:00-05:00,515.3632014316573,521.8023650900426,514.9656967351663,521.1663818359375,26046800,0.0,0.0,0.0
2025-02-05 00:00:00-05:00,518.533087344952,523.6903982021383,517.3406339590531,523.5313720703125,21134100,0.0,0.0,0.0
2025-02-06 00:00:00-05:00,524.0382182731402,526.4727981946036,522.4284272795057,526.2640991210938,19434500,0.0,0.0,0.0
2025-02-07 00:00:00-05:00,526.8006512350846,528.748266336267,518.9007163268166,519.6260986328125,29605500,0.0,0.0,0.0
2025-02-10 00:00:00-05:00,523.8989568010895,527.0191921678618,523.4319464927245,525.9161987304688,20852800,0.0,0.0,0.0
2025-02-11 00:00:00-05:00,522.6470030660466,526.5820202342347,522.5178170831823,524.6641845703125,19325500,0.0,0.0,0.0
2025-02-12 00:00:00-05:00,519.0100229717194,525.8566374548477,518.6622518801204,524.9722290039062,25009400,0.0,0.0,0.0
2025-02-13 00:00:00-05:00,526.6416602099531,532.8423450241579,525.856658218969,532.5244140625,28714800,0.0,0.0,0.0
2025-02-14 00:00:00-05:00,532.6336582725096,535.4458489556581,532.2957732617084,534.7601928710938,17862600,0.0,0.0,0.0
2025-02-18 00:00:00-05:00,536.3301909280925,536.5985095911096,532.6634320198589,535.9724731445312,20565000,0.0,0.0,0.0
2025-02-19 00:00:00-05:00,535.177614880373,537.4034956659445,533.0809200913482,536.1216430664062,19666900,0.0,0.0,0.0
2025-02-20 00:00:00-05:00,535.3364987054381,535.7041632085364,529.106034929491,533.845947265625,26550800,0.0,0.0,0.0
2025-02-21 00:00:00-05:00,534.9886829724813,535.0085763982402,522.398509843998,522.7661743164062,47093800,0.0,0.0,0.0
2025-02-24 00:00:00-05:00,524.5548916727963,525.7373982954535,516.2575125365582,516.5953369140625,39268400,0.0,0.0,0.0
2025-02-25 00:00:00-05:00,515.9693018739836,516.048814936847,506.2310441222468,510.08660888671875,48940000,0.0,0.0,0.0
2025-02-26 00:00:00-05:00,512.2827081341442,516.3866374854662,508.1488779896471,511.31878662109375,34457600,0.0,0.0,0.0
2025-02-27 00:00:00-05:00,514.8662895456173,515.8003708854543,496.90015898717843,497.1187744140625,52448000,0.0,0.0,0.0
2025-02-28 00:00:00-05:00,496.9796905709141,505.5751982352111,493.7998352114138,504.96905517578125,47654000,0.0,0.0,0.0
2025-03-03 00:00:00-05:00,508.29789058596987,509.8083050877629,490.4708934129811,493.9190368652344,44587200,0.0,0.0,0.0
2025-03-04 00:00:00-05:00,491.0671622880661,500.5669416036149,484.6677252997208,492.42852783203125,67875400,0.0,0.0,0.0
2025-03-05 00:00:00-05:00,493.07443907980854,500.4576300932126,488.1655538058739,498.84783935546875,46323700,0.0,0.0,0.0
2025-03-06 00:00:00-05:00,490.58025627763743,495.43943846939203,483.1374453830968,485.1248474121094,57574300,0.0,0.0,0.0
2025-03-07 00:00:00-05:00,484.0913896771833,490.172835031535,477.5031471015196,488.6922302246094,54714700,0.0,0.0,0.0
2025-03-10 00:00:00-04:00,480.4047960555825,480.9215096966139,465.7079486891979,469.7523193359375,76668000,0.0,0.0,0.0
2025-03-11 00:00:00-04:00,469.37467027626616,475.7939702022416,464.0683106107926,468.62939453125,68760800,0.0,0.0,0.0
2025-03-12 00:00:00-04:00,476.14180474816123,478.02983070184774,468.8182327695673,473.9159240722656,46971100,0.0,0.0,0.0
2025-03-13 00:00:00-04:00,473.25007061840876,473.27988043346534,463.4919201519314,465.389892578125,46563300,0.0,0.0,0.0
2025-03-14 00:00:00-04:00,470.745971366685,477.5329356476442,470.1397980058928,476.63861083984375,43563000,0.0,0.0,0.0
2025-03-17 00:00:00-04:00,476.5889052181335,482.77967314656735,474.7903088976975,479.72900390625,41744400,0.0,0.0,0.0
2025-03-18 00:00:00-04:00,476.3902225670012,476.5889445811857,469.4343152382102,471.5509033203125,39072300,0.0,0.0,0.0
2025-03-19 00:00:00-04:00,473.80658371122826,482.27290553437547,471.8788012950444,477.86090087890625,40430300,0.0,0.0,0.0
2025-03-20 00:00:00-04:00,473.8761366755608,481.4978063463737,473.1805338469725,476.24114990234375,36780500,0.0,0.0,0.0
2025-03-21 00:00:00-04:00,471.09372915573624,478.5762960346407,469.9311160359985,477.8111572265625,42234900,0.0,0.0,0.0
2025-03-24 00:00:00-04:00,485.39050030859886,489.1423592971704,482.0665930507614,488.29644775390625,34567200,0.716,0.0,0.0
2025-03-25 00:00:00-04:00,489.022941249908,491.2421796862816,488.05761261924056,491.08294677734375,26035200,0.0,0.0,0.0
2025-03-26 00:00:00-04:00,489.92852335581483,490.7843964317407,480.49420901971564,482.04669189453125,34627100,0.0,0.0,0.0
2025-03-27 00:00:00-04:00,480.08616022723464,484.23605568618603,477.9365616361051,479.2999572753906,33469800,0.0,0.0,0.0
2025-03-28 00:00:00-04:00,477.49872503017417,478.2052964153207,465.79536391222956,466.68109130859375,46363800,0.0,0.0,0.0
2025-03-31 00:00:00-04:00,459.6949133234896,467.5966378628316,455.1269969393962,466.66119384765625,53000300,0.0,0.0,0.0
2025-04-01 00:00:00-04:00,465.0489314542302,471.34845587241415,462.1828303710836,470.4229431152344,41156200,0.0,0.0,0.0
2025-04-02 00:00:00-04:00,463.8746102747231,477.2498697785152,463.61585302345657,473.8562927246094,49894500,0.0,0.0,0.0
2025-04-03 00:00:00-04:00,454.24126086225453,457.8537794541511,447.9716210778618,448.4891052246094,70456300,0.0,0.0,0.0
2025-04-04 00:00:00-04:00,436.0294213013578,438.2486595831719,420.6339416503906,420.6339416503906,117088400,0.0,0.0,0.0
2025-04-07 00:00:00-04:00,406.69142055496206,441.0053356019918,400.4516351196774,421.6490173339844,161557000,0.0,0.0,0.0
2025-04-08 00:00:00-04:00,436.04930169029,441.0053229949478,407.8159703583268,414.0557556152344,101248100,0.0,0.0,0.0
2025-04-09 00:00:00-04:00,413.56815354318593,465.5763897991723,413.4288133631856,463.7552185058594,142876900,0.0,0.0,0.0
2025-04-10 00:00:00-04:00,451.3751553721857,453.3953754518723,430.5459844866977,444.03070068359375,108384100,0.0,0.0,0.0
2025-04-11 00:00:00-04:00,442.5080869674275,453.5944394661005,439.2040723268698,452.21112060546875,52483800,0.0,0.0,0.0
2025-04-14 00:00:00-04:00,462.2226636947785,462.8098179898462,450.4496627786491,455.27630615234375,43941200,0.0,0.0,0.0
2025-04-15 00:00:00-04:00,456.33115174787315,460.152650240748,453.9526501626425,455.7837829589844,35404200,0.0,0.0,0.0
2025-04-16 00:00:00-04:00,446.8669566467618,450.43965945558847,435.6512567922465,442.0403137207031,48980600,0.0,0.0,0.0
2025-04-17 00:00:00-04:00,445.0159426129849,445.59313532137156,439.2339021288606,441.9607238769531,44837000,0.0,0.0,0.0
2025-04-21 00:00:00-04:00,436.1189822025886,436.9648633110088,425.86858083880827,431.02362060546875,44149300,0.0,0.0,0.0
2025-04-22 00:00:00-04:00,436.7061890853483,445.42397106891866,435.5119573980011,442.33892822265625,52304400,0.0,0.0,0.0
2025-04-23 00:00:00-04:00,455.9629568263105,461.14785116525866,450.6984308488603,452.3703308105469,55801100,0.0,0.0,0.0
2025-04-24 00:00:00-04:00,454.28109133466916,465.4072286279397,453.6341981671536,465.0987243652344,45956100,0.0,0.0,0.0
2025-04-25 00:00:00-04:00,464.72053142933055,470.8110455432342,463.1481559071448,470.2835998535156,38697100,0.0,0.0,0.0
2025-04-28 00:00:00-04:00,470.7513468926074,472.5227711679886,463.785066874951,470.13433837890625,33550800,0.0,0.0,0.0
2025-04-29 00:00:00-04:00,467.9051531308386,474.1250461983433,467.32793004665405,473.23931884765625,30613100,0.0,0.0,0.0
2025-04-30 00:00:00-04:00,464.87977453427817,474.90127322951986,460.2024029412006,473.1795959472656,46810600,0.0,0.0,0.0
2025-05-01 00:00:00-04:00,481.08135748377987,484.83318599096134,478.4242058431775,479.35968017578125,43316500,0.0,0.0,0.0
2025-05-02 00:00:00-04:00,484.19630323903306,488.54524771174533,482.49451859013254,486.4752502441406,39218100,0.0,0.0,0.0
2025-05-05 00:00:00-04:00,482.26562303187217,486.6742758401759,481.768031598775,483.5892028808594,28309500,0.0,0.0,0.0
2025-05-06 00:00:00-04:00,477.2499089792982,482.71345338039805,475.88651326591844,479.09100341796875,32786300,0.0,0.0,0.0
2025-05-07 00:00:00-04:00,479.7577689327616,483.4598506116992,474.4833116025476,480.9718933105469,38006300,0.0,0.0,0.0
2025-05-08 00:00:00-04:00,486.1767003880921,490.32662643958486,481.8377175267332,485.9378662109375,39577600,0.0,0.0,0.0
2025-05-09 00:00:00-04:00,487.8485846688506,489.172194889319,483.8579220246552,485.619384765625,27767400,0.0,0.0,0.0
2025-05-12 00:00:00-04:00,504.5477524292731,505.44344130675324,499.0643154796623,505.40362548828125,45090600,0.0,0.0,0.0
2025-05-13 00:00:00-04:00,506.70727479815804,514.8976401223139,505.9708492495279,513.1063232421875,53269600,0.0,0.0,0.0
2025-05-14 00:00:00-04:00,514.2806849131285,516.7287959644325,513.2655789214306,516.1814575195312,47014500,0.0,0.0,0.0
2025-05-15 00:00:00-04:00,514.0318883953613,519.4158011315517,512.6883550423395,516.7487182617188,50153300,0.0,0.0,0.0
2025-05-16 00:00:00-04:00,518.1519218274547,519.1869509574169,514.6090729974479,518.9978637695312,48394600,0.0,0.0,0.0
2025-05-19 00:00:00-04:00,511.7628921130437,520.0129979914711,511.7628921130437,519.4954833984375,52536200,0.0,0.0,0.0
2025-05-20 00:00:00-04:00,516.967720965549,518.4207101166679,514.1712589644468,517.763916015625,42517600,0.0,0.0,0.0
2025-05-21 00:00:00-04:00,513.7831162356644,520.4806779894516,508.77731688816084,510.5686340332031,71292800,0.0,0.0,0.0
2025-05-22 00:00:00-04:00,511.185689412206,515.2162292841061,509.8322550667711,511.5240783691406,55607200,0.0,0.0,0.0
2025-05-23 00:00:00-04:00,503.74166904926017,509.37440786318274,503.14455323986806,506.78692626953125,58368100,0.0,0.0,0.0
2025-05-27 00:00:00-04:00,513.6637044067394,519.1969191841325,512.1112214329714,518.709228515625,47226300,0.0,0.0,0.0
2025-05-28 00:00:00-04:00,519.6646069225357,521.1573812940497,515.8928855439889,516.4103393554688,46637200,0.0,0.0,0.0
2025-05-29 00:00:00-04:00,523.7946714004786,523.9439124018006,514.8280630915039,517.4254760742188,58513300,0.0,0.0,0.0
2025-05-30 00:00:00-04:00,516.937802360934,518.1718194248762,509.46396914496165,516.609375,67662800,0.0,0.0,0.0
2025-06-02 00:00:00-04:00,514.7484234216115,520.9285314569356,513.4845216279213,520.689697265625,44762800,0.0,0.0,0.0
2025-06-03 00:00:00-04:00,521.0379742774489,526.1930145844751,520.1721699845227,524.7599487304688,44070300,0.0,0.0,0.0
2025-06-04 00:00:00-04:00,525.4665516408473,527.2877534208493,523.4363395775185,526.222900390625,41359300,0.0,0.0,0.0
2025-06-05 00:00:00-04:00,527.6261361168769,530.4823065783713,520.1423402294238,522.2620849609375,61031200,0.0,0.0,0.0
2025-06-06 00:00:00-04:00,527.4469412104685,529.2382582965394,525.6655856720602,527.3673095703125,42467000,0.0,0.0,0.0
2025-06-09 00:00:00-04:00,527.5862547168781,529.7855699578893,526.4616932284755,528.1435546875,33688700,0.0,0.0,0.0
2025-06-10 00:00:00-04:00,528.6112629449328,532.3233363181573,526.342277608641,531.6366577148438,40664800,0.0,0.0,0.0
2025-06-11 00:00:00-04:00,533.039834702878,534.1942808270467,527.5563674659288,529.8452758789062,53701000,0.0,0.0,0.0
2025-06-12 00:00:00-04:00,528.5317277617894,532.0646150066514,528.2829320298816,531.0892944335938,34104900,0.0,0.0,0.0
2025-06-13 00:00:00-04:00,525.1381334298933,529.3079524332428,523.197514523019,524.421630859375,55814400,0.0,0.0,0.0
2025-06-16 00:00:00-04:00,527.9445262501218,532.7910620936354,527.8947792535579,531.7162475585938,37622100,0.0,0.0,0.0
2025-06-17 00:00:00-04:00,529.1486465500997,530.7608377600702,525.3669034737391,526.5313110351562,42180900,0.0,0.0,0.0
2025-06-18 00:00:00-04:00,527.5463496966778,529.9845595741693,524.8594048736611,526.4417114257812,43983500,0.0,0.0,0.0
2025-06-20 00:00:00-04:00,529.6960723110417,530.989797962704,522.3516174800588,524.292236328125,61643500,0.0,0.0,0.0
2025-06-23 00:00:00-04:00,524.8611059770333,530.2012624901581,521.7128229011945,529.6832275390625,50666100,0.591,0.0,0.0
2025-06-24 00:00:00-04:00,534.9038188952696,538.6997215726698,534.2861174166954,537.7831420898438,45442000,0.0,0.0,0.0
2025-06-25 00:00:00-04:00,540.0546537700266,541.3000294115662,537.3845756916884,539.157958984375,44804200,0.0,0.0,0.0
2025-06-26 00:00:00-04:00,541.3398412384469,544.6475661276676,539.5166551436107,544.19921875,43811400,0.0,0.0,0.0
2025-06-27 00:00:00-04:00,545.2354924154549,547.95537367592,542.5255230814219,546.0624389648438,57577100,0.0,0.0,0.0
2025-06-30 00:00:00-04:00,549.2206440950201,550.7549250315776,546.9789678853869,549.5992431640625,45548700,0.0,0.0,0.0
2025-07-01 00:00:00-04:00,547.6963457952282,548.6727617985166,542.6450941202479,544.9664916992188,56166700,0.0,0.0,0.0
2025-07-02 00:00:00-04:00,544.139419448452,548.9615403155057,544.0995893223733,548.7622680664062,36538300,0.0,0.0,0.0
2025-07-03 00:00:00-04:00,551.1335605372531,555.1387084222483,551.1335605372531,554.1622924804688,26443500,0.0,0.0,0.0
2025-07-07 00:00:00-04:00,551.4723321808171,552.2893059767699,547.5469053516296,549.9878540039062,45349300,0.0,0.0,0.0
2025-07-08 00:00:00-04:00,551.3328226115977,551.9604968449189,549.0612280892235,550.2966918945312,36153300,0.0,0.0,0.0
2025-07-09 00:00:00-04:00,552.4287282148103,555.5670993773455,551.0538285444961,554.1921997070312,43045500,0.0,0.0,0.0
2025-07-10 00:00:00-04:00,554.8298779906593,555.2383344969288,550.7051787469096,553.3952026367188,34710900,0.0,0.0,0.0
2025-07-11 00:00:00-04:00,551.2530854493318,553.733864104168,550.0077097543851,552.1497802734375,39618600,0.0,0.0,0.0
2025-07-14 00:00:00-04:00,551.9405857278426,554.8896575344722,549.5893307950605,554.1524047851562,36453300,0.0,0.0,0.0
2025-07-15 00:00:00-04:00,558.177370440617,558.7253235687808,554.6006247913591,554.660400390625,43277700,0.0,0.0,0.0
2025-07-16 00:00:00-04:00,555.2184205935204,558.1375740177878,549.519549612121,555.2283325195312,52314700,0.0,0.0,0.0
2025-07-17 00:00:00-04:00,555.9556949409956,560.2298027364059,555.1486938660757,559.7216796875,40423800,0.0,0.0,0.0
2025-07-18 00:00:00-04:00,561.0367592084838,562.6407884950407,557.9083608963978,559.1836547851562,50484700,0.0,0.0,0.0
2025-07-21 00:00:00-04:00,560.0106243017523,563.9659084478778,559.9807060956166,562.0828857421875,39595200,0.0,0.0,0.0
2025-07-22 00:00:00-04:00,562.2123493250268,562.262152187211,556.5433971551718,559.1736450195312,43270600,0.0,0.0,0.0
2025-07-23 00:00:00-04:00,560.2597104593184,561.7640732969975,557.5099110527195,561.7242431640625,40215300,0.0,0.0,0.0
2025-07-24 00:00:00-04:00,563.0393510094046,564.145230057719,561.2061311881392,562.9197998046875,42275500,0.0,0.0,0.0
2025-07-25 00:00:00-04:00,562.8401049406639,565.599877131678,562.1825732841013,564.2747802734375,30630800,0.0,0.0,0.0
2025-07-28 00:00:00-04:00,565.6396024726357,566.934780883673,564.7728259539763,566.0381469726562,31498700,0.0,0.0,0.0
2025-07-29 00:00:00-04:00,568.648489779181,569.9934711462136,564.4341580737452,565.1614379882812,45463300,0.0,0.0,0.0
2025-07-30 00:00:00-04:00,566.078082515952,568.5090584763351,562.9596566910935,565.918701171875,43433800,0.0,0.0,0.0
2025-07-31 00:00:00-04:00,572.414512700583,572.5042065088016,561.784002550513,562.9197998046875,64613600,0.0,0.0,0.0
2025-08-01 00:00:00-04:00,556.7626938955674,556.951993446216,549.6391201209816,551.8309936523438,69400800,0.0,0.0,0.0
2025-08-04 00:00:00-04:00,556.9817563948841,562.2322792440823,556.8821506732708,562.0130615234375,47669800,0.0,0.0,0.0
2025-08-05 00:00:00-04:00,563.2983805936119,564.4640352064246,557.6592854470431,558.1973266601562,48666600,0.0,0.0,0.0
2025-08-06 00:00:00-04:00,559.0342039471559,565.6596271290572,558.5559991276681,565.2212524414062,41823700,0.0,0.0,0.0
2025-08-07 00:00:00-04:00,569.5551584832303,571.1990788301907,563.0194288475504,567.1341552734375,44463000,0.0,0.0,0.0
2025-08-08 00:00:00-04:00,568.3396307619837,572.6436562068012,568.0407527747095,572.4244384765625,35255500,0.0,0.0,0.0
2025-08-11 00:00:00-04:00,572.5639325532171,574.6661119984625,569.4554798808987,570.730712890625,33112900,0.0,0.0,0.0
2025-08-12 00:00:00-04:00,573.0321895540377,578.2029917684722,570.372084149425,577.9041137695312,42143300,0.0,0.0,0.0
2025-08-13 00:00:00-04:00,580.604084362888,581.1620102059526,576.7982091868794,578.1930541992188,41209300,0.0,0.0,0.0
2025-08-14 00:00:00-04:00,576.1407216563158,579.7273793774012,575.7720345015408,577.7447509765625,45425000,0.0,0.0,0.0
2025-08-15 00:00:00-04:00,577.6550842269212,577.6949751695009,573.4407520858407,575.2042236328125,49480200,0.0,0.0,0.0
2025-08-18 00:00:00-04:00,574.3074712675442,575.6325679790418,573.1118984877381,574.9749755859375,29831000,0.0,0.0,0.0
2025-08-19 00:00:00-04:00,574.2576936083949,574.4270476767487,566.1477924665415,567.1740112304688,53752600,0.0,0.0,0.0
2025-08-20 00:00:00-04:00,566.2274603525832,566.347011543646,556.772578668353,563.8064575195312,76781100,0.0,0.0,0.0
2025-08-21 00:00:00-04:00,562.2622161511607,564.3943140175195,558.9046880126308,561.1962280273438,46436900,0.0,0.0,0.0
2025-08-22 00:00:00-04:00,562.5810219572568,571.8665505027725,561.186237654488,569.85400390625,51502100,0.0,0.0,0.0
2025-08-25 00:00:00-04:00,568.2898040708618,571.1690661717927,567.0543404263368,568.2100830078125,34044700,0.0,0.0,0.0
2025-08-26 00:00:00-04:00,567.7219543005008,570.8004889189272,566.6957355547859,570.4916381835938,34103000,0.0,0.0,0.0
2025-08-27 00:00:00-04:00,569.4754735923461,572.2849877073902,568.2599552674767,571.368408203125,36927100,0.0,0.0,0.0
2025-08-28 00:00:00-04:00,571.9860851866184,575.8617088595212,570.3422257905413,574.9451293945312,46787900,0.0,0.0,0.0
2025-08-29 00:00:00-04:00,572.5341066955731,572.9027938819278,566.4367515618461,568.2899169921875,56030400,0.0,0.0,0.0
2025-09-02 00:00:00-04:00,559.2334132357979,563.8761466603551,557.469941948523,563.5274658203125,65876800,0.0,0.0,0.0
2025-09-03 00:00:00-04:00,567.1242013007502,569.5850955347586,564.6334496680194,567.9611206054688,54230200,0.0,0.0,0.0
2025-09-04 00:00:00-04:00,568.6285491052419,573.4705550386212,566.9249141338813,573.1019287109375,47526300,0.0,0.0,0.0
2025-09-05 00:00:00-04:00,578.3424981949754,578.9701724080204,569.4156841594208,573.9288940429688,68342500,0.0,0.0,0.0
2025-09-08 00:00:00-04:00,576.2303043493281,578.6911981583403,575.6325483844515,576.7284545898438,46371400,0.0,0.0,0.0
2025-09-09 00:00:00-04:00,577.5255685086003,578.7908897662577,574.9052929899314,578.3624877929688,44007600,0.0,0.0,0.0
2025-09-10 00:00:00-04:00,581.5804896782814,581.6104078841153,576.4096872460331,578.5517578125,49308000,0.0,0.0,0.0
2025-09-11 00:00:00-04:00,581.0823312583443,582.7162787776647,579.4683292093007,581.9192504882812,44745800,0.0,0.0,0.0
2025-09-12 00:00:00-04:00,582.875622079706,585.6851967841828,581.9390971782137,584.4896240234375,50745900,0.0,0.0,0.0
2025-09-15 00:00:00-04:00,586.2631455882268,589.6007283774782,586.1136761698691,589.4911499023438,44360300,0.0,0.0,0.0
2025-09-16 00:00:00-04:00,590.417622334017,590.6666974580144,588.3054701472681,588.992919921875,36942100,0.0,0.0,0.0
2025-09-17 00:00:00-04:00,588.9132280535239,589.560847731768,582.2081448420756,587.8173217773438,69384800,0.0,0.0,0.0
2025-09-18 00:00:00-04:00,592.7091584852494,595.9272507480725,590.7664209781601,593.11767578125,61069300,0.0,0.0,0.0
2025-09-19 00:00:00-04:00,595.1202047360832,597.83011295333,593.6456386208329,597.1326904296875,58196100,0.0,0.0,0.0
2025-09-22 00:00:00-04:00,596.2190510860968,601.3360027595129,596.1990824942005,600.667724609375,57154800,0.694,0.0,0.0
2025-09-23 00:00:00-04:00,600.8372900448078,601.0367933292055,595.4609900615409,596.6779174804688,64635500,0.0,0.0,0.0
2025-09-24 00:00:00-04:00,598.0544387994095,598.3736318933126,591.8502333814113,594.583251953125,49850300,0.0,0.0,0.0
2025-09-25 00:00:00-04:00,590.6932034651784,593.6057566967052,587.0026056631178,592.0198364257812,70920200,0.0,0.0,0.0
2025-09-26 00:00:00-04:00,592.8376791327265,594.7827296224774,589.5560723046866,594.4535522460938,54337400,0.0,0.0,0.0
2025-09-29 00:00:00-04:00,597.5855809487724,600.5181027058711,595.8898943349653,597.20654296875,48332900,0.0,0.0,0.0
2025-09-30 00:00:00-04:00,596.9073409482912,599.1815689140329,594.5832523790604,598.8424072265625,46533800,0.0,0.0,0.0
2025-10-01 00:00:00-04:00,595.6504804045827,602.2536309055715,594.8226361779185,601.7150268554688,46899600,0.0,0.0,0.0
2025-10-02 00:00:00-04:00,605.5153536087707,605.6150748101588,601.3958573858611,604.188720703125,43765400,0.0,0.0,0.0
2025-10-03 00:00:00-04:00,604.9668078782124,605.7847287787447,599.859840058186,601.645263671875,46482100,0.0,0.0,0.0
2025-10-06 00:00:00-04:00,606.9018036091138,607.8094613156995,604.4280726015548,606.1636962890625,41962100,0.0,0.0,0.0
2025-10-07 00:00:00-04:00,607.4703970532165,608.1586438162234,601.4956480641417,602.9718627929688,58209500,0.0,0.0,0.0
2025-10-08 00:00:00-04:00,603.8695906281247,610.1934861561377,603.7200088104369,609.88427734375,50629800,0.0,0.0,0.0
2025-10-09 00:00:00-04:00,609.9241018375851,610.0537759298148,605.9342796270852,609.1461181640625,45551000,0.0,0.0,0.0
2025-10-10 00:00:00-04:00,609.8443624637231,611.6198017284072,587.5511938507611,588.0000610351562,97614800,0.0,0.0,0.0
2025-10-13 00:00:00-04:00,598.1541220292103,601.415821078074,595.7103438165695,600.4782104492188,65872600,0.0,0.0,0.0
2025-10-14 00:00:00-04:00,593.7952358040048,601.1564623206032,588.6284235801336,596.4783935546875,69203200,0.0,0.0,0.0
2025-10-15 00:00:00-04:00,602.4731063786636,605.1562641092269,594.4136488911962,600.6876220703125,62805500,0.0,0.0,0.0
2025-10-16 00:00:00-04:00,603.5702851791965,606.7621549667239,593.9847524006545,598.4633178710938,70982000,0.0,0.0,0.0
2025-10-17 00:00:00-04:00,596.4285459627954,603.9693073296388,594.8525491800316,602.393310546875,72024900,0.0,0.0,0.0
2025-10-20 00:00:00-04:00,605.5951192469275,611.2406903321764,605.5252900595317,609.98388671875,45761700,0.0,0.0,0.0
2025-10-21 00:00:00-04:00,610.0837500489531,611.1609582497778,607.7696457807522,609.8244018554688,44538200,0.0,0.0,0.0
2025-10-22 00:00:00-04:00,609.2657958565487,609.8542605281881,598.2139715066553,603.9493408203125,61478800,0.0,0.0,0.0
2025-10-23 00:00:00-04:00,603.3708114071275,609.8143961922938,602.9818500103868,609.0264282226562,42844300,0.0,0.0,0.0
2025-10-24 00:00:00-04:00,614.4226241256162,616.8464337655934,613.5648269782704,615.52978515625,47632500,0.0,0.0,0.0
2025-10-27 00:00:00-04:00,622.930958710038,626.9506729134798,622.4422152319877,626.4918823242188,54098600,0.0,0.0,0.0
2025-10-28 00:00:00-04:00,628.7560864561588,633.0651018787079,627.648925370604,631.3095703125,61195700,0.0,0.0,0.0
2025-10-29 00:00:00-04:00,633.9728090539653,635.3891789092543,628.6463695521778,634.15234375,67422800,0.0,0.0,0.0
2025-10-30 00:00:00-04:00,630.5614543099158,631.8880872300178,624.3473257513068,624.45703125,61628600,0.0,0.0,0.0
2025-10-31 00:00:00-04:00,632.5563592252307,632.5863121135939,625.0954113092228,627.4693603515625,66305100,0.0,0.0,0.0
2025-11-03 00:00:00-05:00,633.4939381480045,634.2021534587442,628.2473125587718,630.4716796875,37154300,0.0,0.0,0.0
2025-11-04 00:00:00-05:00,621.6941527131348,625.354797701833,616.8864094378021,617.6743774414062,63830800,0.0,0.0,0.0
2025-11-05 00:00:00-05:00,616.9163015661201,625.0056518350635,615.6395900613109,621.6941528320312,48688500,0.0,0.0,0.0
2025-11-06 00:00:00-05:00,620.2078932237561,620.4572571227977,608.7471381645778,610.1136474609375,72115100,0.0,0.0,0.0
2025-11-07 00:00:00-05:00,606.7621834660789,608.3980251800011,597.1466973484642,608.1885375976562,81835400,0.0,0.0,0.0
2025-11-10 00:00:00-05:00,617.3451949289606,622.7214951546598,615.3203917446493,621.6442260742188,55919900,0.0,0.0,0.0
2025-11-11 00:00:00-05:00,618.9910087880348,621.1355017301039,615.9487814833327,619.9884643554688,44868800,0.0,0.0,0.0
2025-11-12 00:00:00-05:00,623.2501373408774,623.2700450530867,616.2379957742788,619.4996948242188,47444400,0.0,0.0,0.0
2025-11-13 00:00:00-05:00,615.9686873362173,616.5472286099415,604.5378855310528,606.8519897460938,71333600,0.0,0.0,0.0
2025-11-14 00:00:00-05:00,598.0244819828539,611.7893568378086,595.6505328274214,607.310791015625,80087300,0.0,0.0,0.0
2025-11-17 00:00:00-05:00,604.7573208445992,610.9215891749508,598.3436886131177,602.1240234375,63850400,0.0,0.0,0.0
2025-11-18 00:00:00-05:00,598.0943000892208,600.7774579901122,589.8353996813287,594.792724609375,83327300,0.0,0.0,0.0
2025-11-19 00:00:00-05:00,595.5508254465173,604.6176628042144,593.077155027408,598.3436889648438,73111500,0.0,0.0,0.0
2025-11-20 00:00:00-05:00,610.0637948039835,612.4676969147798,583.262167456246,584.1798095703125,117743200,0.0,0.0,0.0
2025-11-21 00:00:00-05:00,585.9751825584982,595.4609945768989,579.2623261905873,588.568603515625,103344200,0.0,0.0,0.0
2025-11-24 00:00:00-05:00,593.7653733267485,605.1363301511908,593.6456226504143,603.6201782226562,60168100,0.0,0.0,0.0
2025-11-25 00:00:00-05:00,601.9743827443708,608.7072074163303,595.8001307211132,607.3406982421875,57560900,0.0,0.0,0.0
2025-11-26 00:00:00-05:00,610.9514997668095,614.6221288317284,608.8368989020178,612.70703125,42393600,0.0,0.0,0.0
2025-11-28 00:00:00-05:00,614.5423522607352,617.7442066386661,613.8541054647261,617.6743774414062,23034400,0.0,0.0,0.0
2025-12-01 00:00:00-05:00,612.0686387329198,617.8638528985133,610.961477711232,615.599609375,40957600,0.0,0.0,0.0
2025-12-02 00:00:00-05:00,617.8838431924653,622.1629056286581,616.018606165418,620.4173583984375,54541800,0.0,0.0,0.0
2025-12-03 00:00:00-05:00,618.0434315384043,622.6317029281745,616.4575112334458,621.9335327148438,47841600,0.0,0.0,0.0
2025-12-04 00:00:00-05:00,623.339907329069,623.3498916256304,617.9636071501104,621.35498046875,47067800,0.0,0.0,0.0
2025-12-05 00:00:00-05:00,622.7913119974152,627.3197383563271,622.1230338136666,623.8884887695312,53614200,0.0,0.0,0.0
2025-12-08 00:00:00-05:00,625.6141268554061,627.2399842967836,620.10815265492,622.6915893554688,43462400,0.0,0.0,0.0
2025-12-09 00:00:00-05:00,621.4248072711308,624.2775156033157,619.4199118254116,623.4595947265625,37156000,0.0,0.0,0.0
2025-12-10 00:00:00-05:00,622.2626189242517,627.6090269272694,619.4099106697121,626.0130615234375,55031400,0.0,0.0,0.0
2025-12-11 00:00:00-05:00,622.2327496814814,624.1877845427603,616.148234091509,623.98828125,58272800,0.0,0.0,0.0
2025-12-12 00:00:00-05:00,620.4972123256402,621.953458575216,609.8044563667469,612.0587158203125,75158700,0.0,0.0,0.0
2025-12-15 00:00:00-05:00,616.7966055109866,616.8464661142882,607.7696446385382,608.9865112304688,49538200,0.0,0.0,0.0
2025-12-16 00:00:00-05:00,606.7123103516171,611.9489518835392,605.3657088583533,610.1934204101562,55152800,0.0,0.0,0.0
2025-12-17 00:00:00-05:00,611.5001003103562,612.0886258751325,598.7526499708691,598.8822631835938,70654300,0.0,0.0,0.0
2025-12-18 00:00:00-05:00,608.2484274799762,611.3704684542074,605.3757504118026,607.5601806640625,78875800,0.0,0.0,0.0
2025-12-19 00:00:00-05:00,610.392920608793,616.0484763883416,610.3131071204459,615.4799194335938,60369800,0.0,0.0,0.0
2025-12-22 00:00:00-05:00,620.5674955378034,620.8671665076671,616.9920478025754,618.4302368164062,43703100,0.794,0.0,0.0
2025-12-23 00:00:00-05:00,617.42148892244,621.6261480926279,617.0020349130734,621.3265380859375,41120400,0.0,0.0,0.0
2025-12-24 00:00:00-05:00,621.2067276835874,623.4938829346665,620.9370481838333,623.144287109375,18468700,0.0,0.0,0.0
2025-12-26 00:00:00-05:00,623.873297918951,624.7322611929134,622.3552536061636,623.1043090820312,28959800,0.0,0.0,0.0
2025-12-29 00:00:00-05:00,619.3190849184411,621.995763643064,617.9508150333834,620.088134765625,32458300,0.0,0.0,0.0
2025-12-30 00:00:00-05:00,619.0594201394988,621.3964390816567,618.4401448660525,618.64990234375,31226800,0.0,0.0,0.0
2025-12-31 00:00:00-05:00,618.8696789386981,619.1792861072609,613.2766946262738,613.536376953125,40746500,0.0,0.0,0.0
2026-01-02 00:00:00-05:00,619.2791633693975,622.0656280105537,609.381669736326,612.347900390625,61859200,0.0,0.0,0.0
2026-01-05 00:00:00-05:00,618.5400731036631,620.0281869343077,615.9433108116908,617.2117309570312,46828400,0.0,0.0,0.0
2026-01-06 00:00:00-05:00,618.4501618747352,623.2341686687002,617.7610283782293,622.6348876953125,43137500,0.0,0.0,0.0
2026-01-07 00:00:00-05:00,622.2553845556755,627.1492383750701,621.7760085257346,623.2341918945312,44880300,0.0,0.0,0.0
2026-01-08 00:00:00-05:00,622.2454332860368,622.6348958217857,617.0219780933957,619.6885986328125,50435900,0.0,0.0,0.0
2026-01-09 00:00:00-05:00,620.6273877403378,627.0992684709724,618.280371644388,625.86083984375,49688700,0.0,0.0,0.0
2026-01-12 00:00:00-05:00,621.5263228144307,628.0580650499223,621.4763979710708,626.3801879882812,37388700,0.0,0.0,0.0
2026-01-13 00:00:00-05:00,626.4800871429724,628.6772678768714,622.9145755930199,625.4513549804688,44481400,0.0,0.0,0.0
2026-01-14 00:00:00-05:00,621.4563902550666,622.6648884214621,613.7860691564842,618.769775390625,72598700,0.0,0.0,0.0
2026-01-15 00:00:00-05:00,625.8108857116995,629.206628407055,619.9682771169513,620.9970092773438,53934900,0.0,0.0,0.0
2026-01-16 00:00:00-05:00,624.7123119754499,625.2915986535979,618.1006533744517,620.4776611328125,61058100,0.0,0.0,0.0
2026-01-20 00:00:00-05:00,609.7611716460692,614.2854351912486,606.2855126563834,607.2942504882812,81988900,0.0,0.0,0.0
2026-01-21 00:00:00-05:00,608.7024240227943,619.6386461402016,607.0944662344775,615.50390625,79837900,0.0,0.0,0.0
2026-01-22 00:00:00-05:00,621.5662350217955,621.6761428244047,617.0020437780021,619.978271484375,42254800,0.0,0.0,0.0
2026-01-23 00:00:00-05:00,618.949566020391,624.612469784726,617.8709699342951,621.935791015625,43645800,0.0,0.0,0.0
2026-01-26 00:00:00-05:00,622.425196766994,626.81961915323,621.3365426117721,624.67236328125,35983000,0.0,0.0,0.0
2026-01-27 00:00:00-05:00,628.1179690883873,631.2440322678261,626.5499998769385,630.335205078125,38997200,0.0,0.0,0.0
2026-01-28 00:00:00-05:00,634.6597767228699,635.7982947738302,631.014348844542,632.4225463867188,50691700,0.0,0.0,0.0
2026-01-29 00:00:00-05:00,631.8533057393616,632.8719797654484,617.4914101080947,628.6373291015625,79944000,0.0,0.0,0.0
2026-01-30 00:00:00-05:00,624.9220440060533,627.4688205124429,618.5200822009824,621.0868530273438,65650700,0.0,0.0,0.0
2026-02-02 00:00:00-05:00,617.9208683974972,627.6985176699922,617.8808797571519,625.3515014648438,49020300,0.0,0.0,0.0
2026-02-03 00:00:00-05:00,627.5087242048245,629.1866011443993,610.1905958568021,615.7435913085938,81234000,0.0,0.0,0.0
2026-02-04 00:00:00-05:00,614.2455284678144,614.3253838343164,599.7138024298947,604.9871826171875,81850700,0.0,0.0,0.0
2026-02-05 00:00:00-05:00,599.4541864003901,604.0483693053457,594.0110373128413,596.2781982421875,89354500,0.0,0.0,0.0
2026-02-06 00:00:00-05:00,599.434154665902,610.6399955270392,598.0159600076653,608.8822631835938,78019300,0.0,0.0,0.0
2026-02-09 00:00:00-05:00,606.7748955946631,615.6837064208919,604.3080353554789,613.54638671875,56797600,0.0,0.0,0.0
2026-02-10 00:00:00-05:00,614.5351423104305,616.2430108652889,610.2405694597212,610.699951171875,53938900,0.0,0.0,0.0
2026-02-11 00:00:00-05:00,615.6037921922693,616.7423712103644,606.9247331463698,612.337890625,58575100,0.0,0.0,0.0
2026-02-12 00:00:00-05:00,613.9358943887876,615.0344847338599,598.8149461335121,599.8836059570312,81378900,0.0,0.0,0.0
2026-02-13 00:00:00-05:00,599.673873409497,605.7162424752422,595.6689134343201,601.1619873046875,69237500,0.0,0.0,0.0
2026-02-17 00:00:00-05:00,597.626419057608,603.1894116444834,592.5927882610704,600.542724609375,69013800,0.0,0.0,0.0
2026-02-18 00:00:00-05:00,601.3517411914925,609.0021290003773,599.9634770047899,605.027099609375,64250700,0.0,0.0,0.0
2026-02-19 00:00:00-05:00,602.0508799312083,605.0570991965415,599.993476524114,602.7100219726562,60960800,0.0,0.0,0.0
2026-02-20 00:00:00-05:00,599.3642756707148,609.581373723881,598.4753818004266,608.0433349609375,74127300,0.0,0.0,0.0
2026-02-23 00:00:00-05:00,605.8460514657053,607.2443127599432,598.2955745850619,600.652587890625,63859100,0.0,0.0,0.0
2026-02-24 00:00:00-05:00,601.6414099286677,608.2230768722754,598.9747284234804,607.1044921875,55023700,0.0,0.0,0.0
2026-02-25 00:00:00-05:00,610.3004608891118,616.053216829597,610.2305417280922,615.9033813476562,55710700,0.0,0.0,0.0
2026-02-26 00:00:00-05:00,614.8148183820397,614.8148183820397,603.2193924504018,608.4727783203125,96178900,0.0,0.0,0.0
2026-02-27 00:00:00-05:00,602.2206376135266,607.5539396831472,601.4316544188312,606.5252075195312,68125200,0.0,0.0,0.0
2026-03-02 00:00:00-05:00,598.1058012495889,609.1518702196468,597.2369017749593,607.32421875,75264600,0.0,0.0,0.0
2026-03-03 00:00:00-05:00,595.5790600436336,603.1994564784976,591.1246545665933,600.8224487304688,97015500,0.0,0.0,0.0
2026-03-04 00:00:00-05:00,603.3991678160902,612.108218610738,602.6701065956436,609.9808959960938,70943900,0.0,0.0,0.0
2026-03-05 00:00:00-05:00,606.6350803018902,611.9883154244911,601.5015388569162,608.1431274414062,89602400,0.0,0.0,0.0
2026-03-06 00:00:00-05:00,599.5539822531658,605.2368188486739,597.5764953219963,598.9946899414062,86302300,0.0,0.0,0.0
2026-03-09 00:00:00-04:00,593.4816386137257,608.5027370453225,590.5853272955466,606.99462890625,93068200,0.0,0.0,0.0
2026-03-10 00:00:00-04:00,607.0146358319374,612.5176457382476,604.65756151405,607.004638671875,64078900,0.0,0.0,0.0
2026-03-11 00:00:00-04:00,608.1831666985171,611.6587648578186,604.2681201890963,606.9247436523438,60114800,0.0,0.0,0.0
2026-03-12 00:00:00-04:00,602.0009473234562,603.3792143506387,596.2981160455262,596.5078735351562,71836600,0.0,0.0,0.0
2026-03-13 00:00:00-04:00,598.9747313072235,602.8398528802119,591.8237748266745,592.9722900390625,63145500,0.0,0.0,0.0
2026-03-16 00:00:00-04:00,599.2843027330098,603.099499235842,598.3554812666724,599.6239013671875,49077200,0.0,0.0,0.0
2026-03-17 00:00:00-04:00,602.3804630878033,605.1369970937805,601.1120429286618,602.5502319335938,47106600,0.0,0.0,0.0
2026-03-18 00:00:00-04:00,600.7325461165636,602.400426051188,593.8112802396884,594.15087890625,56128000,0.0,0.0,0.0
2026-03-19 00:00:00-04:00,588.7676039624899,595.0496606380132,586.3406715242521,592.273193359375,75597600,0.0,0.0,0.0
2026-03-20 00:00:00-04:00,590.3156309505814,590.4254777892629,577.8113788279011,581.3269653320312,91964700,0.0,0.0,0.0
2026-03-23 00:00:00-04:00,590.52001953125,595.0800170898438,585.9600219726562,588.0,89936100,0.733,0.0,0.0
2026-03-24 00:00:00-04:00,584.8099975585938,587.9299926757812,581.9299926757812,583.97998046875,57750900,0.0,0.0,0.0
2026-03-25 00:00:00-04:00,589.1400146484375,591.3699951171875,585.6900024414062,587.8200073242188,60475500,0.0,0.0,0.0
2026-03-26 00:00:00-04:00,582.5999755859375,584.6300048828125,573.4299926757812,573.7899780273438,81492100,0.0,0.0,0.0
2026-03-27 00:00:00-04:00,570.8099975585938,571.02001953125,561.5700073242188,562.5800170898438,82702200,0.0,0.0,0.0
2026-03-30 00:00:00-04:00,567.3800048828125,568.0499877929688,555.5999755859375,558.280029296875,70602600,0.0,0.0,0.0
2026-03-31 00:00:00-04:00,564.2899780273438,578.6400146484375,564.2100219726562,577.1799926757812,95878000,0.0,0.0,0.0
2026-04-01 00:00:00-04:00,581.47998046875,587.739990234375,580.4199829101562,584.3099975585938,79435100,0.0,0.0,0.0
2026-04-02 00:00:00-04:00,573.969970703125,586.0499877929688,571.9199829101562,584.97998046875,50941700,0.0,0.0,0.0
2026-04-06 00:00:00-04:00,586.22998046875,590.6099853515625,584.6900024414062,588.5,35108500,0.0,0.0,0.0
2026-04-07 00:00:00-04:00,585.6400146484375,588.97998046875,578.4000244140625,588.5900268554688,49948200,0.0,0.0,0.0
2026-04-08 00:00:00-04:00,608.7100219726562,609.9000244140625,602.1199951171875,606.0900268554688,63086000,0.0,0.0,0.0
2026-04-09 00:00:00-04:00,605.9299926757812,610.5,603.030029296875,610.1900024414062,37837500,0.0,0.0,0.0
2026-04-10 00:00:00-04:00,611.8400268554688,613.6699829101562,609.5800170898438,611.0700073242188,34038500,0.0,0.0,0.0
2026-04-13 00:00:00-04:00,609.47998046875,626.739990234375,608.1099853515625,617.3900146484375,32972100,0.0,0.0,0.0
2026-04-14 00:00:00-04:00,620.219970703125,628.5999755859375,620.0999755859375,628.5999755859375,49921100,0.0,0.0,0.0
2026-04-15 00:00:00-04:00,629.0800170898438,637.8300170898438,628.2000122070312,637.4000244140625,50102400,0.0,0.0,0.0
2026-04-16 00:00:00-04:00,639.2100219726562,642.1799926757812,635.260009765625,640.469970703125,42320600,0.0,0.0,0.0
2026-04-17 00:00:00-04:00,645.5900268554688,650.0,644.0700073242188,648.8499755859375,53488900,0.0,0.0,0.0
2026-04-20 00:00:00-04:00,648.0399780273438,648.760009765625,642.52001953125,646.7899780273438,37138500,0.0,0.0,0.0
2026-04-21 00:00:00-04:00,648.4099731445312,650.2000122070312,642.2100219726562,644.3300170898438,39580500,0.0,0.0,0.0
2026-04-22 00:00:00-04:00,650.1500244140625,655.3300170898438,648.52001953125,655.1099853515625,37368400,0.0,0.0,0.0
2026-04-23 00:00:00-04:00,653.5499877929688,656.9199829101562,645.52001953125,651.4199829101562,40099800,0.0,0.0,0.0
2026-04-24 00:00:00-04:00,658.510009765625,664.510009765625,656.530029296875,663.8800048828125,45563100,0.0,0.0,0.0
2026-04-27 00:00:00-04:00,663.4000244140625,664.4299926757812,660.6900024414062,664.22998046875,32717000,0.0,0.0,0.0
2026-04-28 00:00:00-04:00,657.4099731445312,659.6400146484375,653.8099975585938,657.5499877929688,34147900,0.0,0.0,0.0
2026-04-29 00:00:00-04:00,658.6300048828125,661.719970703125,656.5900268554688,661.5700073242188,31724900,0.0,0.0,0.0
2026-04-30 00:00:00-04:00,665.3499755859375,668.9000244140625,657.5599975585938,667.739990234375,40622200,0.0,0.0,0.0
2026-05-01 00:00:00-04:00,669.1599731445312,675.969970703125,668.7999877929688,674.1500244140625,39172600,0.0,0.0,0.0
2026-05-04 00:00:00-04:00,674.6599731445312,676.72998046875,668.9000244140625,672.8800048828125,34542000,0.0,0.0,0.0
2026-05-05 00:00:00-04:00,677.9600219726562,682.77001953125,677.510009765625,681.6099853515625,37101100,0.0,0.0,0.0
2026-05-06 00:00:00-04:00,687.780029296875,695.9299926757812,686.47998046875,695.77001953125,38778500,0.0,0.0,0.0
2026-05-07 00:00:00-04:00,696.5800170898438,701.239990234375,691.77001953125,694.9400024414062,43779100,0.0,0.0,0.0
2026-05-08 00:00:00-04:00,699.9199829101562,711.22998046875,699.5,711.22998046875,44320400,0.0,0.0,0.0
2026-05-11 00:00:00-04:00,710.3599853515625,714.5900268554688,708.9099731445312,713.2899780273438,36019100,0.0,0.0,0.0
2026-05-12 00:00:00-04:00,708.219970703125,710.1799926757812,696.6400146484375,707.239990234375,45873000,0.0,0.0,0.0
2026-05-13 00:00:00-04:00,709.9600219726562,716.6500244140625,704.8300170898438,714.7100219726562,40012500,0.0,0.0,0.0
2026-05-14 00:00:00-04:00,714.6199951171875,722.030029296875,714.219970703125,719.7899780273438,33327500,0.0,0.0,0.0
2026-05-15 00:00:00-04:00,710.1400146484375,715.1300048828125,705.5499877929688,708.9299926757812,51792700,0.0,0.0,0.0
2026-05-18 00:00:00-04:00,711.5399780273438,712.0700073242188,698.8499755859375,705.8800048828125,49834500,0.0,0.0,0.0
2026-05-19 00:00:00-04:00,699.8099975585938,706.489990234375,695.25,701.530029296875,46827500,0.0,0.0,0.0
2026-05-20 00:00:00-04:00,705.2899780273438,713.1500244140625,703.7899780273438,713.1500244140625,36779200,0.0,0.0,0.0
2026-05-21 00:00:00-04:00,708.989990234375,717.1199951171875,706.77001953125,714.510009765625,36415400,0.0,0.0,0.0
2026-05-22 00:00:00-04:00,718.0700073242188,722.1199951171875,715.9500122070312,717.5399780273438,33118600,0.0,0.0,0.0
2026-05-26 00:00:00-04:00,725.9600219726562,731.1699829101562,724.1599731445312,730.280029296875,34254700,0.0,0.0,0.0
2026-05-27 00:00:00-04:00,732.9600219726562,733.3200073242188,725.4400024414062,729.4500122070312,35148700,0.0,0.0,0.0
2026-05-28 00:00:00-04:00,729.72998046875,736.5999755859375,726.4099731445312,735.5999755859375,32840000,0.0,0.0,0.0
2026-05-29 00:00:00-04:00,737.8400268554688,741.6300048828125,735.25,738.3099975585938,37541700,0.0,0.0,0.0
2026-06-01 00:00:00-04:00,737.0399780273438,745.6500244140625,735.989990234375,742.739990234375,33890600,0.0,0.0,0.0
2026-06-02 00:00:00-04:00,742.4000244140625,746.4400024414062,739.22998046875,746.1599731445312,30085200,0.0,0.0,0.0
2026-06-03 00:00:00-04:00,747.3099975585938,748.6500244140625,741.010009765625,744.2100219726562,40270200,0.0,0.0,0.0
2026-06-04 00:00:00-04:00,735.47998046875,743.5,732.6199951171875,740.6099853515625,40782600,0.0,0.0,0.0
2026-06-05 00:00:00-04:00,730.0599975585938,731.6900024414062,704.3200073242188,705.0599975585938,99606600,0.0,0.0,0.0
2026-06-08 00:00:00-04:00,717.8099975585938,723.030029296875,713.0700073242188,716.0700073242188,47401500,0.0,0.0,0.0
2026-06-09 00:00:00-04:00,722.97998046875,725.6599731445312,686.3699951171875,707.8300170898438,91932200,0.0,0.0,0.0
2026-06-10 00:00:00-04:00,701.6599731445312,711.280029296875,692.9299926757812,693.6900024414062,65334300,0.0,0.0,0.0
2026-06-11 00:00:00-04:00,699.2899780273438,718.3699951171875,695.0,717.1199951171875,71798900,0.0,0.0,0.0
2026-06-12 00:00:00-04:00,717.6099853515625,724.010009765625,711.280029296875,721.3400268554688,51168400,0.0,0.0,0.0
2026-06-15 00:00:00-04:00,738.0999755859375,744.760009765625,737.3800048828125,744.0,46710200,0.0,0.0,0.0
2026-06-16 00:00:00-04:00,742.280029296875,744.219970703125,729.6400146484375,729.8599853515625,44708319,0.0,0.0,0.0
