Date,Open,High,Low,Close,Volume,Dividends,Stock Splits,Capital Gains
2016-06-17 00:00:00-04:00,176.92472855733772,176.95034773931897,175.71203949611714,176.36962890625,117055700,1.078,0.0,0.0
2016-06-20 00:00:00-04:00,178.33385095724924,179.00851114307952,177.42005668472956,177.50546264648438,82789600,0.0,0.0,0.0
2016-06-21 00:00:00-04:00,177.88979308996412,178.419273654042,177.44570547076717,178.0093536376953,72461700,0.0,0.0,0.0
2016-06-22 00:00:00-04:00,178.18877970990013,178.9146917864016,177.57389285315583,177.71908569335938,95560500,0.0,0.0,0.0
2016-06-23 00:00:00-04:00,179.1793784115064,180.08462461462645,178.71821992296182,180.03338623046875,102731400,0.0,0.0,0.0
2016-06-24 00:00:00-04:00,173.90162027493437,180.0675579096648,173.12447001464724,173.5685577392578,333444400,0.0,0.0,0.0
2016-06-27 00:00:00-04:00,172.15941269714784,172.16796111424463,169.64862792193355,170.45994567871094,230775800,0.0,0.0,0.0
2016-06-28 00:00:00-04:00,172.06548362968255,173.5599972426327,171.75804030805926,173.5343780517578,159382400,0.0,0.0,0.0
2016-06-29 00:00:00-04:00,174.93491196423045,176.71978470349455,174.8324352231808,176.4892120361328,137328600,0.0,0.0,0.0
2016-06-30 00:00:00-04:00,176.95896414285914,178.94879087388307,176.40385124737338,178.89755249023438,165021900,0.0,0.0,0.0
2016-07-01 00:00:00-04:00,178.89754991350944,179.76010612958862,178.73528634687574,179.2733154296875,106055300,0.0,0.0,0.0
2016-07-05 00:00:00-04:00,178.4449231161789,178.55594829759565,177.3859618083562,177.9837646484375,109803700,0.0,0.0,0.0
2016-07-06 00:00:00-04:00,177.488433771584,179.17083009603255,176.83084414971785,179.05126953125,96021500,0.0,0.0,0.0
2016-07-07 00:00:00-04:00,179.23057552857622,179.89670043150437,178.1716144168044,178.94021606445312,85593800,0.0,0.0,0.0
2016-07-08 00:00:00-04:00,180.23834693966376,181.85242114379284,180.00776118732395,181.60475158691406,133971000,0.0,0.0,0.0
2016-07-11 00:00:00-04:00,182.06588969319793,182.8174205815549,181.86092316970357,182.24522399902344,73633900,0.0,0.0,0.0
2016-07-12 00:00:00-04:00,183.2102575647061,183.8678470947775,182.2708439503184,183.56893920898438,101275600,0.0,0.0,0.0
2016-07-13 00:00:00-04:00,183.98743791332976,183.99597329991124,183.05657256209142,183.54335021972656,87324100,0.0,0.0,0.0
2016-07-14 00:00:00-04:00,184.80728215153275,185.03786790555398,184.175324721354,184.5681610107422,91230900,0.0,0.0,0.0
2016-07-15 00:00:00-04:00,185.1317697158225,185.3281878185356,183.87637747942776,184.32046508789062,107155400,0.0,0.0,0.0
2016-07-18 00:00:00-04:00,184.44006090861086,184.97808997886082,184.18385596891446,184.81582641601562,58725900,0.0,0.0,0.0
2016-07-19 00:00:00-04:00,184.39732871638222,184.66206900073772,184.1496722336013,184.62791442871094,54345700,0.0,0.0,0.0
2016-07-20 00:00:00-04:00,184.6279132312971,185.6356359885821,184.6279132312971,185.39651489257812,58159500,0.0,0.0,0.0
2016-07-21 00:00:00-04:00,185.28552597358498,185.50756329594216,184.2521708690835,184.69625854492188,67777300,0.0,0.0,0.0
2016-07-22 00:00:00-04:00,184.81583016905816,185.57589658587986,184.55108983740817,185.524658203125,62787500,0.0,0.0,0.0
2016-07-25 00:00:00-04:00,185.31965984273972,185.3708982167028,184.44003300671332,185.020751953125,55873100,0.0,0.0,0.0
2016-07-26 00:00:00-04:00,184.9182879161025,185.46485232781606,184.2606983324223,185.10617065429688,70080500,0.0,0.0,0.0
2016-07-27 00:00:00-04:00,185.48189722555685,185.5502193915808,184.1410991506884,184.9097137451172,84083900,0.0,0.0,0.0
2016-07-28 00:00:00-04:00,184.71328172754139,185.4135741525205,184.25212339803662,185.1232147216797,65035700,0.0,0.0,0.0
2016-07-29 00:00:00-04:00,184.85852968617107,185.78084662065095,184.5767055551982,185.4221649169922,79519400,0.0,0.0,0.0
2016-08-01 00:00:00-04:00,185.48194981866922,185.87478609579406,184.81582479995802,185.26844787597656,73311400,0.0,0.0,0.0
2016-08-02 00:00:00-04:00,185.0207451653044,185.1744733126764,183.24442078784656,184.0813446044922,92295500,0.0,0.0,0.0
2016-08-03 00:00:00-04:00,184.02158196101436,184.67917156164796,183.72268707427097,184.619384765625,53993600,0.0,0.0,0.0
2016-08-04 00:00:00-04:00,184.73042042574198,185.13180512400393,182.97116648755107,184.81582641601562,46585500,0.0,0.0,0.0
2016-08-05 00:00:00-04:00,184.8158234758889,186.37011083137153,184.8158234758889,186.32740783691406,71892200,0.0,0.0,0.0
2016-08-08 00:00:00-04:00,186.51527976931246,186.61776955629065,185.95164458098853,186.2163848876953,39906500,0.0,0.0,0.0
2016-08-09 00:00:00-04:00,186.28471787358092,186.82273390414736,186.0028937475107,186.32740783691406,51251700,0.0,0.0,0.0
2016-08-10 00:00:00-04:00,186.43842506927075,186.51528263734355,185.51609515902592,185.86624145507812,57941100,0.0,0.0,0.0
2016-08-11 00:00:00-04:00,186.39575824338388,186.97649038745888,186.13101788123808,186.72882080078125,72504300,0.0,0.0,0.0
2016-08-12 00:00:00-04:00,186.4213812843203,186.78007607457377,186.16518933574864,186.5665740966797,61313500,0.0,0.0,0.0
2016-08-15 00:00:00-04:00,186.9337847700593,187.45473009932525,186.9252493824447,187.10458374023438,49813500,0.0,0.0,0.0
2016-08-16 00:00:00-04:00,186.68607547722425,186.75438462109534,186.13951110839844,186.13951110839844,53213600,0.0,0.0,0.0
2016-08-17 00:00:00-04:00,186.1736606336789,186.62628362850955,185.33673681715914,186.48963928222656,75134300,0.0,0.0,0.0
2016-08-18 00:00:00-04:00,186.46403917575554,186.94228140555919,186.35302703527333,186.9081268310547,52989300,0.0,0.0,0.0
2016-08-19 00:00:00-04:00,186.43837806331737,186.81414345398696,185.9516005571285,186.63479614257812,75443000,0.0,0.0,0.0
2016-08-22 00:00:00-04:00,186.3957265150266,186.85689799669217,186.02850943807448,186.62631225585938,61368800,0.0,0.0,0.0
2016-08-23 00:00:00-04:00,187.24119631915949,187.54010423953017,186.9422883987888,187.0020751953125,53399200,0.0,0.0,0.0
2016-08-24 00:00:00-04:00,186.85689801673703,186.95083939033645,185.6271247736624,186.04559326171875,71728900,0.0,0.0,0.0
2016-08-25 00:00:00-04:00,185.66126030541366,186.33593365509222,185.50754518135895,185.91746520996094,69224800,0.0,0.0,0.0
2016-08-26 00:00:00-04:00,186.10536608503304,187.13017277202832,184.6791747157033,185.5673370361328,122506300,0.0,0.0,0.0
2016-08-29 00:00:00-04:00,185.6954241505889,186.7458499037358,185.66125654740873,186.48110961914062,70502200,0.0,0.0,0.0
2016-08-30 00:00:00-04:00,186.39571284425205,186.67753694435032,185.6185757536911,186.17367553710938,58114500,0.0,0.0,0.0
2016-08-31 00:00:00-04:00,185.8406136763452,185.96017423152927,184.86704543238258,185.64419555664062,85269500,0.0,0.0,0.0
2016-09-01 00:00:00-04:00,185.63564141776308,185.9430846974916,184.4912742775436,185.65272521972656,97844200,0.0,0.0,0.0
2016-09-02 00:00:00-04:00,186.50672308329246,186.91664309101938,185.9174557421788,186.48963928222656,79293900,0.0,0.0,0.0
2016-09-06 00:00:00-04:00,186.77150532691024,187.13018704315655,186.0541418944176,187.05332946777344,56702100,0.0,0.0,0.0
2016-09-07 00:00:00-04:00,186.89105986483438,187.2155869919185,186.42990139629998,187.03623962402344,76554900,0.0,0.0,0.0
2016-09-08 00:00:00-04:00,186.7031790491286,186.97646779711627,186.30179434497467,186.60923767089844,74102900,0.0,0.0,0.0
2016-09-09 00:00:00-04:00,185.29402068317268,185.34525905161283,182.11711152867053,182.14273071289062,221589100,0.0,0.0,0.0
2016-09-12 00:00:00-04:00,181.38265438960406,185.15736601719664,181.3143322251216,184.7559814453125,168110900,0.0,0.0,0.0
2016-09-13 00:00:00-04:00,183.4749893762381,183.7397296468542,181.47661472276025,182.10003662109375,182828800,0.0,0.0,0.0
2016-09-14 00:00:00-04:00,182.15128357066425,183.35543746900495,181.4766232696146,182.03172302246094,134185500,0.0,0.0,0.0
2016-09-15 00:00:00-04:00,181.8694780367378,184.23506988591947,181.6901306934286,183.85076904296875,134427900,0.0,0.0,0.0
2016-09-16 00:00:00-04:00,183.23450685016985,183.41476016392667,182.4534440824219,183.1400909423828,155236400,1.082,0.0,0.0
2016-09-19 00:00:00-04:00,183.79240053228875,184.43614170473515,182.84824157392163,183.17440795898438,80250500,0.0,0.0,0.0
2016-09-20 00:00:00-04:00,184.03272644676736,184.18721803903782,183.14865629913766,183.1829833984375,69665300,0.0,0.0,0.0
2016-09-21 00:00:00-04:00,183.8868160593742,185.42320589187506,183.20015619075215,185.2429656982422,110284400,0.0,0.0,0.0
2016-09-22 00:00:00-04:00,186.25578671924643,186.71069611831638,186.00687921854612,186.4102783203125,76678700,0.0,0.0,0.0
2016-09-23 00:00:00-04:00,186.01547190385105,186.1528065132363,185.29448485000222,185.38890075683594,73630900,0.0,0.0,0.0
2016-09-26 00:00:00-04:00,184.55630005202167,184.73654024001206,183.6893869199581,183.88681030273438,89827300,0.0,0.0,0.0
2016-09-27 00:00:00-04:00,183.72372893489282,185.12278414433544,183.35464386091715,185.02838134765625,78494800,0.0,0.0,0.0
2016-09-28 00:00:00-04:00,185.25153899394778,186.10128203089897,184.29022306305555,185.94677734375,87411000,0.0,0.0,0.0
2016-09-29 00:00:00-04:00,185.74076407487726,186.14417622049535,183.71512484683936,184.2644500732422,128070600,0.0,0.0,0.0
2016-09-30 00:00:00-04:00,185.09708177871346,186.35881581008053,184.84817423167976,185.65499877929688,117202900,0.0,0.0,0.0
2016-10-03 00:00:00-04:00,185.24297362107262,185.43179232349547,184.57347072524445,185.20863342285156,83512100,0.0,0.0,0.0
2016-10-04 00:00:00-04:00,185.32019492936436,185.54335380051515,183.67221925015588,184.2644500732422,119948100,0.0,0.0,0.0
2016-10-05 00:00:00-04:00,184.89110894513217,185.50910171183054,184.82244162694883,185.07994079589844,72816000,0.0,0.0,0.0
2016-10-06 00:00:00-04:00,184.85671842430108,185.43179232349547,184.31598472332772,185.20863342285156,62927400,0.0,0.0,0.0
2016-10-07 00:00:00-04:00,185.48331830062003,185.654980015392,183.84392076610686,184.573486328125,89788300,0.0,0.0,0.0
2016-10-10 00:00:00-04:00,185.53477478027344,185.99826261811654,185.3888616998979,185.53477478027344,51855000,0.0,0.0,0.0
2016-10-11 00:00:00-04:00,185.10560987157612,185.17427716025622,182.46197819364937,183.19154357910156,130367400,0.0,0.0,0.0
2016-10-12 00:00:00-04:00,183.32890778506237,183.95549198417868,182.83107968438495,183.43191528320312,73866100,0.0,0.0,0.0
2016-10-13 00:00:00-04:00,182.10150448178726,183.32889802045077,181.28610162289814,182.83106994628906,101357000,0.0,0.0,0.0
2016-10-14 00:00:00-04:00,183.80956151455825,184.2730625030485,182.84824553390877,182.9254913330078,93346200,0.0,0.0,0.0
2016-10-17 00:00:00-04:00,182.89972992564168,183.15722900155498,182.11007569726877,182.2903289794922,58275700,0.0,0.0,0.0
2016-10-18 00:00:00-04:00,183.88682468440092,183.94690038611378,183.05425168289966,183.43191528320312,76869700,0.0,0.0,0.0
2016-10-19 00:00:00-04:00,183.6980141682805,184.23016943203046,183.33752062539025,183.92117309570312,66519200,0.0,0.0,0.0
2016-10-20 00:00:00-04:00,183.56921296847952,184.1357082954343,182.91689335064908,183.5778045654297,73639800,0.0,0.0,0.0
2016-10-21 00:00:00-04:00,183.57782621169983,183.7494879106389,182.6164971231346,183.6636505126953,89089100,0.0,0.0,0.0
2016-10-24 00:00:00-04:00,184.53911803503095,184.81378719491968,184.09278719868496,184.4447021484375,60146600,0.0,0.0,0.0
2016-10-25 00:00:00-04:00,184.26447575355573,184.52197485427587,183.66365324984093,183.8267364501953,66542300,0.0,0.0,0.0
2016-10-26 00:00:00-04:00,183.00273225561594,184.04129393336314,182.76239018711055,183.4576416015625,75705500,0.0,0.0,0.0
2016-10-27 00:00:00-04:00,184.17862018916017,184.2129472848537,182.8911380010425,182.9683837890625,77220200,0.0,0.0,0.0
2016-10-28 00:00:00-04:00,182.9426715562345,183.62073988076526,181.71527791279635,182.42767333984375,140623200,0.0,0.0,0.0
2016-10-31 00:00:00-04:00,182.76238677756908,182.98555874481494,182.27315034350397,182.4362335205078,61272500,0.0,0.0,0.0
2016-11-01 00:00:00-04:00,182.7624168621641,182.81392716097056,179.90421738346265,181.11444091796875,122781800,0.0,0.0,0.0
2016-11-02 00:00:00-04:00,180.80540030023343,181.19165541340595,179.5865854661446,180.0243377685547,103330800,0.0,0.0,0.0
2016-11-03 00:00:00-04:00,180.23893794516417,180.4535183218848,178.92570708738964,179.2003631591797,88939300,0.0,0.0,0.0
2016-11-04 00:00:00-04:00,179.31194119894985,180.1530925712696,178.85703186821956,179.00294494628906,109122100,0.0,0.0,0.0
2016-11-07 00:00:00-05:00,179.0029616433653,182.985573106403,179.0029616433653,182.95123291015625,109794900,0.0,0.0,0.0
2016-11-08 00:00:00-05:00,182.55642293848587,184.34173343556697,182.29034533837805,183.77523803710938,106772100,0.0,0.0,0.0
2016-11-09 00:00:00-05:00,182.28176977538683,186.34164072452515,182.25602117291444,185.72364807128906,258429000,0.0,0.0,0.0
2016-11-10 00:00:00-05:00,186.51322378481782,187.38012359535333,184.72791388357533,186.1870574951172,172113300,0.0,0.0,0.0
2016-11-11 00:00:00-05:00,185.46615411256926,185.99830937441178,184.81383433686068,185.7579803466797,100552700,0.0,0.0,0.0
2016-11-14 00:00:00-05:00,186.2815485129806,186.4875504259405,185.15714923575797,185.9038848876953,94580000,0.0,0.0,0.0
2016-11-15 00:00:00-05:00,186.2901076912078,187.35443115234375,186.08411889656378,187.35443115234375,91652600,0.0,0.0,0.0
2016-11-16 00:00:00-05:00,186.7364096328087,187.2342376376212,186.61624515557435,187.0024871826172,65617700,0.0,0.0,0.0
2016-11-17 00:00:00-05:00,187.15699714248817,188.02389710297544,187.04541116156398,187.9638214111328,69797200,0.0,0.0,0.0
2016-11-18 00:00:00-05:00,188.0325235356012,188.20418524017103,187.3630206229664,187.54327392578125,86265800,0.0,0.0,0.0
2016-11-21 00:00:00-05:00,188.11838201832273,188.98528229692252,187.97246888808027,188.95953369140625,72402600,0.0,0.0,0.0
2016-11-22 00:00:00-05:00,189.26847871034497,189.50880769460164,188.59898895463746,189.3285675048828,67429000,0.0,0.0,0.0
2016-11-23 00:00:00-05:00,188.813586973485,189.48307679171555,188.61617666732693,189.43157958984375,56620200,0.0,0.0,0.0
2016-11-25 00:00:00-05:00,189.77489776013326,190.1697183342997,189.69763886784216,190.13539123535156,37872300,0.0,0.0,0.0
2016-11-28 00:00:00-05:00,189.8264022966704,190.10105838971697,189.13974241863227,189.24273681640625,76572500,0.0,0.0,0.0
2016-11-29 00:00:00-05:00,189.2770258306888,190.06667989296835,188.97660812248773,189.6117706298828,69886700,0.0,0.0,0.0
2016-11-30 00:00:00-05:00,190.2298540943395,190.39293732273808,189.09686309511824,189.15695190429688,113291800,0.0,0.0,0.0
2016-12-01 00:00:00-05:00,189.45734364976184,189.45734364976184,188.10119380303743,188.46170043945312,79040500,0.0,0.0,0.0
2016-12-02 00:00:00-05:00,188.5475128071081,189.0453409292025,188.19559779196308,188.55609130859375,74840300,0.0,0.0,0.0
2016-12-05 00:00:00-05:00,189.38860815570465,190.03234919375524,189.19119790451373,189.68902587890625,67837800,0.0,0.0,0.0
2016-12-06 00:00:00-05:00,189.87789579459584,190.32422667116327,189.39723781842213,190.28988647460938,59877400,0.0,0.0,0.0
2016-12-07 00:00:00-05:00,190.1353752648461,192.83908265035777,190.01521078319993,192.7790069580078,110738100,0.0,0.0,0.0
2016-12-08 00:00:00-05:00,192.75326842189756,193.72316282546717,192.48717775148606,193.25108337402344,99714400,0.0,0.0,0.0
2016-12-09 00:00:00-05:00,193.4742805845847,194.43559661331304,193.43994038530235,194.41842651367188,88005800,0.0,0.0,0.0
2016-12-12 00:00:00-05:00,194.3239944590801,194.80466553044005,193.7746691887591,194.19525146484375,102016100,0.0,0.0,0.0
2016-12-13 00:00:00-05:00,194.85616816380934,195.98914583553722,194.83899806511636,195.49131774902344,110477500,0.0,0.0,0.0
2016-12-14 00:00:00-05:00,195.19093189807282,195.8947488490547,193.43994837689505,193.87770080566406,142501800,0.0,0.0,0.0
2016-12-15 00:00:00-05:00,194.11799956689399,195.53422484677,193.88624908760528,194.6759033203125,124972600,0.0,0.0,0.0
2016-12-16 00:00:00-05:00,195.1326309338425,195.19307389517814,193.97570417303768,194.29515075683594,156420200,1.329,0.0,0.0
2016-12-19 00:00:00-05:00,194.47648568022888,195.14129244989354,194.32971255495227,194.71823120117188,90341100,0.0,0.0,0.0
2016-12-20 00:00:00-05:00,195.25354568789194,195.61617718563676,195.02044237752733,195.46939086914062,89838800,0.0,0.0,0.0
2016-12-21 00:00:00-05:00,195.33981869028267,195.5124921382749,194.92539978027344,194.92539978027344,67909000,0.0,0.0,0.0
2016-12-22 00:00:00-05:00,194.77864410283357,194.8995168446474,194.19153851820872,194.5886993408203,56219100,0.0,0.0,0.0
2016-12-23 00:00:00-05:00,194.6318832783898,194.882271031124,194.4419516656797,194.87364196777344,36697800,0.0,0.0,0.0
2016-12-27 00:00:00-05:00,195.14133253390034,195.7543255257269,195.1240612291016,195.357177734375,42672500,0.0,0.0,0.0
2016-12-28 00:00:00-05:00,195.6161161516485,195.63337427537977,193.63033846891236,193.74256896972656,64095000,0.0,0.0,0.0
2016-12-29 00:00:00-05:00,193.8116781541725,194.1656673706514,193.25911508358175,193.69944763183594,48696100,0.0,0.0,0.0
2016-12-30 00:00:00-05:00,194.02757047572604,194.1139138284906,192.3008088136027,192.99151611328125,108998300,0.0,0.0,0.0
2017-01-03 00:00:00-05:00,194.29519356381343,194.9772717176174,193.29368192997538,194.46788024902344,91366500,0.0,0.0,0.0
2017-01-04 00:00:00-05:00,194.7958895861212,195.7715136936822,194.78726052445904,195.62474060058594,78744400,0.0,0.0,0.0
2017-01-05 00:00:00-05:00,195.35716033330948,195.62480625019472,194.67508218304283,195.46939086914062,78379000,0.0,0.0,0.0
2017-01-06 00:00:00-05:00,195.58158033237478,196.6349055786483,195.03764641076808,196.16868591308594,71559900,0.0,0.0,0.0
2017-01-09 00:00:00-05:00,195.90968255069856,196.04782659963823,195.48662134112396,195.5211639404297,46939700,0.0,0.0,0.0
2017-01-10 00:00:00-05:00,195.53842206594092,196.3759022481929,195.13263215601918,195.5211639404297,63771900,0.0,0.0,0.0
2017-01-11 00:00:00-05:00,195.4348089025154,196.07371520996094,194.77000223421376,196.07371520996094,74650000,0.0,0.0,0.0
2017-01-12 00:00:00-05:00,195.5557341536737,195.77157933485879,194.2261336341972,195.58163452148438,72113200,0.0,0.0,0.0
2017-01-13 00:00:00-05:00,195.75432095711008,196.33278449998426,195.71979152246405,196.03060913085938,62717900,0.0,0.0,0.0
2017-01-17 00:00:00-05:00,195.3917055249708,195.7974955523788,194.9513860624016,195.33990478515625,61240800,0.0,0.0,0.0
2017-01-18 00:00:00-05:00,195.59021444809997,195.8147018115871,195.03765145005184,195.7715301513672,54793300,0.0,0.0,0.0
2017-01-19 00:00:00-05:00,195.84926336401224,195.98740742972183,194.6146353588587,195.04632568359375,66608800,0.0,0.0,0.0
2017-01-20 00:00:00-05:00,195.72839684852326,196.25505958847907,195.09813264304947,195.762939453125,129168600,0.0,0.0,0.0
2017-01-23 00:00:00-05:00,195.7629293658233,195.8233591595471,194.49375878205151,195.25352478027344,75061600,0.0,0.0,0.0
2017-01-24 00:00:00-05:00,195.46934967913188,196.91983584202634,195.35711916695035,196.5054168701172,95555300,0.0,0.0,0.0
2017-01-25 00:00:00-05:00,197.455133515812,198.20628356933594,197.2910890998224,198.20628356933594,84437700,0.0,0.0,0.0
2017-01-26 00:00:00-05:00,198.05952953056786,198.32718861684924,197.72281158075904,197.9990997314453,59970700,0.0,0.0,0.0
2017-01-27 00:00:00-05:00,198.07673571989497,198.2235088113944,197.50690147703384,197.68821716308594,59711100,0.0,0.0,0.0
2017-01-30 00:00:00-05:00,196.99755678958624,197.0234571545579,195.47801162329733,196.46226501464844,79737300,0.0,0.0,0.0
2017-01-31 00:00:00-05:00,195.97017575374107,196.5054808230703,195.40035442222,196.44503784179688,75880800,0.0,0.0,0.0
2017-02-01 00:00:00-05:00,196.44500397914956,197.36018538702106,195.93561254256352,196.522705078125,79117700,0.0,0.0,0.0
2017-02-02 00:00:00-05:00,196.52269142412754,196.9371236048232,195.83199747125346,196.65220642089844,69657600,0.0,0.0,0.0
2017-02-03 00:00:00-05:00,197.55878770560432,198.1890519584961,197.24797011152236,198.0077362060547,80563200,0.0,0.0,0.0
2017-02-06 00:00:00-05:00,197.60193156698534,197.99909247550636,197.31701436233536,197.6537322998047,57790100,0.0,0.0,0.0
2017-02-07 00:00:00-05:00,198.04222779330667,198.2839732848533,197.47239348860057,197.66233825683594,57931200,0.0,0.0,0.0
2017-02-08 00:00:00-05:00,197.66236988660492,198.05088854775087,197.11843585651454,197.92138671875,51566200,0.0,0.0,0.0
2017-02-09 00:00:00-05:00,197.92138285613618,199.39775637450677,197.92138285613618,199.0955810546875,65955200,0.0,0.0,0.0
2017-02-10 00:00:00-05:00,199.44092147507035,200.10572823541386,199.11283262661516,199.88124084472656,66015900,0.0,0.0,0.0
2017-02-13 00:00:00-05:00,200.37338145866036,201.22813303898968,200.34748109326944,200.9691162109375,55182100,0.0,0.0,0.0
2017-02-14 00:00:00-05:00,200.7877651982782,201.78066066899103,200.44241827098554,201.7720184326172,71109000,0.0,0.0,0.0
2017-02-15 00:00:00-05:00,201.55622298623192,203.0153384858259,201.50442225178497,202.8253936767578,86785800,0.0,0.0,0.0
2017-02-16 00:00:00-05:00,202.851299098102,203.03261484732786,201.90158820324316,202.65272521972656,84722400,0.0,0.0,0.0
2017-02-17 00:00:00-05:00,201.9879296710311,202.97218322753906,201.97065836677095,202.97218322753906,77204100,0.0,0.0,0.0
2017-02-21 00:00:00-05:00,203.34341266694642,204.35356643805537,203.33477042906745,204.18089294433594,88946100,0.0,0.0,0.0
2017-02-22 00:00:00-05:00,203.77508329239282,204.22403169784153,203.61103887826502,203.9995574951172,62115200,0.0,0.0,0.0
2017-02-23 00:00:00-05:00,204.5176001420342,204.53485826860089,203.37793142979874,204.13771057128906,74615900,0.0,0.0,0.0
2017-02-24 00:00:00-05:00,203.29161757498488,204.43990226843368,203.2484459068218,204.39674377441406,82381600,0.0,0.0,0.0
2017-02-27 00:00:00-05:00,204.31038133531447,204.8888447470126,204.0600067620078,204.71617126464844,56515400,0.0,0.0,0.0
2017-02-28 00:00:00-05:00,204.33633930252617,204.57808488081386,203.77514703310388,204.16366577148438,96961900,0.0,0.0,0.0
2017-03-01 00:00:00-05:00,205.82130952261866,207.4876410025438,205.80403822111904,207.0214080810547,149158200,0.0,0.0,0.0
2017-03-02 00:00:00-05:00,206.83148299232383,206.8401252309685,205.66592692584172,205.7177276611328,70246000,0.0,0.0,0.0
2017-03-03 00:00:00-05:00,205.63132285346012,206.01121236423276,205.2514333426875,205.84716796875,81974300,0.0,0.0,0.0
2017-03-06 00:00:00-05:00,205.05292192225946,205.58821375534086,204.62986062486473,205.23423767089844,55391500,0.0,0.0,0.0
2017-03-07 00:00:00-05:00,204.9320333839673,205.28602261532427,204.41399971982818,204.6212158203125,65103700,0.0,0.0,0.0
2017-03-08 00:00:00-05:00,204.91472296177454,205.1737397443952,204.10314319082886,204.2412872314453,78168800,0.0,0.0,0.0
2017-03-09 00:00:00-05:00,204.36222212830583,204.82845511365156,203.53338398080533,204.5003662109375,90683900,0.0,0.0,0.0
2017-03-10 00:00:00-05:00,205.45864916144083,205.50182081927755,204.26717991067636,205.21690368652344,81991700,0.0,0.0,0.0
2017-03-13 00:00:00-04:00,205.1564969575733,205.36371304729602,204.82842128319064,205.32054138183594,57256800,0.0,0.0,0.0
2017-03-14 00:00:00-04:00,204.77661185589673,204.8284257600669,203.9218734621619,204.5348663330078,59880800,0.0,0.0,0.0
2017-03-15 00:00:00-04:00,205.10471095952914,206.72787084357762,204.87159448861624,206.3048095703125,96081800,0.0,0.0,0.0
2017-03-16 00:00:00-04:00,206.44290547145192,206.5206065522453,205.5708959362205,205.8989715576172,78344000,0.0,0.0,0.0
2017-03-17 00:00:00-04:00,206.1617540442583,206.35252518012385,205.53741455078125,205.53741455078125,89002100,1.033,0.0,0.0
2017-03-20 00:00:00-04:00,205.53741672740404,205.82357343423274,204.92175706269143,205.3119659423828,52537000,0.0,0.0,0.0
2017-03-21 00:00:00-04:00,205.91896907394496,206.04036769204072,202.54580758029502,202.67587280273438,131809300,0.0,0.0,0.0
2017-03-22 00:00:00-04:00,202.7105360729405,203.43892767511824,202.08619663351524,203.15277099609375,97569200,0.0,0.0,0.0
2017-03-23 00:00:00-04:00,203.15274299245982,204.07190558728507,202.56309650953543,202.9359588623047,100410300,0.0,0.0,0.0
2017-03-24 00:00:00-04:00,203.23951955970136,203.81181976966536,202.00818693908641,202.78860473632812,112504900,0.0,0.0,0.0
2017-03-27 00:00:00-04:00,201.1150268384983,202.84063379234286,200.8375499495262,202.5804901123047,87454500,0.0,0.0,0.0
2017-03-28 00:00:00-04:00,202.27699348014863,204.47951500442747,202.16426146852515,204.05462646484375,93483900,0.0,0.0,0.0
2017-03-29 00:00:00-04:00,203.76849242384625,204.47953775797208,203.5430283755107,204.2454071044922,61950400,0.0,0.0,0.0
2017-03-30 00:00:00-04:00,204.18469144018388,205.09518767334725,204.01126673659485,204.89573669433594,56737900,0.0,0.0,0.0
2017-03-31 00:00:00-04:00,204.55750925954803,205.08646309053063,204.36673815778684,204.4187774658203,73733100,0.0,0.0,0.0
2017-04-03 00:00:00-04:00,204.470833499766,204.6702712330258,202.83194569012235,204.0632781982422,85546500,0.0,0.0,0.0
2017-04-04 00:00:00-04:00,203.77710698201065,204.28004781254936,203.39556474977752,204.19332885742188,56466200,0.0,0.0,0.0
2017-04-05 00:00:00-04:00,204.86972342901407,205.84959218884566,203.37824716313773,203.58636474609375,108800600,0.0,0.0,0.0
2017-04-06 00:00:00-04:00,203.72509255115142,204.67893495482306,203.28284437874893,204.15866088867188,69135800,0.0,0.0,0.0
2017-04-07 00:00:00-04:00,203.90720203952503,204.6442735716667,203.4649670591141,203.9505615234375,74412300,0.0,0.0,0.0
2017-04-10 00:00:00-04:00,204.08930688910144,204.86972467488317,203.54300650018013,204.07196044921875,67615300,0.0,0.0,0.0
2017-04-11 00:00:00-04:00,203.69044803873487,203.9332453068796,202.33771662151176,203.82919311523438,88045300,0.0,0.0,0.0
2017-04-12 00:00:00-04:00,203.5516316137847,203.74240270683748,202.71050813026653,202.9359588623047,81864400,0.0,0.0,0.0
2017-04-13 00:00:00-04:00,202.59781914979595,203.33489064134773,201.61795043945312,201.61795043945312,92880400,0.0,0.0,0.0
2017-04-17 00:00:00-04:00,202.13822576308058,203.4042510986328,201.9387880376458,203.4042510986328,68405400,0.0,0.0,0.0
2017-04-18 00:00:00-04:00,202.66719125687618,203.33489022290559,202.11222429628782,202.79725646972656,83225800,0.0,0.0,0.0
2017-04-19 00:00:00-04:00,203.3609172502775,203.73377970706045,202.19894393259753,202.42440795898438,68699900,0.0,0.0,0.0
2017-04-20 00:00:00-04:00,203.0400655952371,204.51420866175764,202.71922923042013,204.07196044921875,92572200,0.0,0.0,0.0
2017-04-21 00:00:00-04:00,203.99389845187585,204.0459245342356,203.02270963061275,203.4215850830078,110389800,0.0,0.0,0.0
2017-04-24 00:00:00-04:00,205.66752585869997,205.86697687454975,203.39563138971576,205.6588592529297,119209900,0.0,0.0,0.0
2017-04-25 00:00:00-04:00,206.30045612075094,207.20227229488893,206.2137371747102,206.8554229736328,76698300,0.0,0.0,0.0
2017-04-26 00:00:00-04:00,206.82078840698463,207.70527162641977,206.6820565782447,206.72540283203125,84702500,0.0,0.0,0.0
2017-04-27 00:00:00-04:00,207.04624588851578,207.2023241527077,206.36120044512217,206.89883422851562,57410300,0.0,0.0,0.0
2017-04-28 00:00:00-04:00,207.15896701695812,207.18498006128496,206.3178432998386,206.4479217529297,63532800,0.0,0.0,0.0
2017-05-01 00:00:00-04:00,206.96817016601562,207.39307188967717,206.55194827702297,206.96817016601562,66882500,0.0,0.0,0.0
2017-05-02 00:00:00-04:00,207.1068810298826,207.22827961211652,206.63863313596693,207.0461883544922,57375700,0.0,0.0,0.0
2017-05-03 00:00:00-04:00,207.04621580057147,207.14160135864626,206.11837326007554,206.79473876953125,73137700,0.0,0.0,0.0
2017-05-04 00:00:00-04:00,207.09828832596585,207.1763274642226,206.18779201859695,207.03758239746094,61462700,0.0,0.0,0.0
2017-05-05 00:00:00-04:00,207.4104414122922,207.8700228314147,206.96819320152605,207.85267639160156,62001300,0.0,0.0,0.0
2017-05-08 00:00:00-04:00,207.89598650113538,208.04339812589566,207.39304571765436,207.8179473876953,48385700,0.0,0.0,0.0
2017-05-09 00:00:00-04:00,208.07815789481648,208.2775956593231,207.2803803738743,207.6272430419922,51363200,0.0,0.0,0.0
2017-05-10 00:00:00-04:00,207.58388483866509,208.00010681152344,207.37576723650693,208.00010681152344,54293800,0.0,0.0,0.0
2017-05-11 00:00:00-04:00,207.54921278278863,207.73998395055054,206.49130475482116,207.57522583007812,62358300,0.0,0.0,0.0
2017-05-12 00:00:00-04:00,207.32371808931455,207.6185414026606,206.95952224963003,207.22833251953125,53912700,0.0,0.0,0.0
2017-05-15 00:00:00-04:00,207.65323026082854,208.4943539331432,207.63588382171568,208.37295532226562,61918900,0.0,0.0,0.0
2017-05-16 00:00:00-04:00,208.66778439834033,208.69379744200063,207.7919810550454,208.18218994140625,51241800,0.0,0.0,0.0
2017-05-17 00:00:00-04:00,208.1822029323497,208.1822029323497,204.42749902942148,204.4882049560547,172174100,0.0,0.0,0.0
2017-05-18 00:00:00-04:00,204.41013633938513,206.16175622749276,204.14999267577213,205.3119659423828,107047700,0.0,0.0,0.0
2017-05-19 00:00:00-04:00,205.7975638266799,207.31505311972367,205.74553773938,206.64735412597656,115011400,0.0,0.0,0.0
2017-05-22 00:00:00-04:00,207.15896046579584,207.8613523347789,207.08960117075563,207.69659423828125,61010600,0.0,0.0,0.0
2017-05-23 00:00:00-04:00,208.06943948844685,208.32091653014805,207.68789723997293,208.15615844726562,48341700,0.0,0.0,0.0
2017-05-24 00:00:00-04:00,208.3903360597866,208.7458521156482,208.05213998297606,208.6417999267578,46927700,0.0,0.0,0.0
2017-05-25 00:00:00-04:00,209.1533673617428,209.9164518843952,208.94526302389642,209.6389617919922,64071700,0.0,0.0,0.0
2017-05-26 00:00:00-04:00,209.44820194186562,209.76037169690403,209.37016281097016,209.5956268310547,46629900,0.0,0.0,0.0
2017-05-30 00:00:00-04:00,209.2747833846353,209.66499228202534,209.11870511826206,209.4135284423828,35201900,0.0,0.0,0.0
2017-05-31 00:00:00-04:00,209.70836065808695,209.74305353972326,208.6677991437749,209.36151123046875,91796000,0.0,0.0,0.0
2017-06-01 00:00:00-04:00,209.82113885153893,211.04380518487,209.53498205662353,211.02645874023438,68962000,0.0,0.0,0.0
2017-06-02 00:00:00-04:00,211.0784528969198,211.88489705716796,210.78362954003703,211.7288055419922,88666100,0.0,0.0,0.0
2017-06-05 00:00:00-04:00,211.55533117436477,211.84148785882437,211.373226654634,211.5726776123047,44698800,0.0,0.0,0.0
2017-06-06 00:00:00-04:00,211.00902003172516,211.56398693426056,210.81824891852972,210.89630126953125,50375400,0.0,0.0,0.0
2017-06-07 00:00:00-04:00,211.23451871156217,211.51199559267457,210.56681970571725,211.2865447998047,54144300,0.0,0.0,0.0
2017-06-08 00:00:00-04:00,211.3818973619757,211.86749175168293,210.8616100978866,211.39056396484375,65950700,0.0,0.0,0.0
2017-06-09 00:00:00-04:00,211.6593792299721,212.4571433508012,209.80370735008688,211.06973266601562,132256400,0.0,0.0,0.0
2017-06-12 00:00:00-04:00,210.82702093703656,211.07848484268075,210.17666819353624,211.02645874023438,86108100,0.0,0.0,0.0
2017-06-13 00:00:00-04:00,211.56401429026786,212.11031466064384,211.21716489312982,212.05828857421875,60067000,0.0,0.0,0.0
2017-06-14 00:00:00-04:00,212.32711031013312,212.33577691451995,210.9656992283469,211.78948974609375,78602300,0.0,0.0,0.0
2017-06-15 00:00:00-04:00,210.43675357526607,211.50334137251647,210.15927667790672,211.38194274902344,66464900,0.0,0.0,0.0
2017-06-16 00:00:00-04:00,211.5413823428988,211.59366213965603,210.54802631656844,211.4281005859375,84553100,1.183,0.0,0.0
2017-06-19 00:00:00-04:00,212.25588038302146,213.24923634067045,212.16002966360008,213.18824768066406,65123800,0.0,0.0,0.0
2017-06-20 00:00:00-04:00,212.83101677185903,212.83972564003517,211.7331010624758,211.75051879882812,56906400,0.0,0.0,0.0
2017-06-21 00:00:00-04:00,212.14261651319507,212.25588496879118,211.22768022549286,211.69821166992188,55977600,0.0,0.0,0.0
2017-06-22 00:00:00-04:00,211.7069593717487,212.20363077322858,211.4281160406863,211.60238647460938,44148100,0.0,0.0,0.0
2017-06-23 00:00:00-04:00,211.66341630650254,212.18622767710423,211.28001332380447,211.85511779785156,66986800,0.0,0.0,0.0
2017-06-26 00:00:00-04:00,212.52599443211392,212.94425935528167,211.78534189396595,211.9944610595703,56700500,0.0,0.0,0.0
2017-06-27 00:00:00-04:00,211.7766485352585,212.0729228867936,210.26919006225233,210.28662109375,82247700,0.0,0.0,0.0
2017-06-28 00:00:00-04:00,211.30612088678072,212.36918779574532,211.07084849322783,212.1687774658203,70042600,0.0,0.0,0.0
2017-06-29 00:00:00-04:00,212.31686778719327,212.36914757675268,209.09281890323146,210.30401611328125,106949700,0.0,0.0,0.0
2017-06-30 00:00:00-04:00,211.11440339330144,211.48909742094958,210.50445028594692,210.69615173339844,86820700,0.0,0.0,0.0
2017-07-03 00:00:00-04:00,211.63723424751635,212.07291695089415,211.0534210205078,211.0534210205078,39153800,0.0,0.0,0.0
2017-07-05 00:00:00-04:00,211.41939121180266,211.75050102246536,210.60901447606477,211.5413818359375,54427600,0.0,0.0,0.0
2017-07-06 00:00:00-04:00,210.77452926181044,210.89651985887747,209.42391053258237,209.60690307617188,65400800,0.0,0.0,0.0
2017-07-07 00:00:00-04:00,210.18205453251846,211.1144085990406,209.61565904345244,210.96627807617188,57972300,0.0,0.0,0.0
2017-07-10 00:00:00-04:00,210.96629034495894,211.56753463484975,210.66130711803464,211.19284057617188,36663300,0.0,0.0,0.0
2017-07-11 00:00:00-04:00,211.1928196084974,211.34967228836572,209.86835382461976,211.03598022460938,50354600,0.0,0.0,0.0
2017-07-12 00:00:00-04:00,212.00320994404407,212.78743350586683,212.00320994404407,212.6218719482422,59610400,0.0,0.0,0.0
2017-07-13 00:00:00-04:00,212.63060037449395,213.092422998322,212.40403684855306,212.97914123535156,39471600,0.0,0.0,0.0
2017-07-14 00:00:00-04:00,212.9791171777145,214.32973612894273,212.8832664574085,213.97247314453125,60262700,0.0,0.0,0.0
2017-07-17 00:00:00-04:00,213.89408555497417,214.27748849373867,213.77209491954747,213.9463653564453,33531900,0.0,0.0,0.0
2017-07-18 00:00:00-04:00,213.53680677951223,214.11191114527443,213.19697479901293,214.05963134765625,42742500,0.0,0.0,0.0
2017-07-19 00:00:00-04:00,214.37334130660176,215.22727576286687,214.36461914228397,215.21856689453125,51034300,0.0,0.0,0.0
2017-07-20 00:00:00-04:00,215.47126201698129,215.59325265641056,214.7654580819989,215.31442260742188,47135200,0.0,0.0,0.0
2017-07-21 00:00:00-04:00,214.73926255324793,215.14880530009526,214.51269907015336,215.12266540527344,82340800,0.0,0.0,0.0
2017-07-24 00:00:00-04:00,215.04425085969152,215.20981240507535,214.59985931364557,215.07040405273438,46622300,0.0,0.0,0.0
2017-07-25 00:00:00-04:00,215.8197661496051,215.92433903415252,215.36666573516052,215.5932159423828,54915600,0.0,0.0,0.0
2017-07-26 00:00:00-04:00,215.88078729199316,215.91563605928576,215.3405449750784,215.60194396972656,47575400,0.0,0.0,0.0
2017-07-27 00:00:00-04:00,216.06375066944926,216.09859943202983,214.0770255068858,215.40150451660156,70766600,0.0,0.0,0.0
2017-07-28 00:00:00-04:00,214.92228595767858,215.27954898825683,214.46918549038995,215.1488494873047,50088400,0.0,0.0,0.0
2017-07-31 00:00:00-04:00,215.54962087264178,215.64547158341938,214.81767724269199,215.0268096923828,65838700,0.0,0.0,0.0
2017-08-01 00:00:00-04:00,215.62804834113211,215.66289710053402,214.9832332763803,215.5060577392578,55050400,0.0,0.0,0.0
2017-08-02 00:00:00-04:00,215.63676611532904,215.75004785602735,214.67825899244878,215.61062622070312,47211200,0.0,0.0,0.0
2017-08-03 00:00:00-04:00,215.49735269341895,215.52349258904115,214.91353953122382,215.1923828125,40856000,0.0,0.0,0.0
2017-08-04 00:00:00-04:00,215.68035389360682,215.9156129636254,215.2011002947134,215.58450317382812,60191800,0.0,0.0,0.0
2017-08-07 00:00:00-04:00,215.65419602393084,215.9853057861328,215.54962314999122,215.9853057861328,31995000,0.0,0.0,0.0
2017-08-08 00:00:00-04:00,215.67163772900346,216.8915572233861,215.07911566005964,215.45379638671875,61719400,0.0,0.0,0.0
2017-08-09 00:00:00-04:00,214.76541970622196,215.4973634120088,214.4081567203093,215.44508361816406,62632600,0.0,0.0,0.0
2017-08-10 00:00:00-04:00,214.6086064193342,214.73931922391805,212.35177293093446,212.404052734375,120479500,0.0,0.0,0.0
2017-08-11 00:00:00-04:00,212.6305990944337,213.31026307620152,212.3953267019813,212.7177276611328,74869900,0.0,0.0,0.0
2017-08-14 00:00:00-04:00,213.9986367596491,215.04427263598282,213.96378799202998,214.82643127441406,73291900,0.0,0.0,0.0
2017-08-15 00:00:00-04:00,215.20983579521703,215.2272668271467,214.49532303787947,214.80029296875,55242700,0.0,0.0,0.0
2017-08-16 00:00:00-04:00,215.32308778635706,215.72392168942733,214.74798347603098,215.17495727539062,56715500,0.0,0.0,0.0
2017-08-17 00:00:00-04:00,214.56501459564012,214.87870666228795,211.82020568847656,211.82020568847656,128490400,0.0,0.0,0.0
2017-08-18 00:00:00-04:00,211.6546687551769,212.77873766471814,211.04471558130828,211.48912048339844,136748000,0.0,0.0,0.0
2017-08-21 00:00:00-04:00,211.42809761239295,211.91606010323903,210.72229377413484,211.65464782714844,65469700,0.0,0.0,0.0
2017-08-22 00:00:00-04:00,212.2385314942939,214.02482038733388,212.2211004589322,213.86798095703125,63140100,0.0,0.0,0.0
2017-08-23 00:00:00-04:00,212.90072492052627,213.52810911682874,212.75259438750788,213.10113525390625,50203800,0.0,0.0,0.0
2017-08-24 00:00:00-04:00,213.48452066897022,213.6413600571869,212.3953139308632,212.6044464111328,50741700,0.0,0.0,0.0
2017-08-25 00:00:00-04:00,213.39739631994303,214.01607164817918,212.95300472088786,213.10113525390625,64445900,0.0,0.0,0.0
2017-08-28 00:00:00-04:00,213.632659299009,213.65879919803734,212.69158304604505,213.10984802246094,40565600,0.0,0.0,0.0
2017-08-29 00:00:00-04:00,211.79402386711337,213.6151739482273,211.6807421361424,213.35377502441406,51135700,0.0,0.0,0.0
2017-08-30 00:00:00-04:00,213.33641910517255,214.63475849977831,213.1534264981007,214.3646240234375,62030800,0.0,0.0,0.0
2017-08-31 00:00:00-04:00,214.98323509948887,215.89817126929418,214.39942197871252,215.65419006347656,103803900,0.0,0.0,0.0
2017-09-01 00:00:00-04:00,216.02893935313992,216.38620240941034,215.81109797189936,215.959228515625,62007000,0.0,0.0,0.0
2017-09-05 00:00:00-04:00,215.4538084497364,215.68037196782498,213.4409564616852,214.40817260742188,91398800,0.0,0.0,0.0
2017-09-06 00:00:00-04:00,215.08782640592375,215.4712292990506,214.55629299426707,215.14010620117188,57916900,0.0,0.0,0.0
2017-09-07 00:00:00-04:00,215.44510627811383,215.4625373098888,214.7044403314648,215.11398315429688,58034700,0.0,0.0,0.0
2017-09-08 00:00:00-04:00,214.82645079944174,215.32313553103205,214.6173315827576,214.86131286621094,63832800,0.0,0.0,0.0
2017-09-11 00:00:00-04:00,216.13349055292215,217.23141958108957,216.1160728162081,217.1529998779297,71364800,0.0,0.0,0.0
2017-09-12 00:00:00-04:00,217.51893111181127,217.91975171699505,217.33593854267625,217.88490295410156,56896000,0.0,0.0,0.0
2017-09-13 00:00:00-04:00,217.5973901437725,218.02436401830158,217.48410837592183,217.989501953125,59228000,0.0,0.0,0.0
2017-09-14 00:00:00-04:00,217.6670944129095,218.12020817466322,217.4928239802294,217.91978454589844,95446300,0.0,0.0,0.0
2017-09-15 00:00:00-04:00,217.7752746547774,218.30068046006895,217.67019616611202,218.21311950683594,95432400,1.235,0.0,0.0
2017-09-18 00:00:00-04:00,218.58091968648296,219.02751665001276,218.29194046468183,218.67724609375,46235200,0.0,0.0,0.0
2017-09-19 00:00:00-04:00,218.92244882412038,218.98375352353474,218.57217825078814,218.89617919921875,47108100,0.0,0.0,0.0
2017-09-20 00:00:00-04:00,218.983710516249,219.08878899521864,217.97665943225823,218.97494506835938,59574100,0.0,0.0,0.0
2017-09-21 00:00:00-04:00,218.81736795183463,218.9049289132353,218.21313986171728,218.38827514648438,48211400,0.0,0.0,0.0
2017-09-22 00:00:00-04:00,218.09054938041226,218.59845107254785,218.06427975512648,218.43206787109375,51214000,0.0,0.0,0.0
2017-09-25 00:00:00-04:00,218.17809592924593,218.52837984652382,217.24111484470356,217.98544311523438,57064400,0.0,0.0,0.0
2017-09-26 00:00:00-04:00,218.41459845891472,218.65979059025173,217.88042702379434,218.1168670654297,54082000,0.0,0.0,0.0
2017-09-27 00:00:00-04:00,218.81736664054645,219.35153794116275,217.93291141052939,218.9662322998047,81001400,0.0,0.0,0.0
2017-09-28 00:00:00-04:00,218.68602133962423,219.30776700909294,218.59846037226853,219.2289581298828,44778800,0.0,0.0,0.0
2017-09-29 00:00:00-04:00,219.22019406231306,220.07837973679105,219.0363066763297,219.9995574951172,85578000,0.0,0.0,0.0
2017-10-02 00:00:00-04:00,220.22726206905782,220.95408630371094,220.05211339605785,220.95408630371094,59023000,0.0,0.0,0.0
2017-10-03 00:00:00-04:00,220.95405904154,221.45319528449488,220.87523680362833,221.4269256591797,66810200,0.0,0.0,0.0
2017-10-04 00:00:00-04:00,221.27807617992787,221.93484358477772,221.1642322205911,221.6896514892578,55953600,0.0,0.0,0.0
2017-10-05 00:00:00-04:00,222.0223769472458,223.02066274400573,221.72464563427442,223.00315856933594,63522800,0.0,0.0,0.0
2017-10-06 00:00:00-04:00,222.55653847553936,223.0381704971402,222.29384224736145,222.7491912841797,80646000,0.0,0.0,0.0
2017-10-09 00:00:00-04:00,222.97691526718688,223.03820660969726,222.11872957630584,222.38143920898438,35803100,0.0,0.0,0.0
2017-10-10 00:00:00-04:00,222.95060495731732,223.34466265344616,222.40766825232924,222.96810913085938,43057400,0.0,0.0,0.0
2017-10-11 00:00:00-04:00,222.87179482447962,223.3184051513672,222.70542499501343,223.3184051513672,47674300,0.0,0.0,0.0
2017-10-12 00:00:00-04:00,223.00317427615025,223.3534448617325,222.74921674393175,222.98565673828125,47065100,0.0,0.0,0.0
2017-10-13 00:00:00-04:00,223.42350906485288,223.53735302182952,222.9856641373634,223.2571258544922,54800400,0.0,0.0,0.0
2017-10-16 00:00:00-04:00,223.4848119173923,223.74750818213673,223.14329341125787,223.5548553466797,38221700,0.0,0.0,0.0
2017-10-17 00:00:00-04:00,223.502293026835,223.75625053916676,223.28337058749773,223.71246337890625,31561000,0.0,0.0,0.0
2017-10-18 00:00:00-04:00,224.089014234462,224.13280139680816,223.7387436596247,223.931396484375,40888300,0.0,0.0,0.0
2017-10-19 00:00:00-04:00,223.15203630356604,224.0277261152057,222.73170893532952,223.99269104003906,61903800,0.0,0.0,0.0
2017-10-20 00:00:00-04:00,224.78958078944234,225.17488643668273,223.97518233287232,225.14859008789062,89176400,0.0,0.0,0.0
2017-10-23 00:00:00-04:00,225.47259024417332,225.4988598658279,224.19406405984094,224.2728729248047,63915300,0.0,0.0,0.0
2017-10-24 00:00:00-04:00,224.70196622052663,224.90335773374272,224.3078951942681,224.66693115234375,66935900,0.0,0.0,0.0
2017-10-25 00:00:00-04:00,224.3342187766771,224.44806273271078,222.42522132237863,223.5548553466797,103715300,0.0,0.0,0.0
2017-10-26 00:00:00-04:00,224.1678406117184,224.43928895455974,223.72123025429138,223.8438262939453,69798000,0.0,0.0,0.0
2017-10-27 00:00:00-04:00,224.58817961378833,225.8316709743532,223.85260333776702,225.6740264892578,85562500,0.0,0.0,0.0
2017-10-30 00:00:00-04:00,224.5881819289029,225.57771575739636,224.53564267464077,224.8333740234375,54285700,0.0,0.0,0.0
2017-10-31 00:00:00-04:00,225.2099244134724,225.43761234150261,224.88592342292802,225.18365478515625,60304800,0.0,0.0,0.0
2017-11-01 00:00:00-04:00,225.96296859219376,226.30447366503012,225.11354854836372,225.4813232421875,54202700,0.0,0.0,0.0
2017-11-02 00:00:00-04:00,225.41132145395284,225.7090527881011,224.34297879662896,225.56893920898438,56449500,0.0,0.0,0.0
2017-11-03 00:00:00-04:00,225.72659303215065,226.36585632827916,225.31501767895995,226.32208251953125,59589700,0.0,0.0,0.0
2017-11-06 00:00:00-05:00,226.19070251746857,226.80369616966382,226.12065908027247,226.67234802246094,49652600,0.0,0.0,0.0
2017-11-07 00:00:00-05:00,226.77742101945586,227.11018746689305,226.00680960937726,226.5147247314453,57502200,0.0,0.0,0.0
2017-11-08 00:00:00-05:00,226.33952060169227,226.9962878847408,226.05929348051524,226.8999481201172,50469600,0.0,0.0,0.0
2017-11-09 00:00:00-05:00,225.69155285168225,226.26951135492058,224.49183531869664,226.0768585205078,95085500,0.0,0.0,0.0
2017-11-10 00:00:00-05:00,225.69155464264665,226.18193882069187,225.3762924002271,226.0067901611328,59984700,0.0,0.0,0.0
2017-11-13 00:00:00-05:00,225.32377062608148,226.44465265198207,225.28873554666524,226.2169647216797,50228600,0.0,0.0,0.0
2017-11-14 00:00:00-05:00,225.4113011872742,225.79660681421927,224.63192448424843,225.6915283203125,61315200,0.0,0.0,0.0
2017-11-15 00:00:00-05:00,224.71950739532375,225.24492660887586,223.85258306351813,224.5618896484375,80811500,0.0,0.0,0.0
2017-11-16 00:00:00-05:00,225.50759174159674,226.83865712881288,225.4638179481447,226.47085571289062,67777000,0.0,0.0,0.0
2017-11-17 00:00:00-05:00,226.12059055081866,226.44459145703757,225.72651950470316,225.80532836914062,75756800,0.0,0.0,0.0
2017-11-20 00:00:00-05:00,226.05054122348457,226.383280845543,225.80532246418747,226.1906280517578,48075500,0.0,0.0,0.0
2017-11-21 00:00:00-05:00,226.96128662826206,227.85450736960243,226.15566693976137,227.67059326171875,69176800,0.0,0.0,0.0
2017-11-22 00:00:00-05:00,227.67933423372872,227.8106823510006,227.3027940562393,227.46917724609375,45033400,0.0,0.0,0.0
2017-11-24 00:00:00-05:00,227.95957477917068,228.09968835381474,227.81946120452662,227.9945831298828,27856500,0.0,0.0,0.0
2017-11-27 00:00:00-05:00,228.03838557359245,228.33611690074267,227.67934954628222,227.88076782226562,52274900,0.0,0.0,0.0
2017-11-28 00:00:00-05:00,228.34487332791497,230.21883554215188,228.24853355662276,230.19256591796875,98971700,0.0,0.0,0.0
2017-11-29 00:00:00-05:00,230.32390613990088,230.8580907785463,229.60586086220994,230.0524444580078,77512100,0.0,0.0,0.0
2017-11-30 00:00:00-05:00,230.9718251103957,232.97713442513333,230.89301627794867,232.06643676757812,127894400,0.0,0.0,0.0
2017-12-01 00:00:00-05:00,231.84762285727766,232.32924152209492,228.3448639162651,231.58489990234375,164390900,0.0,0.0,0.0
2017-12-04 00:00:00-05:00,233.2049653139705,233.63404479524854,231.25216729855987,231.3047332763672,94040600,0.0,0.0,0.0
2017-12-05 00:00:00-05:00,230.47276306152344,232.18910730727188,230.3414149577032,230.47276306152344,77994500,0.0,0.0,0.0
2017-12-06 00:00:00-05:00,230.5690950319757,230.94566192575616,230.05244129856732,230.5165557861328,75898600,0.0,0.0,0.0
2017-12-07 00:00:00-05:00,231.24339294433594,231.55862841900824,230.25385927562056,231.24339294433594,77218600,0.0,0.0,0.0
2017-12-08 00:00:00-05:00,232.1979739667329,232.51320955330738,231.20843994675326,232.5044708251953,76563900,0.0,0.0,0.0
2017-12-11 00:00:00-05:00,233.2049102783203,233.26621496801627,232.47809962197297,233.2049102783203,83077500,0.0,0.0,0.0
2017-12-12 00:00:00-05:00,233.99304101780547,234.08938078279797,233.23996069117888,233.6165008544922,85195800,0.0,0.0,0.0
2017-12-13 00:00:00-05:00,233.8616716096696,234.299516426841,233.50263565271786,233.5902099609375,102905400,0.0,0.0,0.0
2017-12-14 00:00:00-05:00,233.8879721162332,234.0018160595599,232.58320294041542,232.6357421875,100666700,0.0,0.0,0.0
2017-12-15 00:00:00-05:00,233.64005483559046,235.03951542888447,233.58724702909123,234.57302856445312,144610300,1.351,0.0,0.0
2017-12-18 00:00:00-05:00,235.97249439112693,236.4125773620688,235.86687877578615,236.06051635742188,83653600,0.0,0.0,0.0
2017-12-19 00:00:00-05:00,236.3069304877763,236.35092803483727,235.08348709734065,235.15391540527344,82382900,0.0,0.0,0.0
2017-12-20 00:00:00-05:00,236.1221284703916,236.17493628273866,234.73147797769343,235.03073120117188,76751500,0.0,0.0,0.0
2017-12-21 00:00:00-05:00,235.65555446583778,236.22768365572136,235.26827941138984,235.5147247314453,67032300,0.0,0.0,0.0
2017-12-22 00:00:00-05:00,235.53236721421683,235.56758136623222,234.91624042632304,235.45315551757812,78720900,0.0,0.0,0.0
2017-12-26 00:00:00-05:00,235.04827268058258,235.39155024518007,234.90746978593313,235.1715087890625,45244400,0.0,0.0,0.0
2017-12-27 00:00:00-05:00,235.3386811999691,235.6467445304691,235.0130242273488,235.28587341308594,57751000,0.0,0.0,0.0
2017-12-28 00:00:00-05:00,235.787670558668,235.8140744628945,235.4003953896571,235.77005004882812,45116100,0.0,0.0,0.0
2017-12-29 00:00:00-05:00,236.35093124759084,236.36852489454853,234.6874317823452,234.88104248046875,96007400,0.0,0.0,0.0
2018-01-02 00:00:00-05:00,235.74366213592793,236.59742424454294,235.3563869406468,236.5622100830078,86655700,0.0,0.0,0.0
2018-01-03 00:00:00-05:00,236.72935188296796,238.2080506275682,236.72935188296796,238.05841064453125,90070400,0.0,0.0,0.0
2018-01-04 00:00:00-05:00,238.70099949537035,239.5459512266381,238.12008678620776,239.0618438720703,80636400,0.0,0.0,0.0
2018-01-05 00:00:00-05:00,239.85404449855997,240.7782080514301,239.36115368895798,240.65499877929688,83524000,0.0,0.0,0.0
2018-01-08 00:00:00-05:00,240.55813184874282,241.25347040718765,240.26768893019437,241.0950469970703,57319200,0.0,0.0,0.0
2018-01-09 00:00:00-05:00,241.51752620564912,242.26567261945058,241.23586666107144,241.64076232910156,57254000,0.0,0.0,0.0
2018-01-10 00:00:00-05:00,240.88379724256805,241.5351382742084,240.2148894232378,241.2710723876953,69574300,0.0,0.0,0.0
2018-01-11 00:00:00-05:00,241.825564426552,243.03138732910156,241.65833076818808,243.03138732910156,62361500,0.0,0.0,0.0
2018-01-12 00:00:00-05:00,243.29544343228133,244.78289892979492,242.99616342156756,244.61569213867188,90816100,0.0,0.0,0.0
2018-01-16 00:00:00-05:00,245.8743400746922,246.52565422025643,243.08420246043607,243.779541015625,106555100,0.0,0.0,0.0
2018-01-17 00:00:00-05:00,244.71245373421797,246.49037867117488,243.77948029734196,246.1031036376953,113258800,0.0,0.0,0.0
2018-01-18 00:00:00-05:00,245.9887062235787,246.41116854603143,245.1965356479317,245.689453125,100728000,0.0,0.0,0.0
2018-01-19 00:00:00-05:00,246.27038164407927,246.8072967529297,245.6894958496924,246.8072967529297,140920100,0.0,0.0,0.0
2018-01-22 00:00:00-05:00,246.5960786362487,248.8140869140625,246.5432439734275,248.8140869140625,91322400,0.0,0.0,0.0
2018-01-23 00:00:00-05:00,248.85810149413138,249.63265179478304,248.53244440420556,249.3422088623047,97084700,0.0,0.0,0.0
2018-01-24 00:00:00-05:00,249.98466681779405,250.5831999422078,248.06591192799587,249.24533081054688,134816100,0.0,0.0,0.0
2018-01-25 00:00:00-05:00,250.10793928909638,250.20474464268864,248.5588387473728,249.35098266601562,84587300,0.0,0.0,0.0
2018-01-26 00:00:00-05:00,250.18717071645605,252.28196997036005,249.93191507058938,252.23794555664062,107743100,0.0,0.0,0.0
2018-01-29 00:00:00-05:00,251.66582012769325,252.10590306158304,250.40718938329576,250.56561279296875,90118300,0.0,0.0,0.0
2018-01-30 00:00:00-05:00,248.73477341209036,250.61831359750633,247.52014073544345,247.9954376220703,131796400,0.0,0.0,0.0
2018-01-31 00:00:00-05:00,248.84935779742213,249.35103203354984,247.04500127271908,248.11880493164062,108364800,0.0,0.0,0.0
2018-02-01 00:00:00-05:00,247.3881851399711,249.1397063257959,247.0449076164335,247.83705139160156,90102500,0.0,0.0,0.0
2018-02-02 00:00:00-05:00,246.51685703921194,246.648903414558,242.40649726832018,242.44171142578125,173174800,0.0,0.0,0.0
2018-02-05 00:00:00-05:00,240.68138181637397,242.79377465444557,231.75648648531626,232.30218505859375,294681800,0.0,0.0,0.0
2018-02-06 00:00:00-05:00,228.79031712974927,237.38074456875086,227.69892005236255,236.87904357910156,355026800,0.0,0.0,0.0
2018-02-07 00:00:00-05:00,236.32450463806282,239.72193155097972,235.5147403268163,235.59397888183594,167376100,0.0,0.0,0.0
2018-02-08 00:00:00-05:00,235.89328316531945,236.03411293957473,226.72194221337324,226.7571563720703,246449500,0.0,0.0,0.0
2018-02-09 00:00:00-05:00,229.54726421694855,232.02052833590065,222.6115658085252,230.16339111328125,283565300,0.0,0.0,0.0
2018-02-12 00:00:00-05:00,232.2141689797888,235.01311709321766,230.30422392491064,233.54322814941406,143736000,0.0,0.0,0.0
2018-02-13 00:00:00-05:00,232.33736425528434,234.66979822260853,231.75645161163467,234.1240997314453,81223600,0.0,0.0,0.0
2018-02-14 00:00:00-05:00,232.63660055946704,237.64474568212884,232.62779030685115,237.28387451171875,120735700,0.0,0.0,0.0
2018-02-15 00:00:00-05:00,239.02662625448377,240.32047101973117,236.5621459651646,240.31166076660156,111200300,0.0,0.0,0.0
2018-02-16 00:00:00-05:00,239.68676840292403,242.32726592741432,239.6427439945313,240.382080078125,160420100,0.0,0.0,0.0
2018-02-20 00:00:00-05:00,239.43153825575493,240.8750232824043,238.08488544944555,238.8770294189453,86369700,0.0,0.0,0.0
2018-02-21 00:00:00-05:00,239.31706323837452,241.7991371121962,237.59194588077656,237.68875122070312,98883700,0.0,0.0,0.0
2018-02-22 00:00:00-05:00,238.6129376757864,240.3292447538347,237.32790321531238,237.99681091308594,110511300,0.0,0.0,0.0
2018-02-23 00:00:00-05:00,239.2203354791117,241.7904052734375,238.74503829666784,241.7904052734375,92766400,0.0,0.0,0.0
2018-02-26 00:00:00-05:00,242.8640951006904,244.69485464741513,242.27439917227707,244.5980224609375,86491400,0.0,0.0,0.0
2018-02-27 00:00:00-05:00,244.7828723804004,245.49583131620943,241.48225097241271,241.5438690185547,99099200,0.0,0.0,0.0
2018-02-28 00:00:00-05:00,242.64409768643978,243.09299083312848,238.78018384941745,239.09703063964844,121907800,0.0,0.0,0.0
2018-03-01 00:00:00-05:00,238.88581486369563,240.434915343989,234.12411442597886,235.6204071044922,176855100,0.0,0.0,0.0
2018-03-02 00:00:00-05:00,233.94806390250494,237.39832573097647,233.08551859078392,236.8350067138672,139083200,0.0,0.0,0.0
2018-03-05 00:00:00-05:00,235.64680979709024,240.18846875059273,235.541167333542,239.5723419189453,97307400,0.0,0.0,0.0
2018-03-06 00:00:00-05:00,240.54925046156177,240.6284890037194,238.6833036661015,240.17959594726562,79213200,0.0,0.0,0.0
2018-03-07 00:00:00-05:00,238.0144506058728,240.44368998087577,237.82081305288796,240.0916290283203,87063500,0.0,0.0,0.0
2018-03-08 00:00:00-05:00,240.76934118536022,241.37665772949185,239.77477640519388,241.25344848632812,66901200,0.0,0.0,0.0
2018-03-09 00:00:00-05:00,242.66173259355944,245.45184326171875,242.3448589239956,245.45184326171875,113625300,0.0,0.0,0.0
2018-03-12 00:00:00-04:00,245.7423167630409,246.36722699736953,244.75650844539223,245.14378356933594,71924800,0.0,0.0,0.0
2018-03-13 00:00:00-04:00,246.30563802249105,246.80733906418087,242.95220787735744,243.5595245361328,91968900,0.0,0.0,0.0
2018-03-14 00:00:00-04:00,244.5188714747904,244.70369878146147,241.7551646864321,242.3096466064453,105895100,0.0,0.0,0.0
2018-03-15 00:00:00-04:00,242.82018938069317,243.46269334085287,241.54393799427896,242.04563903808594,83433000,0.0,0.0,0.0
2018-03-16 00:00:00-04:00,242.57311035320478,243.35960806370167,242.25499462857778,242.30801391601562,100343700,1.097,0.0,0.0
2018-03-19 00:00:00-04:00,241.55698809363383,242.4848530401909,237.3771191271245,239.0296173095703,109208400,0.0,0.0,0.0
2018-03-20 00:00:00-04:00,239.42722013482984,240.07232421525157,238.75560640551987,239.43606567382812,59757300,0.0,0.0,0.0
2018-03-21 00:00:00-04:00,239.39192893992308,241.48627266625962,238.76451576978116,238.97659301757812,78709600,0.0,0.0,0.0
2018-03-22 00:00:00-04:00,236.74966416722836,237.5979999945079,232.72885384939002,233.00282287597656,148785900,0.0,0.0,0.0
2018-03-23 00:00:00-04:00,233.44463361413833,233.77159492761265,227.8420096555202,228.0364227294922,183534800,0.0,0.0,0.0
2018-03-26 00:00:00-04:00,231.64190216567016,234.55807137654898,229.23826181576712,234.27528381347656,141956100,0.0,0.0,0.0
2018-03-27 00:00:00-04:00,235.21206754040583,235.74226061596968,228.73459679677995,230.28990173339844,129941400,0.0,0.0,0.0
2018-03-28 00:00:00-04:00,230.42242836273297,232.0926172982425,228.50480702582675,229.6094207763672,146452300,0.0,0.0,0.0
2018-03-29 00:00:00-04:00,230.74938233105553,234.40787590041907,229.61825896543695,232.54327392578125,111601600,0.0,0.0,0.0
2018-04-02 00:00:00-04:00,232.013079812993,232.5256357361147,225.04960334539643,227.52394104003906,186286300,0.0,0.0,0.0
2018-04-03 00:00:00-04:00,228.76108647586676,230.91729468859214,226.96719481188146,230.44009399414062,119956900,0.0,0.0,0.0
2018-04-04 00:00:00-04:00,226.88764555655212,233.6125205677921,226.7550973110947,232.90557861328125,123715300,0.0,0.0,0.0
2018-04-05 00:00:00-04:00,234.66411168825624,235.6273585175287,233.57718912240716,234.74366760253906,82652600,0.0,0.0,0.0
2018-04-06 00:00:00-04:00,232.78190517782255,234.27531822190647,227.992287884209,229.51223754882812,179521200,0.0,0.0,0.0
2018-04-09 00:00:00-04:00,230.970332966311,234.03674208867398,229.70666119589032,230.64337158203125,105442900,0.0,0.0,0.0
2018-04-10 00:00:00-04:00,233.53303173968084,235.09718220910804,232.3930896648069,234.31068420410156,103529000,0.0,0.0,0.0
2018-04-11 00:00:00-04:00,232.82613470616496,234.74375658455347,232.75545127213937,233.08241271972656,91140200,0.0,0.0,0.0
2018-04-12 00:00:00-04:00,234.40789632285558,235.94551011855185,234.2311473257847,234.9999542236328,68890500,0.0,0.0,0.0
2018-04-13 00:00:00-04:00,236.30783467244473,236.42271882761298,233.3032903974558,234.31068420410156,85079200,0.0,0.0,0.0
2018-04-16 00:00:00-04:00,235.94548491535662,237.00592484828672,235.12365879979507,236.23709106445312,63405300,0.0,0.0,0.0
2018-04-17 00:00:00-04:00,238.00449228466618,239.36538401645197,237.49196335530033,238.7644805908203,64682000,0.0,0.0,0.0
2018-04-18 00:00:00-04:00,239.20627383092074,239.7453122945607,238.48164087524708,238.94117736816406,57303900,0.0,0.0,0.0
2018-04-19 00:00:00-04:00,238.28721777022892,238.4904763618451,236.58170100613293,237.61563110351562,77655900,0.0,0.0,0.0
2018-04-20 00:00:00-04:00,237.54500709992791,237.76592987926776,234.71718473713278,235.6008758544922,99953100,0.0,0.0,0.0
2018-04-23 00:00:00-04:00,236.1752549020754,236.73198452248616,234.4874019301393,235.5655059814453,65558000,0.0,0.0,0.0
2018-04-24 00:00:00-04:00,236.59059861141472,236.81152135905498,230.89078093505276,232.39306640625,112885500,0.0,0.0,0.0
2018-04-25 00:00:00-04:00,232.33124008188568,233.4093443478293,230.5108384969812,232.96749877929688,103840900,0.0,0.0,0.0
2018-04-26 00:00:00-04:00,233.99249306006067,236.16636486377158,233.55064766274774,235.335693359375,67731900,0.0,0.0,0.0
2018-04-27 00:00:00-04:00,235.94549734058813,236.24594904484874,234.6199608386747,235.55667114257812,57053600,0.0,0.0,0.0
2018-04-30 00:00:00-04:00,236.1752828772571,236.73201256361304,233.6744220588823,233.74513244628906,82182300,0.0,0.0,0.0
2018-05-01 00:00:00-04:00,233.17955034822333,234.26650003565555,231.6242454884394,234.16046142578125,74203400,0.0,0.0,0.0
2018-05-02 00:00:00-04:00,233.96603442039367,234.7790150265446,232.19865244584616,232.5874786376953,86368900,0.0,0.0,0.0
2018-05-03 00:00:00-04:00,231.75677437071465,232.72881274557488,228.92010728332005,232.07489013671875,136311500,0.0,0.0,0.0
2018-05-04 00:00:00-04:00,231.10275330829054,235.75981997556036,230.77579210499917,235.07936096191406,91222100,0.0,0.0,0.0
2018-05-07 00:00:00-04:00,235.84836827118036,236.84691672036024,235.1590632137618,235.8748779296875,55304900,0.0,0.0,0.0
2018-05-08 00:00:00-04:00,235.5037157424711,236.23716760657956,234.3107271734169,235.8748779296875,67499200,0.0,0.0,0.0
2018-05-09 00:00:00-04:00,236.54636971982185,238.48165491620054,236.0249953336343,238.15469360351562,59666100,0.0,0.0,0.0
2018-05-10 00:00:00-04:00,238.8970733621426,240.70865648473887,238.79103473411064,240.3816680908203,72063900,0.0,0.0,0.0
2018-05-11 00:00:00-04:00,240.505332872426,241.38017828562056,239.99277701782748,241.11508178710938,59871500,0.0,0.0,0.0
2018-05-14 00:00:00-04:00,241.54809628614152,242.20201900063026,240.6820693919491,241.22998046875,54790600,0.0,0.0,0.0
2018-05-15 00:00:00-04:00,240.00160341803257,240.01926752715545,238.6230477994931,239.568603515625,87036100,0.0,0.0,0.0
2018-05-16 00:00:00-04:00,239.60392001314463,241.035494696002,239.57738340158687,240.57595825195312,53942600,0.0,0.0,0.0
2018-05-17 00:00:00-04:00,240.31092263582997,241.45089152917097,239.59513511324812,240.37278747558594,56536400,0.0,0.0,0.0
2018-05-18 00:00:00-04:00,240.02822015987837,240.3905368193448,239.4184710217663,239.77194213867188,64368000,0.0,0.0,0.0
2018-05-21 00:00:00-04:00,241.25645393247333,242.1136351582383,240.86762779080024,241.57456970214844,58025900,0.0,0.0,0.0
2018-05-22 00:00:00-04:00,242.09600350202192,242.35228146923208,240.57605374826707,240.90301513671875,52966400,0.0,0.0,0.0
2018-05-23 00:00:00-04:00,239.6304765758288,241.59227148003484,239.47139171583964,241.56573486328125,64694200,0.0,0.0,0.0
2018-05-24 00:00:00-04:00,241.16814289660945,241.44208498193186,239.28587652654045,241.0709228515625,76043800,0.0,0.0,0.0
2018-05-25 00:00:00-04:00,240.49649047851562,241.12390351193636,239.9927801566488,240.49649047851562,56374800,0.0,0.0,0.0
2018-05-29 00:00:00-04:00,238.87051399428245,239.63050228387698,236.61711271320866,237.7305450439453,115908600,0.0,0.0,0.0
2018-05-30 00:00:00-04:00,239.03843988122983,241.34486068178572,238.96775645998835,240.90301513671875,69678400,0.0,0.0,0.0
2018-05-31 00:00:00-04:00,240.49651999924623,240.79697172773785,238.82635789555584,239.42726135253906,93519900,0.0,0.0,0.0
2018-06-01 00:00:00-04:00,240.72625291089187,242.0782989743515,240.65554253334344,241.77784729003906,71258400,0.0,0.0,0.0
2018-06-04 00:00:00-04:00,242.59972012171204,243.18295949234184,242.36113322977317,242.9266815185547,45385200,0.0,0.0,0.0
2018-06-05 00:00:00-04:00,243.05920808091656,243.4833894856977,242.29040119634027,243.10340881347656,51135000,0.0,0.0,0.0
2018-06-06 00:00:00-04:00,243.71318028298782,245.24194865313652,243.09458571492277,245.1359100341797,62732200,0.0,0.0,0.0
2018-06-07 00:00:00-04:00,245.62193089603647,245.91353706797386,244.1991743240489,245.109375,72969400,0.0,0.0,0.0
2018-06-08 00:00:00-04:00,244.6498721239882,245.8870341980291,244.4819686673565,245.83401489257812,72139700,0.0,0.0,0.0
2018-06-11 00:00:00-04:00,246.054956864218,246.87678313097916,245.94007270406829,246.16099548339844,58892500,0.0,0.0,0.0
2018-06-12 00:00:00-04:00,246.57628852029868,246.8413850221631,245.8339913469702,246.47909545898438,72329000,0.0,0.0,0.0
2018-06-13 00:00:00-04:00,246.71763521756895,246.97391309919198,245.48929206780932,245.6925506591797,79070600,0.0,0.0,0.0
2018-06-14 00:00:00-04:00,246.55857430860445,246.84133486376663,245.71905727644435,246.31114196777344,77097600,0.0,0.0,0.0
2018-06-15 00:00:00-04:00,245.52649004573834,246.3342630036423,244.41691627211264,245.9969482421875,120041600,1.246,0.0,0.0
2018-06-18 00:00:00-04:00,244.54119558074223,245.61528259065716,244.06187917334162,245.49099731445312,52917600,0.0,0.0,0.0
2018-06-19 00:00:00-04:00,243.21853000758566,244.7719330277071,242.8013292557565,244.55001831054688,97531500,0.0,0.0,0.0
2018-06-20 00:00:00-04:00,245.23357205300874,245.63302948735304,244.62997036088478,244.96728515625,53785500,0.0,0.0,0.0
2018-06-21 00:00:00-04:00,244.95847688960208,244.97624741444224,242.9346145704962,243.43170166015625,71061400,0.0,0.0,0.0
2018-06-22 00:00:00-04:00,244.69211607266445,244.80751609244447,243.65354298385074,243.87545776367188,54898500,0.0,0.0,0.0
2018-06-25 00:00:00-04:00,242.72150867695257,242.88128081499514,238.86907139864692,240.5556182861328,137854200,0.0,0.0,0.0
2018-06-26 00:00:00-04:00,241.12375552974973,241.94038681511896,240.36923979992196,241.08824157714844,68547400,0.0,0.0,0.0
2018-06-27 00:00:00-04:00,241.6740640121467,243.10318209396516,238.94005894114787,239.09097290039062,105110700,0.0,0.0,0.0
2018-06-28 00:00:00-04:00,239.03765669739826,241.22128985963423,238.3275133716156,240.45791625976562,76650500,0.0,0.0,0.0
2018-06-29 00:00:00-04:00,241.54979912275832,242.91680177360362,240.68876867952034,240.80416870117188,97592500,0.0,0.0,0.0
2018-07-02 00:00:00-04:00,239.23300781439923,241.47878420787828,238.99332252521182,241.31898498535156,63554800,0.0,0.0,0.0
2018-07-03 00:00:00-04:00,242.21551677676098,242.31317335709,240.04076839246304,240.46682739257812,42187100,0.0,0.0,0.0
2018-07-05 00:00:00-04:00,241.59419894270374,242.49071624932256,240.52011188401102,242.42857360839844,56925900,0.0,0.0,0.0
2018-07-06 00:00:00-04:00,242.4552185443817,244.85188185065252,242.07350454521062,244.4790802001953,66493700,0.0,0.0,0.0
2018-07-09 00:00:00-04:00,245.48209009097027,246.73369255449904,245.43771797584225,246.68043518066406,50550400,0.0,0.0,0.0
2018-07-10 00:00:00-04:00,247.13311002010246,247.6657107616075,246.84016742213515,247.56805419921875,51966800,0.0,0.0,0.0
2018-07-11 00:00:00-04:00,246.01470715904813,246.804736738426,245.45547760766024,245.7572784423828,77054700,0.0,0.0,0.0
2018-07-12 00:00:00-04:00,247.01774546792475,248.0385479002143,246.41414384925648,247.98529052734375,60124700,0.0,0.0,0.0
2018-07-13 00:00:00-04:00,247.8078623210117,248.48246497820423,247.35514740284916,248.1806640625,48216000,0.0,0.0,0.0
2018-07-16 00:00:00-04:00,248.22493207070815,248.36693364721475,247.51478874218458,247.9586181640625,48201000,0.0,0.0,0.0
2018-07-17 00:00:00-04:00,247.18645833464043,249.35234894826192,247.1332009498144,248.96177673339844,52315500,0.0,0.0,0.0
2018-07-18 00:00:00-04:00,249.04158313995188,249.59192733323326,248.5977536822475,249.48541259765625,44593500,0.0,0.0,0.0
2018-07-19 00:00:00-04:00,248.81971255072858,249.20139945065603,248.06519692094298,248.54454040527344,61412100,0.0,0.0,0.0
2018-07-20 00:00:00-04:00,248.34030779907545,248.9705650895561,248.10064966063814,248.2604217529297,82337700,0.0,0.0,0.0
2018-07-23 00:00:00-04:00,248.0563777829698,248.92626647417546,247.71017768725454,248.7221221923828,47047600,0.0,0.0,0.0
2018-07-24 00:00:00-04:00,250.1334320169862,250.81691968072434,249.10374434759734,249.9736328125,68026900,0.0,0.0,0.0
2018-07-25 00:00:00-04:00,249.72504243612434,252.42353281795852,249.68067033106541,252.10398864746094,78882900,0.0,0.0,0.0
2018-07-26 00:00:00-04:00,251.38504968274742,252.19279556653194,251.2873931024589,251.50930786132812,57919500,0.0,0.0,0.0
2018-07-27 00:00:00-04:00,251.83771215930585,251.9353687298182,248.8818197863248,249.80499267578125,76768700,0.0,0.0,0.0
2018-07-30 00:00:00-04:00,249.8849138307744,250.04468596219957,247.97642515611105,248.5001678466797,63742500,0.0,0.0,0.0
2018-07-31 00:00:00-04:00,249.2635247226231,250.33758454100294,248.88183784928523,249.72509765625,68570500,0.0,0.0,0.0
2018-08-01 00:00:00-04:00,249.92923338303018,250.43520544866445,248.6598876794489,249.307861328125,53853300,0.0,0.0,0.0
2018-08-02 00:00:00-04:00,248.00306905621076,250.8346764359806,247.79889772747592,250.66604614257812,63426400,0.0,0.0,0.0
2018-08-03 00:00:00-04:00,250.7902498137468,251.79330863254742,250.61270721089437,251.74005126953125,53935400,0.0,0.0,0.0
2018-08-06 00:00:00-04:00,251.77564045937442,252.97395857459247,251.38506828772208,252.66329956054688,39400900,0.0,0.0,0.0
2018-08-07 00:00:00-04:00,253.32903510396625,253.87937939334077,253.19586457204238,253.49766540527344,43196600,0.0,0.0,0.0
2018-08-08 00:00:00-04:00,253.3290129983272,253.7905859225437,252.92955561582255,253.39112854003906,42114600,0.0,0.0,0.0
2018-08-09 00:00:00-04:00,253.45328322255867,253.84385536516058,252.9118242139356,253.0449676513672,35717000,0.0,0.0,0.0
2018-08-10 00:00:00-04:00,251.6069770580175,252.14843609399105,250.6394048223309,251.34954833984375,77076000,0.0,0.0,0.0
2018-08-13 00:00:00-04:00,251.62468830328046,252.23717515726742,250.11565722463394,250.40859985351562,65732900,0.0,0.0,0.0
2018-08-14 00:00:00-04:00,251.13658095009174,252.24615507453876,250.74600869114946,252.0064697265625,43842000,0.0,0.0,0.0
2018-08-15 00:00:00-04:00,250.6571277422336,250.79915641876548,248.6865238753039,250.12452697753906,102925400,0.0,0.0,0.0
2018-08-16 00:00:00-04:00,251.56250313655812,253.01827659819148,251.52698919892876,252.1483612060547,69967900,0.0,0.0,0.0
2018-08-17 00:00:00-04:00,251.94427184369758,253.47993184740568,251.5359562403902,253.03610229492188,65618500,0.0,0.0,0.0
2018-08-20 00:00:00-04:00,253.48889588040385,253.84395421488645,253.03618092764017,253.57766723632812,39807500,0.0,0.0,0.0
2018-08-21 00:00:00-04:00,254.09238567018824,255.03330203164734,253.6130422310215,254.17227172851562,67272000,0.0,0.0,0.0
2018-08-22 00:00:00-04:00,253.76394887902484,254.5450931013599,253.49763493639148,254.02137756347656,44993300,0.0,0.0,0.0
2018-08-23 00:00:00-04:00,253.84386942380561,254.7048998191549,253.36452593330048,253.68409729003906,49204900,0.0,0.0,0.0
2018-08-24 00:00:00-04:00,254.26102912059642,255.35285936968114,254.20777175129484,255.21083068847656,57487400,0.0,0.0,0.0
2018-08-27 00:00:00-04:00,256.40926312144313,257.33243641704127,256.2494909421703,257.2259216308594,57072400,0.0,0.0,0.0
2018-08-28 00:00:00-04:00,257.6874464213411,257.79398827676107,256.88855858554405,257.35015869140625,46943500,0.0,0.0,0.0
2018-08-29 00:00:00-04:00,257.5632380007903,258.9657278423069,257.323579730497,258.7349548339844,61485500,0.0,0.0,0.0
2018-08-30 00:00:00-04:00,258.25558440533797,258.6283861204424,257.0927529547803,257.6874694824219,61229500,0.0,0.0,0.0
2018-08-31 00:00:00-04:00,257.27908823769684,258.1401185744521,256.790886610231,257.6962890625,66140800,0.0,0.0,0.0
2018-09-04 00:00:00-04:00,257.2791006122579,257.6075301326266,256.24941284429883,257.2524719238281,57594400,0.0,0.0,0.0
2018-09-05 00:00:00-04:00,256.897403877992,257.10157520760544,255.54817190054018,256.5600891113281,72452400,0.0,0.0,0.0
2018-09-06 00:00:00-04:00,256.66663092205306,256.9684317742553,254.75816921857063,255.78785705566406,65909900,0.0,0.0,0.0
2018-09-07 00:00:00-04:00,254.7404728351322,256.26724789773334,254.5007874897002,255.2908172607422,73524800,0.0,0.0,0.0
2018-09-10 00:00:00-04:00,256.30264576750454,256.5689597155982,255.53927204588095,255.73455810546875,50210900,0.0,0.0,0.0
2018-09-11 00:00:00-04:00,255.08661990516262,257.0217104592627,254.7404469036389,256.577880859375,50530500,0.0,0.0,0.0
2018-09-12 00:00:00-04:00,256.5866962429352,257.2435552033378,255.84995122701346,256.63995361328125,59810800,0.0,0.0,0.0
2018-09-13 00:00:00-04:00,257.7051188124591,258.3442342555749,257.4210614845859,258.1578063964844,51034200,0.0,0.0,0.0
2018-09-14 00:00:00-04:00,258.3620426364613,258.5484434532182,257.4211262043679,258.2022705078125,55079900,0.0,0.0,0.0
2018-09-17 00:00:00-04:00,258.149011258561,258.1844981163113,256.5600939750923,256.83526611328125,68244000,0.0,0.0,0.0
2018-09-18 00:00:00-04:00,257.04837133519743,258.82368995702524,257.0217426394385,258.2289733886719,61930400,0.0,0.0,0.0
2018-09-19 00:00:00-04:00,258.28214408465055,258.92125965755014,258.15785882001853,258.5040588378906,49080600,0.0,0.0,0.0
2018-09-20 00:00:00-04:00,259.7644721245067,260.9184176750307,258.5217281910864,260.5988464355469,100360600,0.0,0.0,0.0
2018-09-21 00:00:00-04:00,261.34172092502115,261.45764333870767,260.2003749632241,260.3608703613281,105479700,1.323,0.0,0.0
2018-09-24 00:00:00-04:00,259.7813150054989,259.9239866684046,258.9163867572712,259.4959716796875,53409600,0.0,0.0,0.0
2018-09-25 00:00:00-04:00,259.95060343037477,260.0576003200678,259.0143534337376,259.2550964355469,44370000,0.0,0.0,0.0
2018-09-26 00:00:00-04:00,259.3978270962072,260.5837458427951,258.06031124681675,258.4794006347656,79739700,0.0,0.0,0.0
2018-09-27 00:00:00-04:00,258.95193064011346,260.28944619075577,258.67551293659324,259.20159912109375,59249500,0.0,0.0,0.0
2018-09-28 00:00:00-04:00,258.5774898512052,259.727761180098,258.54184235195396,259.2284240722656,70091400,0.0,0.0,0.0
2018-10-01 00:00:00-04:00,260.4678122787801,261.1989941092635,259.46023990671796,260.1289978027344,62078900,0.0,0.0,0.0
2018-10-02 00:00:00-04:00,259.9774169921875,260.6907479078921,259.6029277855832,259.9774169921875,47258200,0.0,0.0,0.0
2018-10-03 00:00:00-04:00,261.0295264138458,261.4486157086013,259.7633602632728,260.1200256347656,64694600,0.0,0.0,0.0
2018-10-04 00:00:00-04:00,259.6385456639831,259.69204411596644,256.4998518963773,258.0870361328125,111545900,0.0,0.0,0.0
2018-10-05 00:00:00-04:00,258.3100411101316,258.82720205480575,255.2159192888122,256.6426086425781,105951700,0.0,0.0,0.0
2018-10-08 00:00:00-04:00,255.95599959464238,256.9992741780606,254.57391044020932,256.6426086425781,87742200,0.0,0.0,0.0
2018-10-09 00:00:00-04:00,256.25907658719046,257.56981570752436,255.70621396661616,256.2679748535156,74339000,0.0,0.0,0.0
2018-10-10 00:00:00-04:00,255.7597685189888,255.8311179361839,247.7792736185123,248.1537628173828,214731000,0.0,0.0,0.0
2018-10-11 00:00:00-04:00,247.0659319900336,248.6887911916292,241.07385950184556,242.6878204345703,274840500,0.0,0.0,0.0
2018-10-12 00:00:00-04:00,246.7894736698401,247.07481688712994,242.86609967349887,246.05831909179688,183186500,0.0,0.0,0.0
2018-10-15 00:00:00-04:00,245.7016624383773,247.03028008323682,244.58706584373425,244.67623901367188,102263700,0.0,0.0,0.0
2018-10-16 00:00:00-04:00,246.63794334214083,250.4008225865687,246.1653554678994,250.02630615234375,118255800,0.0,0.0,0.0
2018-10-17 00:00:00-04:00,250.06201262855035,250.69509596423816,247.4939773585941,250.07093811035156,110626000,0.0,0.0,0.0
2018-10-18 00:00:00-04:00,249.1347036883393,249.73213962403105,245.1845786463496,246.4596710205078,134557500,0.0,0.0,0.0
2018-10-19 00:00:00-04:00,247.11051650237442,249.04544086380105,245.63032902677742,246.32583618164062,139901600,0.0,0.0,0.0
2018-10-22 00:00:00-04:00,246.994659562729,247.3156503907317,244.68521817736433,245.22023010253906,82415800,0.0,0.0,0.0
2018-10-23 00:00:00-04:00,241.5999793058806,245.09533914092466,239.51343044304284,243.97181701660156,146352700,0.0,0.0,0.0
2018-10-24 00:00:00-04:00,243.7221665604862,244.1056085152865,236.02701362087163,236.57984924316406,177806700,0.0,0.0,0.0
2018-10-25 00:00:00-04:00,238.41666079304213,242.36678436926206,237.3912374265778,240.8241729736328,138061500,0.0,0.0,0.0
2018-10-26 00:00:00-04:00,237.1148740057523,241.64458337402075,233.87808058304793,236.58876037597656,201574600,0.0,0.0,0.0
2018-10-29 00:00:00-04:00,239.68287313180807,240.97581624058947,231.70237676564972,235.27798461914062,160749100,0.0,0.0,0.0
2018-10-30 00:00:00-04:00,235.10857943971416,239.07652733010562,234.6181405688793,238.76443481445312,157116000,0.0,0.0,0.0
2018-10-31 00:00:00-04:00,241.3324599805179,243.63300269297002,240.85987209180985,241.31463623046875,128296300,0.0,0.0,0.0
2018-11-01 00:00:00-04:00,242.17952274893688,244.07879945873134,241.0916755223415,243.88262939453125,99495000,0.0,0.0,0.0
2018-11-02 00:00:00-04:00,244.98837100355448,245.4163859611681,240.3873122535907,242.4381866455078,122634100,0.0,0.0,0.0
2018-11-05 00:00:00-05:00,242.92859139177023,244.32853143115284,241.95666629775653,243.77569580078125,65622500,0.0,0.0,0.0
2018-11-06 00:00:00-05:00,243.71324432036943,245.47874794542096,243.65082037900277,245.31825256347656,60085900,0.0,0.0,0.0
2018-11-07 00:00:00-05:00,247.49399905196626,250.65054494895162,247.0659840655122,250.57029724121094,102752100,0.0,0.0,0.0
2018-11-08 00:00:00-05:00,249.76768083754868,250.7574566535738,248.97410230064654,250.11544799804688,65584900,0.0,0.0,0.0
2018-11-09 00:00:00-05:00,248.80470732286804,248.99195193007725,246.26342166342013,247.6722869873047,98812600,0.0,0.0,0.0
2018-11-12 00:00:00-05:00,247.16399295785445,247.40473599362826,242.52726086362566,243.04444885253906,99673600,0.0,0.0,0.0
2018-11-13 00:00:00-05:00,243.50814820119857,245.5054966258056,241.86746525072402,242.5897216796875,98176600,0.0,0.0,0.0
2018-11-14 00:00:00-05:00,244.46221684463413,244.86345524510767,239.37074780966623,240.93118286132812,125335900,0.0,0.0,0.0
2018-11-15 00:00:00-05:00,239.66505152031465,243.90944467046296,238.08679231174762,243.4457550048828,135101400,0.0,0.0,0.0
2018-11-16 00:00:00-05:00,242.34894053649785,244.98829728465697,241.83175255019458,244.07879638671875,126668000,0.0,0.0,0.0
2018-11-19 00:00:00-05:00,243.47253404363687,243.76680286156076,239.03199744440542,239.95042419433594,103061700,0.0,0.0,0.0
2018-11-20 00:00:00-05:00,236.6154825797557,238.0778464586344,234.64488330516025,235.5098114013672,136021300,0.0,0.0,0.0
2018-11-21 00:00:00-05:00,237.06129197420626,238.21156320405137,236.30338810882228,236.31228637695312,75563700,0.0,0.0,0.0
2018-11-23 00:00:00-05:00,234.6716611316323,236.13402518870242,234.5735896753301,234.7340850830078,42807900,0.0,0.0,0.0
2018-11-26 00:00:00-05:00,236.99004105316456,238.74664678840992,236.59770078252234,238.5237274169922,79981400,0.0,0.0,0.0
2018-11-27 00:00:00-05:00,237.48937945742293,239.32623291015625,236.8830452949714,239.32623291015625,75502400,0.0,0.0,0.0
2018-11-28 00:00:00-05:00,240.39621058389733,244.8367462158203,239.26376297348142,244.8367462158203,127629600,0.0,0.0,0.0
2018-11-29 00:00:00-05:00,244.06107898709027,245.7017625776693,242.91973269747692,244.30184936523438,82346400,0.0,0.0,0.0
2018-11-30 00:00:00-05:00,244.15021024599378,246.3526547247184,243.82921941274031,245.7908935546875,98204200,0.0,0.0,0.0
2018-12-03 00:00:00-05:00,249.9192788474367,250.0262757551123,247.44934285583093,249.04542541503906,103176300,0.0,0.0,0.0
2018-12-04 00:00:00-05:00,248.21623087740545,248.64424582117104,240.66372229024648,240.97581481933594,177986000,0.0,0.0,0.0
2018-12-06 00:00:00-05:00,237.114809128682,240.72609084503256,234.0117627270498,240.61016845703125,204185400,0.0,0.0,0.0
2018-12-07 00:00:00-05:00,240.27140589901015,241.84076697001427,234.18126068996452,235.01943969726562,161018900,0.0,0.0,0.0
2018-12-10 00:00:00-05:00,234.84107067737293,236.43718083040707,230.60560305995818,235.4652557373047,151445900,0.0,0.0,0.0
2018-12-11 00:00:00-05:00,238.66632675751862,238.8535713534547,234.04744531223463,235.51870727539062,121504400,0.0,0.0,0.0
2018-12-12 00:00:00-05:00,238.49694635249477,239.86121163503108,236.6244184401148,236.7046661376953,97976700,0.0,0.0,0.0
2018-12-13 00:00:00-05:00,237.64982837788833,238.514756462568,235.5098082626307,236.62440490722656,96662700,0.0,0.0,0.0
2018-12-14 00:00:00-05:00,234.47548657224678,235.42958794178887,231.7023828597577,232.25521850585938,116961100,0.0,0.0,0.0
2018-12-17 00:00:00-05:00,231.30108550488026,232.4156821266384,226.06694412299714,227.69871520996094,165492300,0.0,0.0,0.0
2018-12-18 00:00:00-05:00,229.33940067554468,230.0081586162255,225.84401386571423,227.44903564453125,134515100,0.0,0.0,0.0
2018-12-19 00:00:00-05:00,227.52929289696613,231.30108403130993,222.33973813419806,224.04283142089844,214992800,0.0,0.0,0.0
2018-12-20 00:00:00-05:00,222.79450353410618,224.3638507742223,218.1488585473539,220.39588928222656,252053400,0.0,0.0,0.0
2018-12-21 00:00:00-05:00,221.29722391317975,223.9609712201748,215.23427764806652,215.88003540039062,255345600,1.435,0.0,0.0
2018-12-24 00:00:00-05:00,214.391257590333,216.00565237267747,210.11312852383378,210.1759033203125,147311600,0.0,0.0,0.0
2018-12-26 00:00:00-05:00,211.63780135232858,220.79498291015625,209.65568091550543,220.79498291015625,218485400,0.0,0.0,0.0
2018-12-27 00:00:00-05:00,217.55726318862372,222.68742954792995,214.31950984244187,222.49012756347656,186267300,0.0,0.0,0.0
2018-12-28 00:00:00-05:00,223.84444057580092,225.47676328895756,221.03718764346476,222.20314025878906,153100200,0.0,0.0,0.0
2018-12-31 00:00:00-05:00,223.82647408811934,224.3915156531046,221.9519889312692,224.14935302734375,144299400,0.0,0.0,0.0
2019-01-02 00:00:00-05:00,220.61561100863256,225.3063260642124,220.58870557266602,224.3825225830078,126925200,0.0,0.0,0.0
2019-01-03 00:00:00-05:00,222.63364903749596,222.93860018677992,218.54385766036478,219.02818298339844,144140700,0.0,0.0,0.0
2019-01-04 00:00:00-05:00,222.0596066578405,227.0104124077604,221.68291684980105,226.36465454101562,142628800,0.0,0.0,0.0
2019-01-07 00:00:00-05:00,226.6337230013322,229.5575612415073,225.73683859430514,228.1494598388672,103139100,0.0,0.0,0.0
2019-01-08 00:00:00-05:00,230.33782938683666,230.77729392927085,227.80860912598874,230.29296875,102512600,0.0,0.0,0.0
2019-01-09 00:00:00-05:00,231.00150634898134,232.2123055664393,229.77277929990194,231.36923217773438,95006600,0.0,0.0,0.0
2019-01-10 00:00:00-05:00,229.83560729240676,232.43656660303958,229.15396638327567,232.18544006347656,96823900,0.0,0.0,0.0
2019-01-11 00:00:00-05:00,231.10918026804572,232.30205192325036,230.52621084525182,232.275146484375,73858100,0.0,0.0,0.0
2019-01-14 00:00:00-05:00,230.3736917743686,231.66520737629008,229.97011025547886,230.85801696777344,70908200,0.0,0.0,0.0
2019-01-15 00:00:00-05:00,231.23469869075262,233.8177296518354,231.22572108981979,233.50381469726562,85208300,0.0,0.0,0.0
2019-01-16 00:00:00-05:00,233.93432363010817,234.95678488625194,233.72805775511355,234.06887817382812,77636700,0.0,0.0,0.0
2019-01-17 00:00:00-05:00,233.19896404103096,236.70578596770392,233.1541033904232,235.84475708007812,96118400,0.0,0.0,0.0
2019-01-18 00:00:00-05:00,237.65642385123763,239.45019254319757,235.8805829927316,238.98379516601562,127900300,0.0,0.0,0.0
2019-01-22 00:00:00-05:00,237.5129332717554,237.72817676902332,234.14063917061264,235.75502014160156,115531200,0.0,0.0,0.0
2019-01-23 00:00:00-05:00,236.78647293735455,237.4860417151032,233.78190454892763,236.2483367919922,86030300,0.0,0.0,0.0
2019-01-24 00:00:00-05:00,236.0689182013445,236.9568523052835,235.05543452326265,236.3738555908203,59204100,0.0,0.0,0.0
2019-01-25 00:00:00-05:00,238.22147999352148,239.1991081892339,236.47257163299076,238.37396240234375,96883400,0.0,0.0,0.0
2019-01-28 00:00:00-05:00,236.23039774840024,236.62500170748643,234.79537721909938,236.56224060058594,85613700,0.0,0.0,0.0
2019-01-29 00:00:00-05:00,236.70575662116138,237.27077083451346,235.41424082058828,236.2483367919922,66136300,0.0,0.0,0.0
2019-01-30 00:00:00-05:00,237.764071126748,240.83140059178444,237.00171387664844,239.9883270263672,92473700,0.0,0.0,0.0
2019-01-31 00:00:00-05:00,239.92554817971035,242.5803182688337,239.7102773173702,242.0959930419922,104012100,0.0,0.0,0.0
2019-02-01 00:00:00-05:00,242.2933322840041,243.235077392905,241.42335325978183,242.21261596679688,85782500,0.0,0.0,0.0
2019-02-04 00:00:00-05:00,242.25743015243614,243.97946022939053,241.5847668579717,243.9166717529297,60744800,0.0,0.0,0.0
2019-02-05 00:00:00-05:00,244.34714004205938,245.24402426556694,243.8448870665539,244.9390869140625,79552800,0.0,0.0,0.0
2019-02-06 00:00:00-05:00,244.66105631256863,245.1543316898616,243.8807714132307,244.61619567871094,58347800,0.0,0.0,0.0
2019-02-07 00:00:00-05:00,243.0018899662257,243.54897637630074,240.62515150220383,242.28439331054688,95482000,0.0,0.0,0.0
2019-02-08 00:00:00-05:00,241.03772550393722,242.67901220563638,240.2125796655961,242.5803680419922,75788900,0.0,0.0,0.0
2019-02-11 00:00:00-05:00,243.23503672054903,243.49511346448097,242.18567003084087,242.71482849121094,68021400,0.0,0.0,0.0
2019-02-12 00:00:00-05:00,244.32922427545054,246.2126593412285,244.25745820641504,245.8359832763672,72270200,0.0,0.0,0.0
2019-02-13 00:00:00-05:00,246.6701756511055,247.4773663339985,246.2486387853758,246.63429260253906,65277200,0.0,0.0,0.0
2019-02-14 00:00:00-05:00,245.54905251324703,247.2172720192865,244.73288428324176,246.08718872070312,83234400,0.0,0.0,0.0
2019-02-15 00:00:00-05:00,247.86299772149064,248.80474290860056,247.65673179507854,248.76885986328125,97088700,0.0,0.0,0.0
2019-02-19 00:00:00-05:00,247.97056799727545,249.85400303103305,247.96159039611473,249.1992950439453,59120800,0.0,0.0,0.0
2019-02-20 00:00:00-05:00,249.16347821122895,250.15903422884998,248.66122508601669,249.7016143798828,76610800,0.0,0.0,0.0
2019-02-21 00:00:00-05:00,249.06483200487477,249.42358032410993,247.8540324780566,248.81370544433594,64214700,0.0,0.0,0.0
2019-02-22 00:00:00-05:00,249.43253644408577,250.55364207487054,248.79575610960802,250.35635375976562,78114600,0.0,0.0,0.0
2019-02-25 00:00:00-05:00,251.78242414751313,252.30260517349242,250.61645774258326,250.69717407226562,69030700,0.0,0.0,0.0
2019-02-26 00:00:00-05:00,250.34736625046182,251.39670575174057,250.14107296909248,250.5177764892578,56844100,0.0,0.0,0.0
2019-02-27 00:00:00-05:00,249.80019311902595,250.75986584188928,248.86745319974762,250.41009521484375,56921600,0.0,0.0,0.0
2019-02-28 00:00:00-05:00,250.1949132070922,250.63440526064832,249.62092131227217,249.94378662109375,69268300,0.0,0.0,0.0
2019-03-01 00:00:00-05:00,251.52230711011546,251.9169385044712,250.0693585085077,251.50437927246094,78880500,0.0,0.0,0.0
2019-03-04 00:00:00-05:00,252.56258788608164,252.804736758652,248.29341047588179,250.5894317626953,106494600,0.0,0.0,0.0
2019-03-05 00:00:00-05:00,250.71513103403817,250.9124467426673,249.70164704747702,250.2487335205078,59114600,0.0,0.0,0.0
2019-03-06 00:00:00-05:00,250.36526150543068,250.3742391075912,248.41006018612026,248.73292541503906,75039800,0.0,0.0,0.0
2019-03-07 00:00:00-05:00,248.28446927236416,248.42797404516844,245.80908721101667,246.65216064453125,94885100,0.0,0.0,0.0
2019-03-08 00:00:00-05:00,244.7956504825107,246.3293152689879,244.32928040957538,246.15890502929688,85795800,0.0,0.0,0.0
2019-03-11 00:00:00-04:00,246.87648989909653,249.89000933627312,246.84958445307703,249.72857666015625,65098900,0.0,0.0,0.0
2019-03-12 00:00:00-04:00,250.2846342461612,251.19049652304102,250.09629612895037,250.6702880859375,79667500,0.0,0.0,0.0
2019-03-13 00:00:00-04:00,251.55822113330169,253.262296525637,251.39676109155053,252.32952880859375,80639200,0.0,0.0,0.0
2019-03-14 00:00:00-04:00,252.35636785176976,252.77790462896996,251.72856517281116,252.16802978515625,67518400,0.0,0.0,0.0
2019-03-15 00:00:00-04:00,252.72029202601735,254.22467127987898,252.53109685725386,253.41392517089844,81309000,1.233,0.0,0.0
2019-03-18 00:00:00-04:00,253.62996122171012,254.62990188607498,253.40475258006722,254.33261108398438,62199800,0.0,0.0,0.0
2019-03-19 00:00:00-04:00,255.39573887193404,256.16142662656773,253.50397987941622,254.3957977294922,90268100,0.0,0.0,0.0
2019-03-20 00:00:00-04:00,254.1796201095849,255.38673577336675,252.52208692239324,253.63009643554688,84609200,0.0,0.0,0.0
2019-03-21 00:00:00-04:00,252.8103693263995,256.9001407842022,252.765311077745,256.4947814941406,79550400,0.0,0.0,0.0
2019-03-22 00:00:00-04:00,255.13449792626113,255.65697014672995,251.49511671277395,251.5581817626953,122659300,0.0,0.0,0.0
2019-03-25 00:00:00-04:00,251.21583400194012,252.4049427144172,250.1078246259824,251.36898803710938,85575200,0.0,0.0,0.0
2019-03-26 00:00:00-04:00,253.12565436848135,254.19765037243081,251.83746673056106,253.24276733398438,68125900,0.0,0.0,0.0
2019-03-27 00:00:00-04:00,253.23369887450275,253.81926358336898,250.369050339607,251.91848754882812,72224700,0.0,0.0,0.0
2019-03-28 00:00:00-04:00,252.54906468905634,253.32376949182066,251.39599713964742,252.87335205078125,56238500,0.0,0.0,0.0
2019-03-29 00:00:00-04:00,254.38682365205014,254.792182930862,253.26077983651035,254.4678955078125,82186800,0.0,0.0,0.0
2019-04-01 00:00:00-04:00,256.4677058809414,257.78291713150287,256.19743891736897,257.4856262207031,77617900,0.0,0.0,0.0
2019-04-02 00:00:00-04:00,257.674789886447,257.84595069509163,256.81898584322386,257.6117248535156,40070400,0.0,0.0,0.0
2019-04-03 00:00:00-04:00,258.827835584835,259.2242050567065,257.4135184916249,258.01708984375,68243200,0.0,0.0,0.0
2019-04-04 00:00:00-04:00,258.34142325877013,258.95398437326423,257.64779030482515,258.7017517089844,48997500,0.0,0.0,0.0
2019-04-05 00:00:00-04:00,259.3684422022816,260.00802739640625,259.08016838557876,259.9539794921875,58621700,0.0,0.0,0.0
2019-04-08 00:00:00-04:00,259.5304909294682,260.26016486067243,258.8728716804163,260.1520690917969,53566300,0.0,0.0,0.0
2019-04-09 00:00:00-04:00,259.18828491153795,259.5125723627715,258.2694429750699,258.8189392089844,66142300,0.0,0.0,0.0
2019-04-10 00:00:00-04:00,259.233299875117,259.7918407148285,258.8189234377999,259.7017517089844,52601500,0.0,0.0,0.0
2019-04-11 00:00:00-04:00,260.18806020426575,260.19707734799096,259.0620168902903,259.6295471191406,55093100,0.0,0.0,0.0
2019-04-12 00:00:00-04:00,261.2420936009112,261.6654870591576,259.6746498365206,261.38623046875,69727800,0.0,0.0,0.0
2019-04-15 00:00:00-04:00,261.45824231624084,261.55734842408344,260.41327081410356,261.21502685546875,49596700,0.0,0.0,0.0
2019-04-16 00:00:00-04:00,262.09789766267414,262.15194555170166,260.791676198151,261.38623046875,52153200,0.0,0.0,0.0
2019-04-17 00:00:00-04:00,262.5033773189876,262.53040127590526,260.33236114223513,260.74676513671875,58268300,0.0,0.0,0.0
2019-04-18 00:00:00-04:00,261.33221402417837,261.53039880489104,260.0350095488409,261.2601318359375,68708500,0.0,0.0,0.0
2019-04-22 00:00:00-04:00,260.49442470662734,261.63847506502617,260.40433572370114,261.4853210449219,40160100,0.0,0.0,0.0
2019-04-23 00:00:00-04:00,261.85476051695804,264.0708348280471,261.62056206693734,263.83660888671875,52246600,0.0,0.0,0.0
2019-04-24 00:00:00-04:00,263.75547245228483,264.0887769848535,263.1068701892618,263.2510070800781,50392900,0.0,0.0,0.0
2019-04-25 00:00:00-04:00,263.1518406646715,263.7463948938671,261.89969466766917,263.0887756347656,57770900,0.0,0.0,0.0
2019-04-26 00:00:00-04:00,263.1339644968907,264.38611111550864,262.3592319380115,264.3140563964844,50916400,0.0,0.0,0.0
2019-04-29 00:00:00-04:00,264.40410613029644,265.25089328238977,264.3140171264198,264.7283935546875,57197700,0.0,0.0,0.0
2019-04-30 00:00:00-04:00,264.3859925010435,265.1517075672727,262.9717027806485,264.8634338378906,81111700,0.0,0.0,0.0
2019-05-01 00:00:00-04:00,265.4940523837412,265.7012542994581,262.86360248304516,262.87261962890625,71671900,0.0,0.0,0.0
2019-05-02 00:00:00-04:00,262.7555322221292,263.67440146767416,260.8097254266999,262.30511474609375,65030200,0.0,0.0,0.0
2019-05-03 00:00:00-04:00,263.78252536560603,265.1517847417606,262.41323849814745,264.8725280761719,56543700,0.0,0.0,0.0
2019-05-06 00:00:00-04:00,260.5664535046231,264.22384041933424,260.2511558413628,263.7824401855469,107198100,0.0,0.0,0.0
2019-05-07 00:00:00-04:00,261.37726565699415,261.97182004663614,257.46764511719874,259.3774108886719,144729900,0.0,0.0,0.0
2019-05-08 00:00:00-04:00,259.0170593261719,260.72864014867525,258.4225049894771,259.0170593261719,91568300,0.0,0.0,0.0
2019-05-09 00:00:00-04:00,256.9450893542433,258.8368202163099,255.20645750355328,258.2332763671875,103471100,0.0,0.0,0.0
2019-05-10 00:00:00-04:00,257.2964373238889,260.28721552924605,254.3056591185317,259.530517578125,112429300,0.0,0.0,0.0
2019-05-13 00:00:00-04:00,254.41385769260685,255.3777303435396,252.17075962901603,253.00852966308594,127290500,0.0,0.0,0.0
2019-05-14 00:00:00-04:00,254.02643504069349,256.8280459897245,253.90033244501296,255.29661560058594,77003200,0.0,0.0,0.0
2019-05-15 00:00:00-04:00,253.66606386562466,257.4315466698513,253.45886196816204,256.7919616699219,73956400,0.0,0.0,0.0
2019-05-16 00:00:00-04:00,257.4946294219541,260.5304384583781,257.4225747303499,259.1701965332031,76749600,0.0,0.0,0.0
2019-05-17 00:00:00-04:00,256.8640610092583,259.9809418767313,256.84602671792,257.49462890625,100353000,0.0,0.0,0.0
2019-05-20 00:00:00-04:00,255.89117764922898,257.6027585823994,255.0443905838486,255.79209899902344,62877600,0.0,0.0,0.0
2019-05-21 00:00:00-04:00,257.48555607548246,258.47647968936485,257.2333234729753,258.09814453125,46847100,0.0,0.0,0.0
2019-05-22 00:00:00-04:00,257.1433677687246,258.26039439766816,256.82807001308,257.3055114746094,49482500,0.0,0.0,0.0
2019-05-23 00:00:00-04:00,255.08040171698275,255.1254324633682,252.74724273347388,254.16156005859375,98733800,0.0,0.0,0.0
2019-05-24 00:00:00-04:00,255.60287666150055,256.01728049453556,254.11650462748815,254.7380828857422,55268100,0.0,0.0,0.0
2019-05-28 00:00:00-04:00,255.01735333950248,255.97223615216205,252.35088968290407,252.368896484375,70029400,0.0,0.0,0.0
2019-05-29 00:00:00-04:00,251.25187103140019,251.65723025093513,249.27002320934008,250.67532348632812,104972900,0.0,0.0,0.0
2019-05-30 00:00:00-04:00,251.43205531752093,252.2698527997743,250.2609807597185,251.36000061035156,62523800,0.0,0.0,0.0
2019-05-31 00:00:00-04:00,248.81063679481224,249.63938959568011,247.94581540525135,247.97283935546875,86862800,0.0,0.0,0.0
2019-06-03 00:00:00-04:00,248.0088483932753,249.12587484626778,246.0089938617991,247.3422393798828,96428000,0.0,0.0,0.0
2019-06-04 00:00:00-04:00,249.639346792,252.84631662733304,249.18892937140495,252.71119689941406,77231900,0.0,0.0,0.0
2019-06-05 00:00:00-04:00,254.33269242127398,254.92724672430833,252.52203305748088,254.9002227783203,71169700,0.0,0.0,0.0
2019-06-06 00:00:00-04:00,255.1974670522824,257.2333347577995,254.5488649757681,256.5577087402344,69430400,0.0,0.0,0.0
2019-06-07 00:00:00-04:00,257.5757154656133,260.2061654606606,257.4045546359031,259.1251525878906,74272200,0.0,0.0,0.0
2019-06-10 00:00:00-04:00,260.67462905198147,261.98085084610926,260.2242115355655,260.3143005371094,60799100,0.0,0.0,0.0
2019-06-11 00:00:00-04:00,262.1339625158368,262.50330815727335,259.6026184166782,260.251220703125,58641300,0.0,0.0,0.0
2019-06-12 00:00:00-04:00,260.0170178235672,260.5755311039681,259.27832655341695,259.79180908203125,47096300,0.0,0.0,0.0
2019-06-13 00:00:00-04:00,260.70162584014724,261.22412549987916,259.99897568740136,260.86376953125,48945200,0.0,0.0,0.0
2019-06-14 00:00:00-04:00,260.5755615234375,261.1791056260825,259.80984621456577,260.5755615234375,52324700,0.0,0.0,0.0
2019-06-17 00:00:00-04:00,260.80971080142655,261.44030622903506,260.50343023385363,260.6745910644531,39205700,0.0,0.0,0.0
2019-06-18 00:00:00-04:00,262.4942588214182,264.4580720370348,262.1339029176426,263.4040832519531,85434800,0.0,0.0,0.0
2019-06-19 00:00:00-04:00,263.53931405223796,264.5302382227046,262.5664241793389,263.9987487792969,78674400,0.0,0.0,0.0
2019-06-20 00:00:00-04:00,266.6831978027144,266.9264133528406,264.0617646861457,266.5210266113281,116570000,0.0,0.0,0.0
2019-06-21 00:00:00-04:00,266.2513495642616,267.5095862098621,265.91642385913804,266.1336669921875,83309500,1.432,0.0,0.0
2019-06-24 00:00:00-04:00,266.34178300435536,266.6585865868795,265.65380982514523,265.8077087402344,47582700,0.0,0.0,0.0
2019-06-25 00:00:00-04:00,265.8619907313997,265.8891461105345,263.09203155963263,263.2006530761719,82028700,0.0,0.0,0.0
2019-06-26 00:00:00-04:00,264.09681645673555,264.6037352997455,262.82951934921067,262.9381408691406,51584900,0.0,0.0,0.0
2019-06-27 00:00:00-04:00,263.69855113116637,264.3774633381139,263.3183757652805,263.87054443359375,40355200,0.0,0.0,0.0
2019-06-28 00:00:00-04:00,264.8481905283756,265.7262515028233,264.3322381980387,265.2283935546875,59350900,0.0,0.0,0.0
2019-07-01 00:00:00-04:00,268.5595104437303,268.7767810963938,266.43224704788133,267.6361999511719,78705600,0.0,0.0,0.0
2019-07-02 00:00:00-04:00,267.59102884896026,268.38762376676675,266.74918415742064,268.33331298828125,61504500,0.0,0.0,0.0
2019-07-03 00:00:00-04:00,269.01213090582485,270.4966986632992,268.867293005705,270.47857666015625,40898900,0.0,0.0,0.0
2019-07-05 00:00:00-04:00,269.2475267615392,270.333797324257,267.95307413888946,270.17083740234375,51677300,0.0,0.0,0.0
2019-07-08 00:00:00-04:00,268.8583031221058,269.9898235013948,268.1431745073926,268.6863098144531,45841800,0.0,0.0,0.0
2019-07-09 00:00:00-04:00,267.5276691801684,269.31998001630495,267.47335840483174,269.0212707519531,41101300,0.0,0.0,0.0
2019-07-10 00:00:00-04:00,270.08936704826425,271.2571037412516,269.55529277783,270.3066101074219,58448500,0.0,0.0,0.0
2019-07-11 00:00:00-04:00,270.94927706503216,271.1846144550714,269.9354395002428,270.9402160644531,50826100,0.0,0.0,0.0
2019-07-12 00:00:00-04:00,271.42912776574457,272.225722572846,271.12135752209366,272.1532897949219,40326000,0.0,0.0,0.0
2019-07-15 00:00:00-04:00,272.587791549062,272.587791549062,271.7368860086016,272.2438049316406,33900000,0.0,0.0,0.0
2019-07-16 00:00:00-04:00,272.15328696925974,272.3614966723665,271.0579829333727,271.3657531738281,36650100,0.0,0.0,0.0
2019-07-17 00:00:00-04:00,271.3386284093714,271.50156073888,269.5191345214844,269.5191345214844,36036300,0.0,0.0,0.0
2019-07-18 00:00:00-04:00,269.02125784351875,270.8860013739702,268.57771065788086,270.50579833984375,51392600,0.0,0.0,0.0
2019-07-19 00:00:00-04:00,271.6010788909573,271.6282342722078,268.8311195033801,269.00311279296875,58678600,0.0,0.0,0.0
2019-07-22 00:00:00-04:00,269.401450445639,270.20710633424665,268.8854980717697,269.6639709472656,43638100,0.0,0.0,0.0
2019-07-23 00:00:00-04:00,270.7863824595344,271.5920104980469,269.9535714155049,271.5920104980469,44564500,0.0,0.0,0.0
2019-07-24 00:00:00-04:00,270.8316412045889,272.8683776855469,270.7411140582117,272.8683776855469,47213200,0.0,0.0,0.0
2019-07-25 00:00:00-04:00,272.41578587292383,272.4700966389974,270.75922463265556,271.56488037109375,55394100,0.0,0.0,0.0
2019-07-26 00:00:00-04:00,272.25287897362153,273.5835481165805,272.126135424287,273.3843994140625,45084100,0.0,0.0,0.0
2019-07-29 00:00:00-04:00,273.2666775777019,273.384360106589,272.3343059738363,272.886474609375,38126500,0.0,0.0,0.0
2019-07-30 00:00:00-04:00,271.4834517363673,272.6240332315374,271.10324869630654,272.2166748046875,45849000,0.0,0.0,0.0
2019-07-31 00:00:00-04:00,272.46103201638994,272.6511473201297,267.21984978486825,269.23846435546875,104245200,0.0,0.0,0.0
2019-08-01 00:00:00-04:00,269.3923878679063,272.35243534985585,266.0973871356964,266.89398193359375,142646600,0.0,0.0,0.0
2019-08-02 00:00:00-04:00,265.99779480478156,266.24219324196565,263.32739587533223,264.8843688964844,116749700,0.0,0.0,0.0
2019-08-05 00:00:00-04:00,260.7837200874932,260.89234160663744,255.01749757121055,256.91845703125,178745400,0.0,0.0,0.0
2019-08-06 00:00:00-04:00,258.81039579143163,260.73851093150165,257.33488880161246,260.521240234375,120711700,0.0,0.0,0.0
2019-08-07 00:00:00-04:00,257.44354168218393,261.4446103725473,255.3072442129039,260.6751708984375,140572300,0.0,0.0,0.0
2019-08-08 00:00:00-04:00,262.1687465315291,265.78961181640625,261.61657783559,265.78961181640625,87713900,0.0,0.0,0.0
2019-08-09 00:00:00-04:00,264.8482175889276,265.4456637627405,262.19594001239,263.9792175292969,93730000,0.0,0.0,0.0
2019-08-12 00:00:00-04:00,262.47653060747723,263.97013209125237,259.8151922727457,260.76568603515625,65527600,0.0,0.0,0.0
2019-08-13 00:00:00-04:00,260.46686623080353,266.26930462331774,260.1228797001237,264.8209533691406,94299800,0.0,0.0,0.0
2019-08-14 00:00:00-04:00,260.7656699423151,261.3721494020812,256.8641898428909,256.99090576171875,135622100,0.0,0.0,0.0
2019-08-15 00:00:00-04:00,257.8780400292399,258.5660133001021,255.62406014182483,257.6698303222656,99556600,0.0,0.0,0.0
2019-08-16 00:00:00-04:00,259.32641272187715,261.906257446476,257.7241619613219,261.4717712402344,83018300,0.0,0.0,0.0
2019-08-19 00:00:00-04:00,264.49523228716237,265.3008606709423,263.8163198584075,264.6219482421875,53571800,0.0,0.0,0.0
2019-08-20 00:00:00-04:00,264.114872519348,264.64894666486117,262.4674003310705,262.5941162109375,51596400,0.0,0.0,0.0
2019-08-21 00:00:00-04:00,264.7576851703663,265.1016441746903,264.06971191169754,264.73052978515625,49524700,0.0,0.0,0.0
2019-08-22 00:00:00-04:00,265.4366399163249,266.07027488099453,262.874861793045,264.6490783691406,51666400,0.0,0.0,0.0
2019-08-23 00:00:00-04:00,263.34549882867196,265.01109325696694,256.6016273506525,257.850830078125,149161500,0.0,0.0,0.0
2019-08-26 00:00:00-04:00,260.0414527243702,260.7022705078125,258.5116351075703,260.7022705078125,72423800,0.0,0.0,0.0
2019-08-27 00:00:00-04:00,262.0962910754054,262.4674330108714,258.91897355776075,259.6793518066406,66668900,0.0,0.0,0.0
2019-08-28 00:00:00-04:00,259.0186201208558,261.67089740118485,258.21296430788306,261.5079650878906,59696700,0.0,0.0,0.0
2019-08-29 00:00:00-04:00,264.0697022845135,265.37321597709513,263.0648978183525,264.8481750488281,57899400,0.0,0.0,0.0
2019-08-30 00:00:00-04:00,266.33275276257075,266.35084714437403,263.7981580595969,264.73052978515625,62901200,0.0,0.0,0.0
2019-09-03 00:00:00-04:00,263.0287153639879,263.9429650713282,261.8519175612082,263.1825866699219,69101400,0.0,0.0,0.0
2019-09-04 00:00:00-04:00,265.35517153491077,266.1879552243926,264.60382638840616,266.16986083984375,46887300,0.0,0.0,0.0
2019-09-05 00:00:00-04:00,268.6592113668234,270.5058331271677,266.1336496100099,269.5915832519531,83258100,0.0,0.0,0.0
2019-09-06 00:00:00-04:00,269.90836229817734,270.4424366119935,269.2294500581553,269.7997131347656,49584300,0.0,0.0,0.0
2019-09-09 00:00:00-04:00,270.7864219040724,270.8769214356232,268.99408365421084,269.9355163574219,51260300,0.0,0.0,0.0
2019-09-10 00:00:00-04:00,269.1750971388404,269.93550311664103,267.9168608869009,269.87213134765625,57947100,0.0,0.0,0.0
2019-09-11 00:00:00-04:00,270.17985412055356,271.8726038304123,269.52809741475204,271.7911376953125,68821100,0.0,0.0,0.0
2019-09-12 00:00:00-04:00,272.69644962340993,273.7917537690513,271.936071136972,272.732666015625,72908700,0.0,0.0,0.0
2019-09-13 00:00:00-04:00,273.1761455816851,273.5291931620798,272.180402229938,272.5515441894531,62104800,0.0,0.0,0.0
2019-09-16 00:00:00-04:00,271.42010193281993,272.5968999139856,271.06708187598014,271.70977783203125,58191200,0.0,0.0,0.0
2019-09-17 00:00:00-04:00,271.51064398271427,272.48826566485656,271.338650634696,272.39776611328125,41475500,0.0,0.0,0.0
2019-09-18 00:00:00-04:00,272.00841165390426,272.6692294359746,269.97167516979073,272.56060791015625,73375800,0.0,0.0,0.0
2019-09-19 00:00:00-04:00,272.9498693706403,273.9456128239517,272.20758537589813,272.5425109863281,76560500,0.0,0.0,0.0
2019-09-20 00:00:00-04:00,273.1463852597346,273.4283237750673,270.4636815896256,271.2548522949219,89565000,1.384,0.0,0.0
2019-09-23 00:00:00-04:00,270.59092655135265,271.9095626216198,270.33629663291384,271.1911315917969,43476800,0.0,0.0,0.0
2019-09-24 00:00:00-04:00,272.2824122840167,272.67344612254635,268.09918278912005,269.0631408691406,94869400,0.0,0.0,0.0
2019-09-25 00:00:00-04:00,269.1449700706574,271.1001669203276,267.66264939196464,270.6545715332031,71854000,0.0,0.0,0.0
2019-09-26 00:00:00-04:00,270.66377525710146,270.87291876039774,268.6812968846937,270.0908508300781,56179700,0.0,0.0,0.0
2019-09-27 00:00:00-04:00,270.845661505735,270.95481244389225,267.0807728407255,268.6358337402344,84746600,0.0,0.0,0.0
2019-09-30 00:00:00-04:00,269.1541161265272,270.5909505610847,269.1086573970001,269.8816223144531,51662400,0.0,0.0,0.0
2019-10-01 00:00:00-04:00,270.7637014319603,271.41846801336465,266.45317096005283,266.6714172363281,88242400,0.0,0.0,0.0
2019-10-02 00:00:00-04:00,265.08904970256856,265.09815254736196,260.6693965347672,261.9607238769531,122539500,0.0,0.0,0.0
2019-10-03 00:00:00-04:00,261.73345487523494,264.1342754190595,259.0143676971502,264.10699462890625,85278800,0.0,0.0,0.0
2019-10-04 00:00:00-04:00,264.7616621869322,267.93544651398554,264.7070728744863,267.6808166503906,65091200,0.0,0.0,0.0
2019-10-07 00:00:00-04:00,266.8805262575859,268.5083533625276,266.24393776328617,266.5258483886719,59610500,0.0,0.0,0.0
2019-10-08 00:00:00-04:00,264.67077779882845,265.40738677887896,262.35179996128653,262.38818359375,95708100,0.0,0.0,0.0
2019-10-09 00:00:00-04:00,264.40709805869136,265.8166518828195,263.77961209760576,264.8799743652344,62359400,0.0,0.0,0.0
2019-10-10 00:00:00-04:00,264.79806269142273,267.553532939712,264.63437798421626,266.6714172363281,55296300,0.0,0.0,0.0
2019-10-11 00:00:00-04:00,269.4269017924842,271.6731123470301,269.3087035549438,269.4360046386719,98720400,0.0,0.0,0.0
2019-10-14 00:00:00-04:00,269.11768908445055,269.7906613399473,268.790319678461,269.1358947753906,40394800,0.0,0.0,0.0
2019-10-15 00:00:00-04:00,270.1817208062417,272.54615738895194,270.06349481421915,271.8004455566406,46754500,0.0,0.0,0.0
2019-10-16 00:00:00-04:00,271.3365803040101,272.0550111800969,270.92736860439646,271.3638610839844,48928200,0.0,0.0,0.0
2019-10-17 00:00:00-04:00,272.5279681797132,273.0372280587811,271.4730647866204,272.1642150878906,45736600,0.0,0.0,0.0
2019-10-18 00:00:00-04:00,271.6277282217836,272.2733921690983,270.11812622676183,270.97296142578125,64304000,0.0,0.0,0.0
2019-10-21 00:00:00-04:00,272.29151006181155,273.009913309205,271.85498975437696,272.8098449707031,39048600,0.0,0.0,0.0
2019-10-22 00:00:00-04:00,273.34643282027804,273.6374464088708,271.82775595636684,271.918701171875,48594700,0.0,0.0,0.0
2019-10-23 00:00:00-04:00,271.6640383966591,272.76440043938345,271.45486720152144,272.7098388671875,34352200,0.0,0.0,0.0
2019-10-24 00:00:00-04:00,273.64650791287386,273.79201468518664,272.3278718686874,273.1554260253906,35453100,0.0,0.0,0.0
2019-10-25 00:00:00-04:00,272.58249491439386,274.81963026068695,272.52793334522363,274.27398681640625,45205400,0.0,0.0,0.0
2019-10-28 00:00:00-04:00,275.4925768715583,276.32013101368767,275.4652960867663,275.8199462890625,42147000,0.0,0.0,0.0
2019-10-29 00:00:00-04:00,275.54713265499714,276.66570031313864,275.4198038269224,275.73809814453125,44284900,0.0,0.0,0.0
2019-10-30 00:00:00-04:00,275.93823170639735,276.9567515614426,274.62869824917215,276.58392333984375,49643900,0.0,0.0,0.0
2019-10-31 00:00:00-04:00,276.57476285774817,276.57476285774817,274.39221680138,275.84722900390625,69053800,0.0,0.0,0.0
2019-11-01 00:00:00-04:00,277.29321451712957,278.4481381708568,277.1295020424609,278.4026794433594,71141500,0.0,0.0,0.0
2019-11-04 00:00:00-05:00,279.95779117686374,280.0941951369652,279.1484147592851,279.5212707519531,60606900,0.0,0.0,0.0
2019-11-05 00:00:00-05:00,279.7212042873273,280.0213206074468,278.92093110377215,279.2119445800781,42933200,0.0,0.0,0.0
2019-11-06 00:00:00-05:00,279.2120008688192,279.5484731268798,278.3298851708271,279.2756652832031,46487100,0.0,0.0,0.0
2019-11-07 00:00:00-05:00,280.6125210197655,281.59465715586936,279.78496676724404,280.2578430175781,54272300,0.0,0.0,0.0
2019-11-08 00:00:00-05:00,279.9123100228309,281.0035972296116,279.212084512575,280.94903564453125,49032100,0.0,0.0,0.0
2019-11-11 00:00:00-05:00,279.5666824717528,280.585202104894,279.4302507955533,280.41241455078125,35797300,0.0,0.0,0.0
2019-11-12 00:00:00-05:00,280.7761908966361,281.9038337622453,280.2305474042965,281.0035400390625,46484600,0.0,0.0,0.0
2019-11-13 00:00:00-05:00,280.0122678945048,281.49458856771133,279.78491877904554,281.0944519042969,53917700,0.0,0.0,0.0
2019-11-14 00:00:00-05:00,280.81250923128596,281.58550168630387,280.175920679489,281.5036315917969,51219900,0.0,0.0,0.0
2019-11-15 00:00:00-05:00,282.8405487883665,283.58626073546037,282.1494261750997,283.5408020019531,62023600,0.0,0.0,0.0
2019-11-18 00:00:00-05:00,283.3043434773983,283.9863909798559,282.84964514242654,283.74993896484375,49228000,0.0,0.0,0.0
2019-11-19 00:00:00-05:00,284.35016889984007,284.3592717481603,283.02245741663603,283.6681213378906,67804700,0.0,0.0,0.0
2019-11-20 00:00:00-05:00,283.07699087413437,283.5953536303308,281.05812918125986,282.6131896972656,79406200,0.0,0.0,0.0
2019-11-21 00:00:00-05:00,282.72232699674834,282.83145015014986,281.3582320740642,282.1584777832031,54664700,0.0,0.0,0.0
2019-11-22 00:00:00-05:00,282.9041451712369,283.0405490915344,281.77650242667397,282.7859191894531,44850200,0.0,0.0,0.0
2019-11-25 00:00:00-05:00,283.7135229082867,284.9775695800781,283.7135229082867,284.9775695800781,48647200,0.0,0.0,0.0
2019-11-26 00:00:00-05:00,285.0139498893716,285.80512037479554,284.69565557558855,285.62322998046875,37569000,0.0,0.0,0.0
2019-11-27 00:00:00-05:00,286.1051641905956,286.8963623046875,285.8869179536452,286.8963623046875,44444600,0.0,0.0,0.0
2019-11-29 00:00:00-05:00,286.33255440999926,286.5781092144215,285.605048347259,285.8323974609375,36592700,0.0,0.0,0.0
2019-12-02 00:00:00-05:00,286.08709192303365,286.15075634985016,282.976970887455,283.4043884277344,75767800,0.0,0.0,0.0
2019-12-03 00:00:00-05:00,280.6851804198968,281.58550168630387,279.3029079463006,281.5036315917969,73941700,0.0,0.0,0.0
2019-12-04 00:00:00-05:00,282.54950862310733,283.84083613438696,282.2039335066136,283.2406311035156,49080000,0.0,0.0,0.0
2019-12-05 00:00:00-05:00,283.9409322473923,283.95911018986095,282.44040553991834,283.74993896484375,40709000,0.0,0.0,0.0
2019-12-06 00:00:00-05:00,285.6596274218507,286.7418114894914,285.6505245759209,286.3416748046875,48927000,0.0,0.0,0.0
2019-12-09 00:00:00-05:00,285.95066612044394,286.62361071654885,285.3686389813186,285.44140625,34838500,0.0,0.0,0.0
2019-12-10 00:00:00-05:00,285.3868712342311,286.0507130453857,284.4683717115734,285.1231384277344,52649800,0.0,0.0,0.0
2019-12-11 00:00:00-05:00,285.5778171170683,286.1871250585876,285.04127644599606,285.9324951171875,53429100,0.0,0.0,0.0
2019-12-12 00:00:00-05:00,285.9415905269858,289.1790404773349,285.7051662626912,288.39697265625,96389600,0.0,0.0,0.0
2019-12-13 00:00:00-05:00,288.1604930993886,289.79742361331523,287.38750044719393,288.5697326660156,81503900,0.0,0.0,0.0
2019-12-16 00:00:00-05:00,290.29758563663097,291.14331781947243,288.5060732129594,290.5522155761719,82749700,0.0,0.0,0.0
2019-12-17 00:00:00-05:00,290.9341696015044,291.2342582653961,290.53403288126106,290.6158752441406,61097700,0.0,0.0,0.0
2019-12-18 00:00:00-05:00,291.0069502235654,291.2342994034276,290.57953265532115,290.63409423828125,48133000,0.0,0.0,0.0
2019-12-19 00:00:00-05:00,290.8249757300014,291.89808464078646,290.5703458322475,291.8253173828125,85310500,0.0,0.0,0.0
2019-12-20 00:00:00-05:00,292.85803523538505,294.237984386414,291.8802179923732,293.10479736328125,147142100,1.57,0.0,0.0
2019-12-23 00:00:00-05:00,293.8906778189208,293.9455076437393,293.40632910700657,293.55255126953125,52990000,0.0,0.0,0.0
2019-12-24 00:00:00-05:00,293.7809647672198,293.8266469832561,293.26005363710664,293.5616455078125,20270000,0.0,0.0,0.0
2019-12-26 00:00:00-05:00,293.9455230924072,295.13356776697475,293.9364033804754,295.1244201660156,30911200,0.0,0.0,0.0
2019-12-27 00:00:00-05:00,295.8554774530982,295.91030727604016,294.52123861313635,295.05126953125,42528800,0.0,0.0,0.0
2019-12-30 00:00:00-05:00,295.13348547956235,295.27056001059447,292.9401814269704,293.4245300292969,49729100,0.0,0.0,0.0
2019-12-31 00:00:00-05:00,292.922019374624,294.3842133054212,292.5747451785438,294.137451171875,57077300,0.0,0.0,0.0
2020-01-02 00:00:00-05:00,295.6727822642302,296.90650931546975,294.7497669040605,296.8882141113281,59151200,0.0,0.0,0.0
2020-01-03 00:00:00-05:00,293.49771070903796,295.76411231173057,293.442880886225,294.6400451660156,77709700,0.0,0.0,0.0
2020-01-06 00:00:00-05:00,292.8854243272233,295.8463743777095,292.76661707449347,295.7641296386719,55653900,0.0,0.0,0.0
2020-01-07 00:00:00-05:00,295.19755772617054,295.67278681667864,294.4847419794395,294.93255615234375,40496400,0.0,0.0,0.0
2020-01-08 00:00:00-05:00,295.12441496646585,297.7197956916485,294.87768074616207,296.5043640136719,68296000,0.0,0.0,0.0
2020-01-09 00:00:00-05:00,298.0670453650865,298.58795656529105,297.4821567426061,298.51483154296875,48473300,0.0,0.0,0.0
2020-01-10 00:00:00-05:00,299.09981058166176,299.25515249526273,297.1898301592266,297.6558837890625,53029300,0.0,0.0,0.0
2020-01-13 00:00:00-05:00,298.2773104255387,299.71206160755526,297.84779146443003,299.70294189453125,47086800,0.0,0.0,0.0
2020-01-14 00:00:00-05:00,299.26430003143014,300.3152424603211,298.688558835081,299.24603271484375,62832800,0.0,0.0,0.0
2020-01-15 00:00:00-05:00,299.1545652539482,300.6807085322573,299.07232051640693,299.9222106933594,72056600,0.0,0.0,0.0
2020-01-16 00:00:00-05:00,301.30219453828755,302.4171142578125,301.0737276112458,302.4171142578125,54050300,0.0,0.0,0.0
2020-01-17 00:00:00-05:00,303.1299620038811,303.5686007011989,302.3531687920046,303.3584289550781,95846000,0.0,0.0,0.0
2020-01-21 00:00:00-05:00,302.39877129641013,303.5685206625626,302.32567416247394,302.7643127441406,77742400,0.0,0.0,0.0
2020-01-22 00:00:00-05:00,303.62337862619233,304.27224473675494,302.6455614379162,302.8009033203125,48914900,0.0,0.0,0.0
2020-01-23 00:00:00-05:00,302.15208091700214,303.5594449783584,301.03716121185505,303.148193359375,51963000,0.0,0.0,0.0
2020-01-24 00:00:00-05:00,303.80614634423307,303.88839108132504,299.1636833310754,300.4522399902344,87578400,0.0,0.0,0.0
2020-01-27 00:00:00-05:00,295.2066810180619,297.1166611579254,294.8685544324489,295.6361999511719,84062500,0.0,0.0,0.0
2020-01-28 00:00:00-05:00,297.0618289224419,299.61152758511525,295.72758990467884,298.7342224121094,63834000,0.0,0.0,0.0
2020-01-29 00:00:00-05:00,300.0958426351734,300.32430953188833,298.2863747731424,298.4874267578125,53888900,0.0,0.0,0.0
2020-01-30 00:00:00-05:00,296.42212914324796,299.6663763797536,295.6727787860852,299.4561767578125,75491800,0.0,0.0,0.0
2020-01-31 00:00:00-05:00,298.834687651797,298.99005740584477,293.10474817632047,294.01861572265625,113845600,0.0,0.0,0.0
2020-02-03 00:00:00-05:00,295.49906033977834,298.0670257718115,295.38025310308274,296.2027282714844,69083000,0.0,0.0,0.0
2020-02-04 00:00:00-05:00,299.8126259633462,301.58553178633565,299.4927666447389,300.71734619140625,62573200,0.0,0.0,0.0
2020-02-05 00:00:00-05:00,303.6507628947107,304.4001409842499,302.1885971158361,304.18994140625,65951100,0.0,0.0,0.0
2020-02-06 00:00:00-05:00,305.1495235533158,305.4054053572776,304.1351160486289,305.2135009765625,50359700,0.0,0.0,0.0
2020-02-07 00:00:00-05:00,304.15341594950706,305.22262540475447,303.038496381652,303.5868225097656,64139400,0.0,0.0,0.0
2020-02-10 00:00:00-05:00,302.700414075177,305.91721840038207,302.6638515575527,305.8532409667969,42070000,0.0,0.0,0.0
2020-02-11 00:00:00-05:00,307.2056843530726,307.9915969708209,305.85315049136426,306.3832092285156,54864500,0.0,0.0,0.0
2020-02-12 00:00:00-05:00,307.818154163486,308.567532636318,307.45261253179973,308.35736083984375,43992700,0.0,0.0,0.0
2020-02-13 00:00:00-05:00,306.9315156031581,308.9968650133152,306.65736651730623,308.0281677246094,54501900,0.0,0.0,0.0
2020-02-14 00:00:00-05:00,308.43939224433404,308.64044418603436,307.2422281925336,308.5216369628906,64582200,0.0,0.0,0.0
2020-02-18 00:00:00-05:00,307.52557156291806,308.58566124480814,306.33752704004746,307.72662353515625,57226200,0.0,0.0,0.0
2020-02-19 00:00:00-05:00,308.69529055743817,309.8741594756721,308.41199388198464,309.1979064941406,48814700,0.0,0.0,0.0
2020-02-20 00:00:00-05:00,308.64970037102154,309.4722036983125,304.9393993518931,307.9277648925781,74163400,0.0,0.0,0.0
2020-02-21 00:00:00-05:00,306.5751794829659,306.8858911350751,303.93408860649663,304.756591796875,113788200,0.0,0.0,0.0
2020-02-24 00:00:00-05:00,295.3071862193686,304.82967088286625,293.5708154883239,294.6492004394531,161088400,0.0,0.0,0.0
2020-02-25 00:00:00-05:00,296.0383395057608,296.65061531833436,284.8434588747355,285.72076416015625,218913200,0.0,0.0,0.0
2020-02-26 00:00:00-05:00,287.1188970838777,290.71038982346295,283.938655892988,284.66973876953125,194773800,0.0,0.0,0.0
2020-02-27 00:00:00-05:00,279.1500278323521,284.7246265399028,271.8847961425781,271.8847961425781,284353500,0.0,0.0,0.0
2020-02-28 00:00:00-05:00,263.833654100991,272.23210170332254,260.94582840686195,270.74249267578125,384975800,0.0,0.0,0.0
2020-03-02 00:00:00-05:00,272.5244912250123,282.53135414421934,269.0974871963839,282.4673767089844,238703600,0.0,0.0,0.0
2020-03-03 00:00:00-05:00,282.84206278668677,286.8082453931347,271.9396274475978,274.379638671875,300139100,0.0,0.0,0.0
2020-03-04 00:00:00-05:00,279.753168952443,286.1319753809504,277.20347032348707,285.9126281738281,176613400,0.0,0.0,0.0
2020-03-05 00:00:00-05:00,278.71147351667855,281.90086392176016,274.1695484274833,276.40850830078125,186366800,0.0,0.0,0.0
2020-03-06 00:00:00-05:00,267.9002530665259,273.045331573346,265.2317755742254,271.8390197753906,228667200,0.0,0.0,0.0
2020-03-09 00:00:00-04:00,251.5878180534564,259.71211695297416,249.89718477428536,250.61000061035156,309417300,0.0,0.0,0.0
2020-03-10 00:00:00-04:00,260.123369795359,263.6691537844827,249.94286810623316,263.5777893066406,276444100,0.0,0.0,0.0
2020-03-11 00:00:00-04:00,256.52265940769087,257.65584636432993,247.54847242990883,250.7287139892578,255316300,0.0,0.0,0.0
2020-03-12 00:00:00-04:00,233.95006819438237,243.69189859947164,226.3466842846998,226.73965454101562,392220700,0.0,0.0,0.0
2020-03-13 00:00:00-04:00,240.4294577708272,248.09682141327602,227.1144121941133,246.12286376953125,329566100,0.0,0.0,0.0
2020-03-16 00:00:00-04:00,220.40662450326886,234.7726271214884,216.91565683455985,219.19119262695312,297240000,0.0,0.0,0.0
2020-03-17 00:00:00-04:00,223.93409020398957,234.10545407376924,216.65057892329938,231.0257110595703,262070500,0.0,0.0,0.0
2020-03-18 00:00:00-04:00,215.9012131690979,226.977283642767,208.38008698094055,219.32821655273438,327597100,0.0,0.0,0.0
2020-03-19 00:00:00-04:00,218.6428280834812,226.07257629627384,212.21833983048688,219.79429626464844,289322000,0.0,0.0,0.0
2020-03-20 00:00:00-04:00,222.94359769257548,224.7269281094163,210.0466430097641,210.32241821289062,347158800,1.406,0.0,0.0
2020-03-23 00:00:00-04:00,209.761700043424,211.13136077030381,200.63362552870024,204.9448699951172,326025200,0.0,0.0,0.0
2020-03-24 00:00:00-04:00,215.48859069772814,224.38685570948732,214.91866545634184,223.51356506347656,235494500,0.0,0.0,0.0
2020-03-25 00:00:00-04:00,225.0946467428511,235.6475485646317,220.38813506232896,226.85958862304688,299430300,0.0,0.0,0.0
2020-03-26 00:00:00-04:00,229.36911860691484,241.57662927963491,228.93707402575518,240.10586547851562,257632800,0.0,0.0,0.0
2020-03-27 00:00:00-04:00,232.8162514936,239.74732482858482,230.77553465466747,232.95413208007812,224341200,0.0,0.0,0.0
2020-03-30 00:00:00-04:00,235.05004716701424,241.2365384930664,233.0552948085847,240.51953125,171369500,0.0,0.0,0.0
2020-03-31 00:00:00-04:00,239.5175603608972,242.0638491887975,235.52805566114748,236.9344940185547,194881100,0.0,0.0,0.0
2020-04-01 00:00:00-04:00,227.95348423990177,236.85174851191033,224.20297754937033,226.27127075195312,189554600,0.0,0.0,0.0
2020-04-02 00:00:00-04:00,225.38879163266066,232.27390045217555,224.83724120524906,231.4925537109375,177660400,0.0,0.0,0.0
2020-04-03 00:00:00-04:00,230.50897330571124,232.86224312191504,225.41638201331432,228.1465301513672,135561200,0.0,0.0,0.0
2020-04-06 00:00:00-04:00,237.01724073694356,245.43749680260197,228.12817652469008,243.47030639648438,188061200,0.0,0.0,0.0
2020-04-07 00:00:00-04:00,252.06520642083692,252.8189911912203,243.49789687410166,243.718505859375,201427200,0.0,0.0,0.0
2020-04-08 00:00:00-04:00,246.31991721822396,253.7106259149399,243.82878088383262,251.89971923828125,153774500,0.0,0.0,0.0
2020-04-09 00:00:00-04:00,255.16298750375503,258.4906645715918,253.2234018277766,255.73294067382812,189999200,0.0,0.0,0.0
2020-04-13 00:00:00-04:00,254.75854323137895,255.0986580184009,249.49128056839425,253.39805603027344,114839100,0.0,0.0,0.0
2020-04-14 00:00:00-04:00,258.2884851590157,261.89189610685975,253.26023306323893,260.8715515136719,134143400,0.0,0.0,0.0
2020-04-15 00:00:00-04:00,255.1538941002778,261.0094585224513,253.21427976364757,255.32855224609375,121775000,0.0,0.0,0.0
2020-04-16 00:00:00-04:00,256.6062535871755,257.4151905782351,253.49003955687044,256.560302734375,131798300,0.0,0.0,0.0
2020-04-17 00:00:00-04:00,262.3330800222529,264.098007563754,259.5937309187142,263.4913330078125,146684800,0.0,0.0,0.0
2020-04-20 00:00:00-04:00,259.7868595128614,263.6293107862759,258.62863415329286,258.8492431640625,100109300,0.0,0.0,0.0
2020-04-21 00:00:00-04:00,254.38170360611178,255.5859076947366,250.05205605846757,250.9897003173828,126385700,0.0,0.0,0.0
2020-04-22 00:00:00-04:00,255.87087162422512,258.30685593614993,254.5471616484955,256.560302734375,92951600,0.0,0.0,0.0
2020-04-23 00:00:00-04:00,257.8379731481398,261.00936672997125,256.2385023258337,256.5418395996094,104709700,0.0,0.0,0.0
2020-04-24 00:00:00-04:00,258.0586753592096,260.78882372538203,256.00875672334155,260.1177673339844,85063200,0.0,0.0,0.0
2020-04-27 00:00:00-04:00,262.09421722871934,264.98982328481156,261.6345963292433,263.86834716796875,77896600,0.0,0.0,0.0
2020-04-28 00:00:00-04:00,267.5175817476273,267.866897915382,262.3514503479287,262.6548156738281,105270000,0.0,0.0,0.0
2020-04-29 00:00:00-04:00,267.98647324976343,271.06593788395355,266.9569272587203,269.5307922363281,118745600,0.0,0.0,0.0
2020-04-30 00:00:00-04:00,268.1519504463422,269.63194396115506,265.28392123731965,267.02130126953125,122901700,0.0,0.0,0.0
2020-05-01 00:00:00-04:00,262.26881020124006,267.1867582133852,258.78487679464763,259.95233154296875,125180000,0.0,0.0,0.0
2020-05-04 00:00:00-04:00,258.06784244223917,260.9726488665371,256.58787713450204,260.6693115234375,80873200,0.0,0.0,0.0
2020-05-05 00:00:00-04:00,263.4913676039255,265.8905741855777,260.79796898937275,263.07769775390625,79569900,0.0,0.0,0.0
2020-05-06 00:00:00-04:00,264.7783672298479,265.1644330051455,260.8623889050886,261.29443359375,73632600,0.0,0.0,0.0
2020-05-07 00:00:00-04:00,264.511680282958,266.3777389730855,263.9417551736114,264.44732666015625,75250400,0.0,0.0,0.0
2020-05-08 00:00:00-04:00,267.58192522789057,269.2917284965723,266.45124842032664,268.8229064941406,76452400,0.0,0.0,0.0
2020-05-11 00:00:00-04:00,266.89254797828886,270.2569749098558,266.4697047839562,268.87811279296875,79514200,0.0,0.0,0.0
2020-05-12 00:00:00-04:00,270.0639458677684,270.47758767684087,263.3810427599695,263.5189514160156,95870800,0.0,0.0,0.0
2020-05-13 00:00:00-04:00,262.95823845859854,263.9969859100772,256.43161777077114,258.8584289550781,144721100,0.0,0.0,0.0
2020-05-14 00:00:00-04:00,256.42238447612806,262.08488647615417,250.94368586031882,261.9562072753906,121977900,0.0,0.0,0.0
2020-05-15 00:00:00-04:00,259.56619361268525,263.2063817576998,258.61937607827673,263.1604309082031,111146300,0.0,0.0,0.0
2020-05-18 00:00:00-04:00,269.3837068905075,272.78491161799025,269.06199481206295,271.1762390136719,119703800,0.0,0.0,0.0
2020-05-19 00:00:00-04:00,270.5787293388812,272.28850498888653,268.3725554456711,268.39093017578125,95189300,0.0,0.0,0.0
2020-05-20 00:00:00-04:00,271.93000339041674,273.81443707877554,271.70019303559144,272.9503479003906,85861700,0.0,0.0,0.0
2020-05-21 00:00:00-04:00,272.82167247031106,273.63060941899073,269.97201842037936,271.06591796875,78293900,0.0,0.0,0.0
2020-05-22 00:00:00-04:00,270.7808920709613,271.7552855169075,269.5399108171948,271.58062744140625,63958200,0.0,0.0,0.0
2020-05-26 00:00:00-04:00,277.5466635277236,277.78567536717117,271.59916809703697,274.92681884765625,88951400,0.0,0.0,0.0
2020-05-27 00:00:00-04:00,277.72120027669484,279.0541114942936,272.8951830483843,279.017333984375,104817400,0.0,0.0,0.0
2020-05-28 00:00:00-04:00,280.0469129571108,282.0600540546706,277.8315376106127,278.5025939941406,90405200,0.0,0.0,0.0
2020-05-29 00:00:00-04:00,278.03378746198035,280.3318913047763,275.2852642429645,279.74359130859375,119090800,0.0,0.0,0.0
2020-06-01 00:00:00-04:00,279.10013797282943,281.48097041759445,278.5853649065574,280.874267578125,55758300,0.0,0.0,0.0
2020-06-02 00:00:00-04:00,281.7934214913829,283.24583851794176,280.4605383804992,283.1998596191406,74267200,0.0,0.0,0.0
2020-06-03 00:00:00-04:00,285.18544991384636,287.92479945173847,284.9096887083299,286.9687805175781,92567600,0.0,0.0,0.0
2020-06-04 00:00:00-04:00,285.98518598186917,287.7225657388418,284.119127013096,286.2149963378906,75794400,0.0,0.0,0.0
2020-06-05 00:00:00-04:00,291.61095127500704,295.32466622909004,291.54659764607965,293.550537109375,150524700,0.0,0.0,0.0
2020-06-08 00:00:00-04:00,294.3594363562118,297.29181820946184,293.81708738109575,297.0987854003906,73641200,0.0,0.0,0.0
2020-06-09 00:00:00-04:00,294.43300601196165,297.17235545339963,293.5689168610725,294.8834533691406,77479200,0.0,0.0,0.0
2020-06-10 00:00:00-04:00,295.46261387215606,296.3542792450485,292.52102986489626,293.238037109375,95000800,0.0,0.0,0.0
2020-06-11 00:00:00-04:00,286.3069041815128,286.9411829598361,275.7816075129834,276.3331298828125,209243600,0.0,0.0,0.0
2020-06-12 00:00:00-04:00,283.34693642916073,284.11909577413104,274.4854646628665,279.64239501953125,194678900,0.0,0.0,0.0
2020-06-15 00:00:00-04:00,273.9522736793171,283.38369810345534,272.7756459737203,282.2530212402344,135782700,0.0,0.0,0.0
2020-06-16 00:00:00-04:00,290.0022666173974,290.1493485974371,282.8229940315134,287.6857604980469,137627500,0.0,0.0,0.0
2020-06-17 00:00:00-04:00,288.70622038220927,289.0003844313553,285.7554346036974,286.4908447265625,83398900,0.0,0.0,0.0
2020-06-18 00:00:00-04:00,284.9740270872474,287.07906963373426,284.51440640064004,286.60107421875,80828700,0.0,0.0,0.0
2020-06-19 00:00:00-04:00,290.0689696801593,290.26285198086515,283.01504638164135,284.96319580078125,135549600,1.366,0.0,0.0
2020-06-22 00:00:00-04:00,284.36304192298934,287.18829677421513,283.2181755111513,286.7912902832031,74649400,0.0,0.0,0.0
2020-06-23 00:00:00-04:00,289.4411072237713,290.3736357062622,287.70532390749855,288.111572265625,68471200,0.0,0.0,0.0
2020-06-24 00:00:00-04:00,286.07110475847367,286.68971915216207,278.9248757908203,280.76220703125,132813500,0.0,0.0,0.0
2020-06-25 00:00:00-04:00,280.1898292059112,284.0399473243526,278.1678289833196,283.7721862792969,89468000,0.0,0.0,0.0
2020-06-26 00:00:00-04:00,282.6733996882287,282.8857657278593,276.45045766240185,277.0321044921875,127961000,0.0,0.0,0.0
2020-06-29 00:00:00-04:00,278.2878382488589,281.24233868339707,275.9980771665016,281.1038513183594,79773300,0.0,0.0,0.0
2020-06-30 00:00:00-04:00,280.6699529958901,286.4035844678509,280.5130100144226,284.7047119140625,113394800,0.0,0.0,0.0
2020-07-01 00:00:00-04:00,285.8218691543317,287.96390105074033,285.360225806475,286.698974609375,72396500,0.0,0.0,0.0
2020-07-02 00:00:00-04:00,290.13355781025984,291.4815764666122,287.61300354993097,288.27777099609375,69344200,0.0,0.0,0.0
2020-07-06 00:00:00-04:00,292.1001382664865,293.3096412974306,291.3522784741155,292.72796630859375,61713800,0.0,0.0,0.0
2020-07-07 00:00:00-04:00,291.1861571430053,293.16197598302176,289.3303419029436,289.7088928222656,82910000,0.0,0.0,0.0
2020-07-08 00:00:00-04:00,290.47526805974866,292.03562512101786,288.7118149369094,291.9248352050781,54638600,0.0,0.0,0.0
2020-07-09 00:00:00-04:00,292.53415581966215,292.7742193790963,286.8467063436829,290.26287841796875,83354200,0.0,0.0,0.0
2020-07-10 00:00:00-04:00,290.19824424631554,293.49438457109676,288.7671611130503,293.22662353515625,57550400,0.0,0.0,0.0
2020-07-13 00:00:00-04:00,295.5718483189911,297.9539161919538,290.0321267594231,290.6876525878906,102997500,0.0,0.0,0.0
2020-07-14 00:00:00-04:00,289.2656352600485,295.23008605009807,288.06537413839186,294.45452880859375,93657000,0.0,0.0,0.0
2020-07-15 00:00:00-04:00,297.6768588380392,298.2585339487308,294.777725167758,297.1598205566406,87196500,0.0,0.0,0.0
2020-07-16 00:00:00-04:00,295.2578352089557,296.6335232521369,294.61152330631586,296.1811218261719,54622500,0.0,0.0,0.0
2020-07-17 00:00:00-04:00,297.18749364064047,297.8245636451662,295.2116468030746,297.0397644042969,62774900,0.0,0.0,0.0
2020-07-20 00:00:00-04:00,296.7720261466081,300.18819807974637,296.02416620162734,299.4403381347656,56308800,0.0,0.0,0.0
2020-07-21 00:00:00-04:00,301.40695821426857,301.8501178028075,299.08949955212785,300.0774230957031,57292200,0.0,0.0,0.0
2020-07-22 00:00:00-04:00,299.71724772573134,302.0993425839799,299.6064578581787,301.785400390625,57792900,0.0,0.0,0.0
2020-07-23 00:00:00-04:00,301.42540716743423,302.12711406913473,296.8182155953633,298.1846618652344,75738000,0.0,0.0,0.0
2020-07-24 00:00:00-04:00,296.328858018481,297.2890558358542,294.75925946179956,296.26422119140625,73766600,0.0,0.0,0.0
2020-07-27 00:00:00-04:00,296.9566300026394,298.60007878193284,296.16258899162784,298.4246520996094,48293000,0.0,0.0,0.0
2020-07-28 00:00:00-04:00,297.6952737904054,298.81247079634437,296.2364934476947,296.5319519042969,57495000,0.0,0.0,0.0
2020-07-29 00:00:00-04:00,297.4091253277657,300.7422051686178,297.37218596811334,300.1789855957031,48454200,0.0,0.0,0.0
2020-07-30 00:00:00-04:00,297.20600271794535,299.5234615044289,295.11939379817784,299.10797119140625,61861700,0.0,0.0,0.0
2020-07-31 00:00:00-04:00,300.89912438191095,301.573133804093,296.67969747786157,301.4715576171875,84986800,0.0,0.0,0.0
2020-08-03 00:00:00-04:00,303.13343702102367,304.3336982264849,302.58870135537785,303.5673828125,53077900,0.0,0.0,0.0
2020-08-04 00:00:00-04:00,302.7087180143602,304.7399597167969,302.7087180143602,304.7399597167969,41917900,0.0,0.0,0.0
2020-08-05 00:00:00-04:00,306.0418016743555,306.89123771970355,305.7740406786033,306.6326904296875,42697700,0.0,0.0,0.0
2020-08-06 00:00:00-04:00,306.05102897866146,308.8024048039593,305.72787305800415,308.682373046875,43679400,0.0,0.0,0.0
2020-08-07 00:00:00-04:00,307.71294414525704,309.19020827921787,306.8081131712944,308.90399169921875,57308300,0.0,0.0,0.0
2020-08-10 00:00:00-04:00,309.356415827872,310.0119414454086,307.4175082706169,309.8273010253906,44282100,0.0,0.0,0.0
2020-08-11 00:00:00-04:00,311.00910310173,311.64617312266336,306.5403992490115,307.269775390625,69601100,0.0,0.0,0.0
2020-08-12 00:00:00-04:00,309.70729014184826,312.3294209653016,309.67959266815404,311.5538635253906,53774400,0.0,0.0,0.0
2020-08-13 00:00:00-04:00,310.78753741033046,312.3017411953798,310.06737487698325,310.99066162109375,41816100,0.0,0.0,0.0
2020-08-14 00:00:00-04:00,310.6028714247222,311.5353999760587,309.87346706744495,310.9998779296875,47260400,0.0,0.0,0.0
2020-08-17 00:00:00-04:00,312.01552096127307,312.3848300193641,311.00914180297326,311.9878234863281,35481000,0.0,0.0,0.0
2020-08-18 00:00:00-04:00,312.38480129876183,313.0865081681524,310.7875052531915,312.66180419921875,38733900,0.0,0.0,0.0
2020-08-19 00:00:00-04:00,313.0402230097133,313.5572611071579,310.79664396082387,311.35986328125,68054200,0.0,0.0,0.0
2020-08-20 00:00:00-04:00,309.6333973234677,312.8095056526026,309.5041518442734,312.32940673828125,42207800,0.0,0.0,0.0
2020-08-21 00:00:00-04:00,311.9969618049712,313.6588661029609,311.655322158755,313.4372863769531,55106600,0.0,0.0,0.0
2020-08-24 00:00:00-04:00,315.8748485901053,316.68734541310374,313.40968882300405,316.6134948730469,48588700,0.0,0.0,0.0
2020-08-25 00:00:00-04:00,317.176669274047,317.804497448592,316.01331905096947,317.7214050292969,38463400,0.0,0.0,0.0
2020-08-26 00:00:00-04:00,318.31239593759705,321.1745627439463,317.767660055857,320.9068298339844,50790200,0.0,0.0,0.0
2020-08-27 00:00:00-04:00,321.77455036746886,323.0579038040774,319.94643316280997,321.60833740234375,58034100,0.0,0.0,0.0
2020-08-28 00:00:00-04:00,322.6332894034035,323.81509518897934,321.4422417348515,323.6858215332031,48588900,0.0,0.0,0.0
2020-08-31 00:00:00-04:00,323.47340937924645,324.3505145899838,322.28236198411395,322.51318359375,66099200,0.0,0.0,0.0
2020-09-01 00:00:00-04:00,323.3442042226388,325.65242080777375,322.4486150605475,325.5508728027344,54908700,0.0,0.0,0.0
2020-09-02 00:00:00-04:00,327.4621164118237,331.22911386665123,326.3172217084211,330.2596740722656,69540000,0.0,0.0,0.0
2020-09-03 00:00:00-04:00,328.5700392045548,329.0409244463154,316.3087927397801,318.8940124511719,148011100,0.0,0.0,0.0
2020-09-04 00:00:00-04:00,319.5772736024122,321.1468443007785,309.18105492482806,316.2903747558594,139156300,0.0,0.0,0.0
2020-09-08 00:00:00-04:00,310.87991099506087,316.355023493456,307.3437347160238,307.6484069824219,114465300,0.0,0.0,0.0
2020-09-09 00:00:00-04:00,311.65542088332745,316.18876205705584,310.78752911291656,313.7236022949219,91462300,0.0,0.0,0.0
2020-09-10 00:00:00-04:00,315.59777775539925,316.2533032385388,307.31589725964466,308.276123046875,90569500,0.0,0.0,0.0
2020-09-11 00:00:00-04:00,310.05809882812946,311.11987273507737,305.6078508539459,308.43310546875,84680200,0.0,0.0,0.0
2020-09-14 00:00:00-04:00,311.5999553914097,314.26826693128163,308.58081864580447,312.49554443359375,65605700,0.0,0.0,0.0
2020-09-15 00:00:00-04:00,314.9515989909545,315.7825515027897,312.5048945263648,314.0744934082031,52920900,0.0,0.0,0.0
2020-09-16 00:00:00-04:00,315.31158485907184,316.74266767813356,312.5509390358151,312.82794189453125,82096000,0.0,0.0,0.0
2020-09-17 00:00:00-04:00,307.97150659133644,311.79392701921023,307.4452264147787,310.07659912109375,91523300,0.0,0.0,0.0
2020-09-18 00:00:00-04:00,310.8820717692347,310.99330512694877,304.02240791405023,306.5067138671875,105877900,1.339,0.0,0.0
2020-09-21 00:00:00-04:00,301.9182318320632,303.2438101066205,298.2381099284634,303.0954895019531,99450800,0.0,0.0,0.0
2020-09-22 00:00:00-04:00,304.5786503731086,306.7385071760695,302.066507400489,306.18231201171875,63612100,0.0,0.0,0.0
2020-09-23 00:00:00-04:00,306.7384591067574,307.0165707899801,298.58102560551066,299.08160400390625,93112200,0.0,0.0,0.0
2020-09-24 00:00:00-04:00,297.7652958983576,302.937845386202,296.448968406663,299.8788146972656,76681300,0.0,0.0,0.0
2020-09-25 00:00:00-04:00,299.02596442851154,305.51484110446944,298.1546270152853,304.7269287109375,71069400,0.0,0.0,0.0
2020-09-28 00:00:00-04:00,308.8891253586317,310.5020659374077,307.8972472441894,309.7882995605469,64584600,0.0,0.0,0.0
2020-09-29 00:00:00-04:00,309.58434341380087,310.3259180903288,307.40592890376666,308.1011657714844,51304000,0.0,0.0,0.0
2020-09-30 00:00:00-04:00,308.76860928712824,313.58892978637374,308.5739508757094,310.43719482421875,104081100,0.0,0.0,0.0
2020-10-01 00:00:00-04:00,313.03273929794693,314.0060596588878,310.54843285554995,312.4302062988281,88698700,0.0,0.0,0.0
2020-10-02 00:00:00-04:00,307.48007849386664,312.40235285633963,307.0073084094654,309.46380615234375,89431100,0.0,0.0,0.0
2020-10-05 00:00:00-04:00,311.52169201210114,315.1369175857961,311.4753542094507,314.9515380859375,45713100,0.0,0.0,0.0
2020-10-06 00:00:00-04:00,315.0905952451243,317.1855845500535,309.96438363528426,310.4742126464844,90128900,0.0,0.0,0.0
2020-10-07 00:00:00-04:00,313.4313231405762,316.6850408176242,313.40351479672364,315.8785705566406,56999600,0.0,0.0,0.0
2020-10-08 00:00:00-04:00,317.81598305879504,318.7429656383515,316.89825106833507,318.6780700683594,45242500,0.0,0.0,0.0
2020-10-09 00:00:00-04:00,320.32804947834086,321.9873559657683,319.706987085962,321.52386474609375,59528600,0.0,0.0,0.0
2020-10-12 00:00:00-04:00,324.063844968693,328.1703711128486,323.5725453203997,326.69647216796875,80388500,0.0,0.0,0.0
2020-10-13 00:00:00-04:00,326.55746024664927,326.73358922053734,323.600383208339,324.564453125,73255500,0.0,0.0,0.0
2020-10-14 00:00:00-04:00,325.13912193436175,326.23295452878085,321.7927285846741,322.5250244140625,57727900,0.0,0.0,0.0
2020-10-15 00:00:00-04:00,318.61313237555913,322.60842450210197,318.07549499777156,322.12640380859375,60357700,0.0,0.0,0.0
2020-10-16 00:00:00-04:00,323.4797769752981,325.13908342610574,321.75560325500436,321.9317321777344,89501900,0.0,0.0,0.0
2020-10-19 00:00:00-04:00,323.1923793228003,323.82272050924837,316.138057465811,317.0372314453125,68425600,0.0,0.0,0.0
2020-10-20 00:00:00-04:00,318.38139712826285,321.55168968171705,317.6212929886074,318.3072509765625,60051900,0.0,0.0,0.0
2020-10-21 00:00:00-04:00,318.2609093352829,320.43007341653833,317.39882234537475,317.7047424316406,63575000,0.0,0.0,0.0
2020-10-22 00:00:00-04:00,317.91796352473176,320.03148284713905,315.77663585423755,319.4474792480469,55399300,0.0,0.0,0.0
2020-10-23 00:00:00-04:00,320.67111572049805,320.72673241885354,318.0755754996864,320.5320739746094,49143900,0.0,0.0,0.0
2020-10-26 00:00:00-04:00,317.14853512100905,317.9364759234132,311.1138698437013,314.6086120605469,91473000,0.0,0.0,0.0
2020-10-27 00:00:00-04:00,314.95154762591665,315.285247709324,313.3107706813909,313.52398681640625,65994100,0.0,0.0,0.0
2020-10-28 00:00:00-04:00,307.85092353477626,313.55186080057024,302.31683634561693,302.8081359863281,127094300,0.0,0.0,0.0
2020-10-29 00:00:00-04:00,303.0398382217238,309.05594531130174,301.35272336162404,305.88568115234375,90597700,0.0,0.0,0.0
2020-10-30 00:00:00-04:00,304.3097480091592,305.61679644556716,299.04449533982756,302.6968078613281,120287300,0.0,0.0,0.0
2020-11-02 00:00:00-05:00,306.089599609375,308.0918566976093,303.34571133877967,306.089599609375,86068300,0.0,0.0,0.0
2020-11-03 00:00:00-05:00,309.3248216610703,313.55185999385526,306.173086523715,311.49395751953125,93294200,0.0,0.0,0.0
2020-11-04 00:00:00-05:00,315.97126216053266,322.5343145343358,314.7940044922087,318.4555969238281,126959700,0.0,0.0,0.0
2020-11-05 00:00:00-05:00,323.7393992214774,326.4740092498404,323.38714130170024,324.6663818359375,82039700,0.0,0.0,0.0
2020-11-06 00:00:00-05:00,324.37894694815776,325.84359499345544,322.26542819140275,324.5921630859375,74973000,0.0,0.0,0.0
2020-11-09 00:00:00-05:00,337.39386942742516,337.7739357009492,328.20746815703154,328.67095947265625,172304200,0.0,0.0,0.0
2020-11-10 00:00:00-05:00,327.6790159718678,329.2456185696468,324.9166263863297,328.1888732910156,85552000,0.0,0.0,0.0
2020-11-11 00:00:00-05:00,330.37658868596975,331.4518918826983,329.13443541283425,330.62689208984375,58649000,0.0,0.0,0.0
2020-11-12 00:00:00-05:00,329.61646944206416,330.67324321370563,325.61192600078954,327.4195251464844,67546200,0.0,0.0,0.0
2020-11-13 00:00:00-05:00,329.3289863508749,332.69393657316726,328.80987853418975,331.9523620605469,62892200,0.0,0.0,0.0
2020-11-16 00:00:00-05:00,334.62217047881086,336.2907277500925,333.33365115779196,336.0960693359375,74541100,0.0,0.0,0.0
2020-11-17 00:00:00-05:00,333.68588866910596,335.49351584362677,332.17490268135197,334.2884216308594,66111000,0.0,0.0,0.0
2020-11-18 00:00:00-05:00,334.55728418581134,335.1042005097741,330.22826311784223,330.2653503417969,70591300,0.0,0.0,0.0
2020-11-19 00:00:00-05:00,329.63500754078495,332.02661012404343,328.29087149861675,331.65582275390625,59940900,0.0,0.0,0.0
2020-11-20 00:00:00-05:00,331.3962385127505,331.60017579109797,329.3105279207122,329.3846740722656,70417300,0.0,0.0,0.0
2020-11-23 00:00:00-05:00,331.19234181614615,332.6199029395009,328.95831035799966,331.35919189453125,63230600,0.0,0.0,0.0
2020-11-24 00:00:00-05:00,333.9083515604822,337.2454941499389,333.05554351994675,336.6985778808594,62415900,0.0,0.0,0.0
2020-11-25 00:00:00-05:00,336.615126222549,336.6429345632087,335.0856109077494,336.179443359375,45330900,0.0,0.0,0.0
2020-11-27 00:00:00-05:00,337.2733243638305,337.5884950330975,336.1053173094643,337.1157531738281,28514100,0.0,0.0,0.0
2020-11-30 00:00:00-05:00,336.3370573763305,336.6058902297958,332.9443262265779,335.623291015625,83872700,0.0,0.0,0.0
2020-12-01 00:00:00-05:00,338.8770642217867,340.8329840925718,338.2837817293062,339.294189453125,74231400,0.0,0.0,0.0
2020-12-02 00:00:00-05:00,338.18177783063066,340.16550576049775,337.6070531807557,340.0079345703125,45927000,0.0,0.0,0.0
2020-12-03 00:00:00-05:00,339.90594329021474,341.30569594652076,338.81211070717654,339.91522216796875,62882000,0.0,0.0,0.0
2020-12-04 00:00:00-05:00,340.499217834335,342.844482421875,340.40651392671566,342.844482421875,50749900,0.0,0.0,0.0
2020-12-07 00:00:00-05:00,342.07508856328803,342.6312837481267,340.8700225705228,342.1399841308594,48944300,0.0,0.0,0.0
2020-12-08 00:00:00-05:00,340.8700252302088,343.7065895768302,340.8236874183033,343.1411437988281,42458900,0.0,0.0,0.0
2020-12-09 00:00:00-05:00,343.79933766667483,343.9569088788108,339.22931988647474,340.0635986328125,74098300,0.0,0.0,0.0
2020-12-10 00:00:00-05:00,338.6916205245105,340.99979809475724,337.82025463669373,339.95233154296875,57735400,0.0,0.0,0.0
2020-12-11 00:00:00-05:00,338.2559713720657,339.9616160939201,336.7357345003271,339.5537414550781,57698600,0.0,0.0,0.0
2020-12-14 00:00:00-05:00,341.7228478589244,342.7981226816186,337.8573183246596,338.033447265625,69216200,0.0,0.0,0.0
2020-12-15 00:00:00-05:00,340.5734516867727,342.6035461425781,339.2015353420675,342.6035461425781,63865300,0.0,0.0,0.0
2020-12-16 00:00:00-05:00,342.8166942477022,344.058847472952,341.93604950739774,343.1411437988281,58420500,0.0,0.0,0.0
2020-12-17 00:00:00-05:00,344.78188359842443,345.2639043286698,343.95685556996756,345.0599670410156,64119500,0.0,0.0,0.0
2020-12-18 00:00:00-05:00,345.3485390064458,345.5161002847388,341.67133885477017,343.6821594238281,136542300,1.58,0.0,0.0
2020-12-21 00:00:00-05:00,339.7629543638441,352.3212438699424,337.0260063626711,342.4533386230469,96386700,0.0,0.0,0.0
2020-12-22 00:00:00-05:00,342.7791972943252,342.8909048278069,340.74976800980517,341.8761901855469,47949000,0.0,0.0,0.0
2020-12-23 00:00:00-05:00,342.8442740875377,344.09172188070283,341.8574866032453,342.1833190917969,46201400,0.0,0.0,0.0
2020-12-24 00:00:00-05:00,342.65811576810853,343.54251428118584,342.07165131242414,343.51458740234375,26457900,0.0,0.0,0.0
2020-12-28 00:00:00-05:00,346.06540553732583,346.8567051409463,345.4416956497775,346.4657287597656,39000400,0.0,0.0,0.0
2020-12-29 00:00:00-05:00,347.99251061970955,348.16939039029,345.21831647942554,345.8048095703125,53680500,0.0,0.0,0.0
2020-12-30 00:00:00-05:00,346.62395879952305,347.33147772383484,345.90714985399984,346.2981262207031,49455300,0.0,0.0,0.0
2020-12-31 00:00:00-05:00,346.1026197103733,348.78371400805713,345.59061740637577,348.0575866699219,78520700,0.0,0.0,0.0
2021-01-04 00:00:00-05:00,349.38886325350404,349.51920765992713,339.6233739583343,343.3191833496094,110210800,0.0,0.0,0.0
2021-01-05 00:00:00-05:00,342.67681712955124,346.7729211198693,342.63025338281886,345.6837158203125,66426200,0.0,0.0,0.0
2021-01-06 00:00:00-05:00,344.17564365417195,350.94355285159054,343.6263959355806,347.75042724609375,107997700,0.0,0.0,0.0
2021-01-07 00:00:00-05:00,350.12431202693006,353.66185015543977,349.94743227951926,352.9171142578125,68766800,0.0,0.0,0.0
2021-01-08 00:00:00-05:00,354.3040877879952,355.1419225171707,351.0551379514854,354.9278259277344,71677200,0.0,0.0,0.0
2021-01-11 00:00:00-05:00,351.7533887862446,354.29482021588973,351.632362830576,352.5353698730469,51034700,0.0,0.0,0.0
2021-01-12 00:00:00-05:00,352.7215686990142,353.6245473333701,350.3662785938468,352.6098327636719,52547700,0.0,0.0,0.0
2021-01-13 00:00:00-05:00,352.5353542542608,354.55546486987174,351.75337320210355,353.55938720703125,45303600,0.0,0.0,0.0
2021-01-14 00:00:00-05:00,354.3041831146207,354.80689545132014,351.9861664446019,352.3212890625,49989100,0.0,0.0,0.0
2021-01-15 00:00:00-05:00,350.70140387922305,351.50199335982205,347.88999385755534,349.7518615722656,107160000,0.0,0.0,0.0
2021-01-19 00:00:00-05:00,352.2095816653885,353.0381265986138,350.72939994936974,352.4981689453125,51233300,0.0,0.0,0.0
2021-01-20 00:00:00-05:00,354.78819724418975,358.21405551285824,354.397220924243,357.376220703125,61836100,0.0,0.0,0.0
2021-01-21 00:00:00-05:00,357.93482091297085,358.36307102761856,356.780471791413,357.70208740234375,47840100,0.0,0.0,0.0
2021-01-22 00:00:00-05:00,355.8494202871751,357.5995802549603,355.4677340465545,356.4359130859375,52860500,0.0,0.0,0.0
2021-01-25 00:00:00-05:00,357.1714317593944,358.1954363497445,352.3212455515999,357.8417053222656,70402000,0.0,0.0,0.0
2021-01-26 00:00:00-05:00,358.79128116207573,359.2008944003585,357.0504391042999,357.2831726074219,42665300,0.0,0.0,0.0
2021-01-27 00:00:00-05:00,353.95971902424606,354.05281810421934,346.3167590029396,348.5509948730469,123351100,0.0,0.0,0.0
2021-01-28 00:00:00-05:00,350.36627971281166,355.55158851320573,349.9287680398475,351.548583984375,94198100,0.0,0.0,0.0
2021-01-29 00:00:00-05:00,349.6867328043069,350.65491209093165,342.83504399028214,344.5107421875,126765100,0.0,0.0,0.0
2021-02-01 00:00:00-05:00,347.9086469202224,351.27862337041176,344.7993308471236,350.24530029296875,75817600,0.0,0.0,0.0
2021-02-02 00:00:00-05:00,353.42913732634,356.75257899401294,350.32913916891863,355.1979064941406,64450700,0.0,0.0,0.0
2021-02-03 00:00:00-05:00,356.026389967423,357.19937586145977,354.2017673399159,355.4771423339844,52427100,0.0,0.0,0.0
2021-02-04 00:00:00-05:00,356.5104983071963,359.56396087599126,355.5888826824537,359.5174255371094,47142600,0.0,0.0,0.0
2021-02-05 00:00:00-05:00,361.3885499748435,361.63989189934597,359.47082842089645,360.932373046875,48669800,0.0,0.0,0.0
2021-02-08 00:00:00-05:00,362.38465454642807,363.5855673167599,361.52821120762786,363.5390319824219,38365200,0.0,0.0,0.0
2021-02-09 00:00:00-05:00,362.7011552001997,363.89277790526904,362.29157040764335,363.2969665527344,35551100,0.0,0.0,0.0
2021-02-10 00:00:00-05:00,365.0377849264699,365.18673775500156,360.7368749883138,363.138671875,59154400,0.0,0.0,0.0
2021-02-11 00:00:00-05:00,364.2185830573535,364.637514691375,361.29546527923713,363.7251892089844,42913300,0.0,0.0,0.0
2021-02-12 00:00:00-05:00,362.92462830443,365.7639656617887,362.8501376743546,365.5219421386719,50593300,0.0,0.0,0.0
2021-02-16 00:00:00-05:00,366.7507370926893,366.94625368053585,364.4885743748941,365.20538330078125,50972400,0.0,0.0,0.0
2021-02-17 00:00:00-05:00,363.4552435609881,365.54052650809217,362.44050055956217,365.2891845703125,52290600,0.0,0.0,0.0
2021-02-18 00:00:00-05:00,362.6824763517957,364.4791716714211,360.96024323185935,363.73443603515625,59712800,0.0,0.0,0.0
2021-02-19 00:00:00-05:00,364.99121492183093,365.2798021216173,362.64524360763886,363.09210205078125,83241000,0.0,0.0,0.0
2021-02-22 00:00:00-05:00,360.3272738044918,362.71046232061997,360.02936813751376,360.2993469238281,67414200,0.0,0.0,0.0
2021-02-23 00:00:00-05:00,358.0930286391464,362.08674292738397,353.9410715012877,360.73687744140625,107284100,0.0,0.0,0.0
2021-02-24 00:00:00-05:00,359.6477223454717,365.1402557134538,358.6609345710552,364.7120056152344,72433900,0.0,0.0,0.0
2021-02-25 00:00:00-05:00,363.4459744413882,364.8144486635572,354.4810747828788,355.92401123046875,146670500,0.0,0.0,0.0
2021-02-26 00:00:00-05:00,357.8044418312601,358.9494723193458,352.1071310412466,354.0899963378906,152701600,0.0,0.0,0.0
2021-03-01 00:00:00-05:00,358.9588307931296,363.92072482785227,354.2855524299561,362.6732482910156,105348800,0.0,0.0,0.0
2021-03-02 00:00:00-05:00,362.8966319883141,363.1293654455315,359.3404579436692,359.8431701660156,79595300,0.0,0.0,0.0
2021-03-03 00:00:00-05:00,359.1449892511198,360.11314003050495,354.9743952442966,355.0768127441406,119940200,0.0,0.0,0.0
2021-03-04 00:00:00-05:00,354.8905802752683,357.4785750729967,346.1956620928304,350.6827697753906,183433000,0.0,0.0,0.0
2021-03-05 00:00:00-05:00,354.1831430171617,358.18617627812586,346.9032607012722,357.13421630859375,152039600,0.0,0.0,0.0
2021-03-08 00:00:00-05:00,358.09305771331407,360.9044680233819,355.0768407972248,355.3561096191406,123149200,0.0,0.0,0.0
2021-03-09 00:00:00-05:00,359.2008479440805,362.9804372731695,358.69813568759565,360.4296875,113633600,0.0,0.0,0.0
2021-03-10 00:00:00-05:00,362.77566580218155,364.3675549570112,361.3606563767608,362.6732482910156,109899400,0.0,0.0,0.0
2021-03-11 00:00:00-05:00,365.14026100475496,368.32403944461987,364.6840840161151,366.3504638671875,86245000,0.0,0.0,0.0
2021-03-12 00:00:00-05:00,364.9912312984389,366.98341490924895,364.18132341690256,366.8437805175781,64653600,0.0,0.0,0.0
2021-03-15 00:00:00-04:00,367.0951054485941,369.292123945395,364.9539691157233,369.0314636230469,73427200,0.0,0.0,0.0
2021-03-16 00:00:00-04:00,369.6458961543537,370.3533865339371,367.793318546746,368.5660095214844,73722500,0.0,0.0,0.0
2021-03-17 00:00:00-04:00,367.2813248264547,370.6233738852898,366.1362659817345,369.8227844238281,97959300,0.0,0.0,0.0
2021-03-18 00:00:00-04:00,367.2347568232178,369.32003933715384,363.76236369970513,364.44195556640625,115349100,0.0,0.0,0.0
2021-03-19 00:00:00-04:00,364.14134878342554,365.71978255985357,361.59156456698724,363.76776123046875,113624500,1.278,0.0,0.0
2021-03-22 00:00:00-04:00,364.28139952570655,368.0546989422797,364.2253628242193,366.6723937988281,73778600,0.0,0.0,0.0
2021-03-23 00:00:00-04:00,366.0373101003052,367.4849724644324,363.00186510857276,363.7864074707031,90686600,0.0,0.0,0.0
2021-03-24 00:00:00-04:00,365.1873437728255,366.8218139815274,361.8903850062456,361.93707275390625,97588600,0.0,0.0,0.0
2021-03-25 00:00:00-04:00,360.4987572580339,364.76703777153006,358.556056717537,363.9731750488281,116128600,0.0,0.0,0.0
2021-03-26 00:00:00-04:00,365.12202161175344,370.24025947344177,364.5242872244289,369.8386535644531,114409100,0.0,0.0,0.0
2021-03-29 00:00:00-04:00,368.362862908593,370.55772850073316,366.87783346614003,369.6517639160156,108107600,0.0,0.0,0.0
2021-03-30 00:00:00-04:00,368.3816101105084,369.3436115196959,367.0740110275809,368.671142578125,76262200,0.0,0.0,0.0
2021-03-31 00:00:00-04:00,369.2408322683644,371.7252304449524,369.2128139187483,370.16546630859375,112734200,0.0,0.0,0.0
2021-04-01 00:00:00-04:00,372.0988084552015,374.2189680327331,371.89333106228867,374.16290283203125,99682900,0.0,0.0,0.0
2021-04-05 00:00:00-04:00,376.82471954638225,380.0749901846481,376.75001345829463,379.53326416015625,91684800,0.0,0.0,0.0
2021-04-06 00:00:00-04:00,378.972983873967,380.35526059128404,378.6367351434698,379.3092041015625,62021000,0.0,0.0,0.0
2021-04-07 00:00:00-04:00,379.141055188101,380.0937075716996,378.6834126464064,379.7481384277344,55836300,0.0,0.0,0.0
2021-04-08 00:00:00-04:00,380.9996431984528,381.60672639186373,380.06566028462163,381.5506896972656,57863100,0.0,0.0,0.0
2021-04-09 00:00:00-04:00,381.4293518580536,384.49281512504706,381.3079295009663,384.3246765136719,61104600,0.0,0.0,0.0
2021-04-12 00:00:00-04:00,383.72683677373504,384.7355256503982,383.11975365796326,384.4646911621094,56704900,0.0,0.0,0.0
2021-04-13 00:00:00-04:00,384.36197181036624,386.22993756231864,383.97903541086856,385.6041564941406,56551000,0.0,0.0,0.0
2021-04-14 00:00:00-04:00,385.5761649966313,386.6315702804382,383.7455664130594,384.28729248046875,61659900,0.0,0.0,0.0
2021-04-15 00:00:00-04:00,386.42610852089956,388.68635987083064,386.3794207731198,388.4154968261719,60229800,0.0,0.0,0.0
2021-04-16 00:00:00-04:00,389.70436564966764,390.32079778500326,388.28472190043465,389.7137145996094,82037300,0.0,0.0,0.0
2021-04-19 00:00:00-04:00,388.77980210912494,389.22809574117946,386.4728627845068,387.7991027832031,78498500,0.0,0.0,0.0
2021-04-20 00:00:00-04:00,386.5848990980943,387.68699217501296,383.4840687603821,384.95977783203125,81851800,0.0,0.0,0.0
2021-04-21 00:00:00-04:00,384.34333492736897,388.80777231208793,384.2032146818028,388.602294921875,66793000,0.0,0.0,0.0
2021-04-22 00:00:00-04:00,388.4342963843077,389.265526631458,383.9885271208741,385.0532531738281,97582800,0.0,0.0,0.0
2021-04-23 00:00:00-04:00,385.6134878217857,390.6383200253725,385.53878173639555,389.2279968261719,73209200,0.0,0.0,0.0
2021-04-26 00:00:00-04:00,389.88182724622914,390.61033277407387,389.29341345395136,390.04058837890625,52182400,0.0,0.0,0.0
2021-04-27 00:00:00-04:00,390.3395099382348,390.5356668911207,388.8171130815738,389.9565734863281,51303100,0.0,0.0,0.0
2021-04-28 00:00:00-04:00,390.2274494039852,391.3482404466595,389.3775214221555,389.8445129394531,51238900,0.0,0.0,0.0
2021-04-29 00:00:00-04:00,392.5717326349584,392.94532012603673,388.94787411541165,392.3288879394531,78544300,0.0,0.0,0.0
2021-04-30 00:00:00-04:00,390.05939007113057,390.9093181635924,388.85454381886,389.75115966796875,85527000,0.0,0.0,0.0
2021-05-03 00:00:00-04:00,391.740486180178,392.1234226337819,390.09669546817264,390.5917053222656,68128300,0.0,0.0,0.0
2021-05-04 00:00:00-04:00,388.60228003315905,389.09728984022036,384.49276088924864,388.1819763183594,101591200,0.0,0.0,0.0
2021-05-05 00:00:00-04:00,389.82580250833166,390.05929824240366,387.7430102993665,388.30340576171875,60162200,0.0,0.0,0.0
2021-05-06 00:00:00-04:00,388.3781723084249,391.5350396849246,386.3701143834206,391.404296875,74321400,0.0,0.0,0.0
2021-05-07 00:00:00-04:00,392.17007461027134,394.9066375343284,391.48825686517847,394.2528381347656,67733800,0.0,0.0,0.0
2021-05-10 00:00:00-04:00,394.60783736731895,394.8319841776763,390.2274545965479,390.348876953125,81852400,0.0,0.0,0.0
2021-05-11 00:00:00-04:00,385.8283743617133,387.85510146471046,382.9890581244751,386.8650817871094,116888000,0.0,0.0,0.0
2021-05-12 00:00:00-04:00,384.08181415543856,385.3520172707222,377.32910724736956,378.6460266113281,134811000,0.0,0.0,0.0
2021-05-13 00:00:00-04:00,380.19647206863493,385.12790123879364,380.14975581622974,383.1945495605469,106394000,0.0,0.0,0.0
2021-05-14 00:00:00-04:00,385.93109523135814,389.9285412046908,385.9030768823611,389.07861328125,82201600,0.0,0.0,0.0
2021-05-17 00:00:00-04:00,387.96716817788194,388.9011510722619,386.0711555395105,388.08856201171875,65129200,0.0,0.0,0.0
2021-05-18 00:00:00-04:00,388.35006374080274,388.5929084065509,384.5861139361804,384.7449035644531,59810200,0.0,0.0,0.0
2021-05-19 00:00:00-04:00,380.05633959916474,383.9136650884359,378.5712816845553,383.7362060546875,106467100,0.0,0.0,0.0
2021-05-20 00:00:00-04:00,384.6142002311314,389.1253542262279,384.4928063797059,387.8644714355469,78022200,0.0,0.0,0.0
2021-05-21 00:00:00-04:00,389.34945519441624,390.59166843930177,387.089232490251,387.546875,76578700,0.0,0.0,0.0
2021-05-24 00:00:00-04:00,389.7884149825735,392.57169424932044,389.5455703108136,391.49761962890625,51376700,0.0,0.0,0.0
2021-05-25 00:00:00-04:00,392.58101863752853,392.93593669892675,390.0499329669356,390.6289978027344,57451400,0.0,0.0,0.0
2021-05-26 00:00:00-04:00,391.2174888575059,391.90862721701114,390.180781318248,391.404296875,43088600,0.0,0.0,0.0
2021-05-27 00:00:00-04:00,392.4316813954646,392.94536068585694,391.3295597041095,391.6097717285156,56707700,0.0,0.0,0.0
2021-05-28 00:00:00-04:00,393.1788390804018,393.44035318988387,392.07674594064906,392.31024169921875,58520200,0.0,0.0,0.0
2021-06-01 00:00:00-04:00,394.67320566118025,394.81329741149153,391.525687491623,391.96466064453125,54216600,0.0,0.0,0.0
2021-06-02 00:00:00-04:00,392.6184525081131,393.4216927574089,391.6097633493774,392.5810852050781,49097100,0.0,0.0,0.0
2021-06-03 00:00:00-04:00,390.2648359999735,392.2635449713107,388.79847572246956,391.12408447265625,58138800,0.0,0.0,0.0
2021-06-04 00:00:00-04:00,392.973358609629,395.0001143194918,391.18944760771376,394.70123291015625,55938800,0.0,0.0,0.0
2021-06-07 00:00:00-04:00,394.69182475887226,394.8692837876168,393.3842544177777,394.3182373046875,51555000,0.0,0.0,0.0
2021-06-08 00:00:00-04:00,395.17753710589864,395.2709411073429,392.57174503386995,394.40234375,47134300,0.0,0.0,0.0
2021-06-09 00:00:00-04:00,395.24298846199156,395.31772307673054,393.5898485229195,393.8139953613281,48436300,0.0,0.0,0.0
2021-06-10 00:00:00-04:00,395.0374175201594,396.59718157596666,393.72049815041606,395.6445007324219,51020100,0.0,0.0,0.0
2021-06-11 00:00:00-04:00,396.195645900819,396.4104437738481,394.90674465103467,396.2983703613281,45570800,0.0,0.0,0.0
2021-06-14 00:00:00-04:00,396.4103860815458,397.2883323557152,395.1682012696967,397.18560791015625,42358500,0.0,0.0,0.0
2021-06-15 00:00:00-04:00,397.33497736676,397.37231615686954,395.57908513324,396.45703125,51508500,0.0,0.0,0.0
2021-06-16 00:00:00-04:00,396.5971548550764,396.82130162532735,392.19810347152844,394.2434997558594,80386100,0.0,0.0,0.0
2021-06-17 00:00:00-04:00,393.83254848858195,395.0934024940287,391.63768315967735,394.11273193359375,90949700,0.0,0.0,0.0
2021-06-18 00:00:00-04:00,390.8293780050055,391.5227773326563,388.5898708974102,388.7960205078125,118676300,1.376,0.0,0.0
2021-06-21 00:00:00-04:00,390.55762558464596,394.54941864548533,389.7424066854368,394.36199951171875,72822000,0.0,0.0,0.0
2021-06-22 00:00:00-04:00,394.352679752593,397.3043454678535,393.6311417670724,396.4703674316406,57700300,0.0,0.0,0.0
2021-06-23 00:00:00-04:00,396.5454336633295,397.35127326779104,395.9082541719664,395.9925842285156,49445400,0.0,0.0,0.0
2021-06-24 00:00:00-04:00,398.13828242182683,398.756702636822,397.88526373773,398.3350524902344,45110300,0.0,0.0,0.0
2021-06-25 00:00:00-04:00,399.08471063989845,400.1997887962621,398.75674142988316,399.75,58129500,0.0,0.0,0.0
2021-06-28 00:00:00-04:00,400.27483854601434,400.7245988255164,399.07543014042216,400.5559387207031,53159600,0.0,0.0,0.0
2021-06-29 00:00:00-04:00,400.9400834258965,401.5772628150839,400.2373044711945,400.77142333984375,35970500,0.0,0.0,0.0
2021-06-30 00:00:00-04:00,400.3122456149289,401.78340305544015,400.2841356012442,401.1087341308594,64827900,0.0,0.0,0.0
2021-07-01 00:00:00-04:00,401.86769002620366,403.48877689800884,401.802090469254,403.3294677734375,53441000,0.0,0.0,0.0
2021-07-02 00:00:00-04:00,404.49137521552234,406.768371644775,403.41375818791886,406.41229248046875,57697700,0.0,0.0,0.0
2021-07-06 00:00:00-04:00,406.4686076794865,406.68413685470637,402.9359824093808,405.672119140625,68710400,0.0,0.0,0.0
2021-07-07 00:00:00-04:00,406.35615449938257,407.38690265779184,404.3415272693066,407.10577392578125,63549500,0.0,0.0,0.0
2021-07-08 00:00:00-04:00,401.78341990828244,404.5476952865336,400.60274209170535,403.7886962890625,97595200,0.0,0.0,0.0
2021-07-09 00:00:00-04:00,405.2972327387951,408.39882766783205,403.591815925737,408.0989685058594,76238600,0.0,0.0,0.0
2021-07-12 00:00:00-04:00,408.0147135517589,409.8138402584851,407.58368379970483,409.5608215332031,52889600,0.0,0.0,0.0
2021-07-13 00:00:00-04:00,408.7737117077264,410.2729791942714,407.90227266855015,408.1646423339844,52911300,0.0,0.0,0.0
2021-07-14 00:00:00-04:00,409.8606497735151,410.3479281135863,407.52743297051677,408.773681640625,64130400,0.0,0.0,0.0
2021-07-15 00:00:00-04:00,407.4337835093042,408.1084524983558,405.47537611239835,407.3775634765625,55126400,0.0,0.0,0.0
2021-07-16 00:00:00-04:00,408.55817239214764,408.60501287947545,403.78864977864345,404.18218994140625,75874700,0.0,0.0,0.0
2021-07-19 00:00:00-04:00,399.35647556745073,404.24781810954704,395.4021716073947,398.2132873535156,147987000,0.0,0.0,0.0
2021-07-20 00:00:00-04:00,398.8785584072042,405.1942176052661,398.0820699298473,403.9198303222656,99608200,0.0,0.0,0.0
2021-07-21 00:00:00-04:00,405.11927714998365,407.3307031828911,403.8730283565818,407.19012451171875,64724400,0.0,0.0,0.0
2021-07-22 00:00:00-04:00,407.36814723384765,408.28645534613815,406.3842681533673,408.0428161621094,47878500,0.0,0.0,0.0
2021-07-23 00:00:00-04:00,409.97307688921177,412.57804279229185,409.28905708130054,412.24072265625,63766600,0.0,0.0,0.0
2021-07-26 00:00:00-04:00,411.6503882088871,413.26209560038063,411.6035477215418,413.2527160644531,43719200,0.0,0.0,0.0
2021-07-27 00:00:00-04:00,412.21268332890685,412.2407933450638,408.5394791728748,411.3693542480469,67397100,0.0,0.0,0.0
2021-07-28 00:00:00-04:00,411.9971110612924,412.57807039855686,409.77633422865034,411.20062255859375,52472400,0.0,0.0,0.0
2021-07-29 00:00:00-04:00,412.12833741336397,413.9836556005954,412.1189578762892,412.90606689453125,47435300,0.0,0.0,0.0
2021-07-30 00:00:00-04:00,410.33855849930256,412.3531856804309,410.207359374989,410.9007873535156,68951200,0.0,0.0,0.0
2021-08-02 00:00:00-04:00,412.61558301486065,413.16843236981356,409.68264755521176,410.0387268066406,58783300,0.0,0.0,0.0
2021-08-03 00:00:00-04:00,410.83514549410086,413.4963312941715,408.6424789249471,413.37451171875,58053900,0.0,0.0,0.0
2021-08-04 00:00:00-04:00,412.09086705960937,413.3464954516936,411.1069878900075,411.34124755859375,46732200,0.0,0.0,0.0
2021-08-05 00:00:00-04:00,412.5030587680175,414.0304359841878,412.18446913337823,413.94610595703125,38969700,0.0,0.0,0.0
2021-08-06 00:00:00-04:00,414.26472732503214,415.0518362349307,413.9835986168319,414.6301574707031,46930000,0.0,0.0,0.0
2021-08-09 00:00:00-04:00,414.602026269566,414.9206159123269,413.5244377669037,414.2928161621094,41222600,0.0,0.0,0.0
2021-08-10 00:00:00-04:00,414.74256695054606,415.5203248634887,414.05854719624097,414.80816650390625,43339300,0.0,0.0,0.0
2021-08-11 00:00:00-04:00,415.87647880877864,415.9326988371535,414.75202104898426,415.8389892578125,44034300,0.0,0.0,0.0
2021-08-12 00:00:00-04:00,415.68905723891174,417.22581426197354,414.78950819398324,417.0852355957031,38909400,0.0,0.0,0.0
2021-08-13 00:00:00-04:00,417.53503004424323,417.86299927638066,417.0477802625369,417.8442687988281,39470300,0.0,0.0,0.0
2021-08-16 00:00:00-04:00,416.5416879310771,418.95923447372246,414.98620072147236,418.82806396484375,73740000,0.0,0.0,0.0
2021-08-17 00:00:00-04:00,416.26997110737653,416.9446399663895,413.0934254851267,416.08258056640625,92673900,0.0,0.0,0.0
2021-08-18 00:00:00-04:00,415.0706919850857,416.6355593375459,411.2850758848466,411.5286865234375,89351900,0.0,0.0,0.0
2021-08-19 00:00:00-04:00,408.8018064511608,413.36520830572493,408.66125638495504,412.165771484375,92812200,0.0,0.0,0.0
2021-08-20 00:00:00-04:00,412.51249736786883,415.7733732693985,412.0252190130029,415.4454040527344,72008700,0.0,0.0,0.0
2021-08-23 00:00:00-04:00,417.132066923601,420.00878201499984,415.52035954108516,419.099853515625,54973000,0.0,0.0,0.0
2021-08-24 00:00:00-04:00,419.76513671875,420.2992555252089,419.2497769837676,419.76513671875,38744700,0.0,0.0,0.0
2021-08-25 00:00:00-04:00,419.952627156467,421.1613864338086,419.57778881704434,420.6460266113281,40529700,0.0,0.0,0.0
2021-08-26 00:00:00-04:00,420.3648902398338,420.599149899653,418.0691627312955,418.1628723144531,57829600,0.0,0.0,0.0
2021-08-27 00:00:00-04:00,418.9686154512516,422.2763599432397,418.91239543351816,421.90155029296875,77235100,0.0,0.0,0.0
2021-08-30 00:00:00-04:00,422.5762802722132,424.5440669661629,422.33264109600447,423.7569580078125,48357400,0.0,0.0,0.0
2021-08-31 00:00:00-04:00,423.6632692588089,424.0005894306205,422.52946055313254,423.129150390625,59300200,0.0,0.0,0.0
2021-09-01 00:00:00-04:00,424.0661623524176,424.58152211457764,423.11974426960506,423.35400390625,48721400,0.0,0.0,0.0
2021-09-02 00:00:00-04:00,424.77834425136786,425.4623641266029,423.45711639620544,424.6565246582031,42501000,0.0,0.0,0.0
2021-09-03 00:00:00-04:00,423.52271669627993,425.068824666954,423.11976836523195,424.5534362792969,47170500,0.0,0.0,0.0
2021-09-07 00:00:00-04:00,424.20669853552585,424.30040810634716,422.3607315153163,423.035400390625,51671500,0.0,0.0,0.0
2021-09-08 00:00:00-04:00,422.5013195727054,423.2322084875442,420.599103890751,422.5200500488281,56181900,0.0,0.0,0.0
2021-09-09 00:00:00-04:00,422.3232551840981,424.0755125696742,420.467908695529,420.7115478515625,57970400,0.0,0.0,0.0
2021-09-10 00:00:00-04:00,422.6418302154465,423.06348035998116,417.272589605885,417.3944091796875,89948200,0.0,0.0,0.0
2021-09-13 00:00:00-04:00,420.3930027876443,420.6553724465294,416.1481905625877,418.4626770019531,83738600,0.0,0.0,0.0
2021-09-14 00:00:00-04:00,419.90575326564493,420.1119029115105,415.314269621711,416.2044677734375,78197100,0.0,0.0,0.0
2021-09-15 00:00:00-04:00,416.62612251723135,420.17750702921626,415.520423766594,419.6808776855469,78792200,0.0,0.0,0.0
2021-09-16 00:00:00-04:00,419.15611403582216,420.1306135920383,416.0638694935535,419.01556396484375,77786700,0.0,0.0,0.0
2021-09-17 00:00:00-04:00,418.24282930799984,418.6658303177403,414.5766484303606,414.9338684082031,118425000,1.428,0.0,0.0
2021-09-20 00:00:00-04:00,408.8048283528595,410.38408955076596,403.1457660287209,408.01519775390625,166445500,0.0,0.0,0.0
2021-09-21 00:00:00-04:00,410.3558416937555,411.6531020580182,407.10330988661246,407.6297302246094,92526100,0.0,0.0,0.0
2021-09-22 00:00:00-04:00,409.9046690416803,413.64604074631075,407.74258725869817,411.60614013671875,102350100,0.0,0.0,0.0
2021-09-23 00:00:00-04:00,413.4768249344985,418.21463714747955,413.2418148065021,416.6071472167969,76396000,0.0,0.0,0.0
2021-09-24 00:00:00-04:00,414.971434039035,418.00777484083244,414.7552144207099,417.2933349609375,62094800,0.0,0.0,0.0
2021-09-27 00:00:00-04:00,416.25940022123115,417.4250414535586,415.40395978249387,416.099609375,61371100,0.0,0.0,0.0
2021-09-28 00:00:00-04:00,413.3263673075447,413.65538718631905,406.98109458395635,407.7143249511719,130436300,0.0,0.0,0.0
2021-09-29 00:00:00-04:00,409.09622503378733,410.83530568589765,407.8365742138815,408.4006042480469,82329200,0.0,0.0,0.0
2021-09-30 00:00:00-04:00,409.8764201598323,410.58145048611453,403.0705365902038,403.4089660644531,140506000,0.0,0.0,0.0
2021-10-01 00:00:00-04:00,405.1386431605833,409.8858359543711,401.61349147576334,408.2031555175781,129240100,0.0,0.0,0.0
2021-10-04 00:00:00-04:00,407.03749673565017,407.9399274949172,400.79561465530827,402.9389343261719,128570000,0.0,0.0,0.0
2021-10-05 00:00:00-04:00,404.4430304326626,409.3782432393912,403.64401892844825,407.1315612792969,90682500,0.0,0.0,0.0
2021-10-06 00:00:00-04:00,403.5311456620032,409.03038792327897,401.9048940758357,408.8235778808594,113032200,0.0,0.0,0.0
2021-10-07 00:00:00-04:00,412.1043841974191,415.1970969045478,411.92577420062315,412.3581848144531,72437500,0.0,0.0,0.0
2021-10-08 00:00:00-04:00,413.1290299205683,413.51444998736724,410.9763290353788,411.60614013671875,74557400,0.0,0.0,0.0
2021-10-11 00:00:00-04:00,410.9481219621356,413.8622533457,408.5604109808945,408.626220703125,65233300,0.0,0.0,0.0
2021-10-12 00:00:00-04:00,409.5474309242927,409.9516414282403,406.83070028385015,407.6203308105469,71181200,0.0,0.0,0.0
2021-10-13 00:00:00-04:00,408.64503280690064,409.90468374251765,405.6651202312037,409.08685302734375,72974000,0.0,0.0,0.0
2021-10-14 00:00:00-04:00,412.7530051375808,416.11836647826146,412.2829848477017,415.96795654296875,70236800,0.0,0.0,0.0
2021-10-15 00:00:00-04:00,418.0830539008593,419.5025243769304,417.4626236667043,419.1358947753906,66260200,0.0,0.0,0.0
2021-10-18 00:00:00-04:00,417.34971686363633,420.7150487063343,416.69167714112734,420.37664794921875,62213200,0.0,0.0,0.0
2021-10-19 00:00:00-04:00,422.00294140527114,423.6855930358415,421.3918922060494,423.61981201171875,46996800,0.0,0.0,0.0
2021-10-20 00:00:00-04:00,424.0804408117706,425.5845112268091,423.96764055100016,425.28369140625,49571600,0.0,0.0,0.0
2021-10-21 00:00:00-04:00,424.68209422675085,426.618575397613,424.2496836213109,426.3929748535156,41305400,0.0,0.0,0.0
2021-10-22 00:00:00-04:00,425.9606119788899,427.40828257050583,424.0053114184127,425.9512023925781,58845100,0.0,0.0,0.0
2021-10-25 00:00:00-04:00,427.041662859405,428.56452411353644,425.2650009588396,428.2355041503906,45214500,0.0,0.0,0.0
2021-10-26 00:00:00-04:00,429.78654991386077,430.99918156529145,428.2448696453988,428.6208801269531,56075100,0.0,0.0,0.0
2021-10-27 00:00:00-04:00,429.0815570599391,429.74897787469854,426.64682658288626,426.7220458984375,72438000,0.0,0.0,0.0
2021-10-28 00:00:00-04:00,428.15085513172806,430.9145766067055,428.1414742340312,430.8393859863281,51437900,0.0,0.0,0.0
2021-10-29 00:00:00-04:00,428.53631168742606,432.005063860842,428.2449013910372,431.7136535644531,70162400,0.0,0.0,0.0
2021-11-01 00:00:00-04:00,432.70065934906575,433.07669852419264,430.7265971184563,432.4562683105469,48433600,0.0,0.0,0.0
2021-11-02 00:00:00-04:00,432.6253899070384,434.5148802730894,432.4937704821714,434.20465087890625,48908400,0.0,0.0,0.0
2021-11-03 00:00:00-04:00,433.6407307983925,437.25989295856164,433.198910555134,436.8556823730469,52509800,0.0,0.0,0.0
2021-11-04 00:00:00-04:00,437.4573179238719,438.99899841219184,437.10950746163917,438.9143981933594,52847100,0.0,0.0,0.0
2021-11-05 00:00:00-04:00,441.14219466561576,442.4300455313022,438.9237129061649,440.4371643066406,66390600,0.0,0.0,0.0
2021-11-08 00:00:00-05:00,441.5369903422017,442.03521061006205,440.12692973266235,440.8131408691406,50405200,0.0,0.0,0.0
2021-11-09 00:00:00-05:00,441.1798210293701,441.41483115793073,437.946079365355,439.35614013671875,51149100,0.0,0.0,0.0
2021-11-10 00:00:00-05:00,437.6640963262321,439.3561866436364,434.336373208753,435.8216247558594,69429700,0.0,0.0,0.0
2021-11-11 00:00:00-05:00,437.31627671722447,437.3914960298939,435.94382548251065,435.9626159667969,34848500,0.0,0.0,0.0
2021-11-12 00:00:00-05:00,437.2316954723227,439.80739763161506,436.2822452510813,439.2527770996094,53466700,0.0,0.0,0.0
2021-11-15 00:00:00-05:00,440.540545708173,440.70033651062397,438.27504490739136,439.403076171875,46980500,0.0,0.0,0.0
2021-11-16 00:00:00-05:00,439.1399514053057,442.2796835013746,439.0647607814874,441.1422424316406,48857500,0.0,0.0,0.0
2021-11-17 00:00:00-05:00,440.87903881691875,441.0576488248933,439.4501874408848,440.07061767578125,47858300,0.0,0.0,0.0
2021-11-18 00:00:00-05:00,441.10466818812347,441.82851785332514,438.37855602360526,441.5653076171875,50625600,0.0,0.0,0.0
2021-11-19 00:00:00-05:00,441.4524058684626,442.70267579983584,440.4089746825623,440.7756042480469,57315600,0.0,0.0,0.0
2021-11-22 00:00:00-05:00,442.6557009805207,445.1468026589416,439.3279494564215,439.5347595214844,72762000,0.0,0.0,0.0
2021-11-23 00:00:00-05:00,439.205682845372,440.9729634115955,436.6017812293338,440.1175231933594,73206500,0.0,0.0,0.0
2021-11-24 00:00:00-05:00,438.115291443818,441.4148429167893,437.2974607646824,441.2926330566406,61858800,0.0,0.0,0.0
2021-11-26 00:00:00-05:00,434.61837171536075,436.08483277035555,430.32237924723853,431.450439453125,112669600,0.0,0.0,0.0
2021-11-29 00:00:00-05:00,436.24460804442816,438.5852997432788,434.0449166850697,436.7428283691406,86268800,0.0,0.0,0.0
2021-11-30 00:00:00-05:00,434.29879841557255,436.20707986716064,428.0005143227515,428.24493408203125,148559600,0.0,0.0,0.0
2021-12-01 00:00:00-05:00,433.9603158081163,436.8086374124799,423.290850257439,423.4882507324219,131939200,0.0,0.0,0.0
2021-12-02 00:00:00-05:00,423.7044938415965,431.54442870471775,423.3096641820062,429.97454833984375,127637800,0.0,0.0,0.0
2021-12-03 00:00:00-05:00,431.638417799551,432.7006394884692,422.0030024782896,426.2331848144531,137331600,0.0,0.0,0.0
2021-12-06 00:00:00-05:00,428.7807384739588,433.16133126579666,426.36482716234684,431.28125,98977500,0.0,0.0,0.0
2021-12-07 00:00:00-05:00,436.5641964227451,440.76617845486504,431.14955415645403,440.2021484375,95484700,0.0,0.0,0.0
2021-12-08 00:00:00-05:00,440.5969864571496,441.8190276116101,438.83908665382853,441.3677978515625,72238800,0.0,0.0,0.0
2021-12-09 00:00:00-05:00,440.0800010576555,441.4712714729504,438.190538959741,438.387939453125,61272600,0.0,0.0,0.0
2021-12-10 00:00:00-05:00,441.0952068137605,442.665058357532,438.53829554873346,442.5146484375,77159800,0.0,0.0,0.0
2021-12-13 00:00:00-05:00,441.99766876550603,442.3454791791736,438.3126971846737,438.5947265625,87724700,0.0,0.0,0.0
2021-12-14 00:00:00-05:00,435.3233478323497,437.8144493976514,432.6536362786152,435.5771484375,97264100,0.0,0.0,0.0
2021-12-15 00:00:00-05:00,435.63360291576834,442.6274781927471,433.11427244709614,442.3830871582031,116899300,0.0,0.0,0.0
2021-12-16 00:00:00-05:00,444.23491543308455,444.5169160885959,436.9307828900091,438.48187255859375,116568600,0.0,0.0,0.0
2021-12-17 00:00:00-05:00,435.3999644120147,438.4092309837767,432.1077064463905,433.8151550292969,135511600,1.633,0.0,0.0
2021-12-20 00:00:00-05:00,428.730659907755,429.5985195949592,425.5798968391535,429.20233154296875,107134800,0.0,0.0,0.0
2021-12-21 00:00:00-05:00,432.62660471506297,436.96598912839397,430.45692690267214,436.8244934082031,69806300,0.0,0.0,0.0
2021-12-22 00:00:00-05:00,436.56970282367575,441.3052741873866,436.37158007146405,441.19207763671875,58890200,0.0,0.0,0.0
2021-12-23 00:00:00-05:00,442.19206541682075,445.4371678906433,442.08831149730497,443.937255859375,56439700,0.0,0.0,0.0
2021-12-27 00:00:00-05:00,445.3145747017814,450.26712634622396,445.26741905868244,450.219970703125,56808600,0.0,0.0,0.0
2021-12-28 00:00:00-05:00,450.65386765775884,451.6821081838997,449.0879146544429,449.8520202636719,47274600,0.0,0.0,0.0
2021-12-29 00:00:00-05:00,449.95587963835754,451.4463493259037,448.9559380833534,450.42755126953125,54503000,0.0,0.0,0.0
2021-12-30 00:00:00-05:00,450.85201915066745,451.8614033073912,448.7200830453062,449.18231201171875,55329000,0.0,0.0,0.0
2021-12-31 00:00:00-05:00,448.6917271226337,449.84257807075835,447.77668316160356,448.05023193359375,65237400,0.0,0.0,0.0
2022-01-03 00:00:00-05:00,449.31429199851436,450.77649102777576,447.0031187538817,450.6444091796875,72668200,0.0,0.0,0.0
2022-01-04 00:00:00-05:00,452.06889544831097,452.78584543871375,448.635112640116,450.4934997558594,71178700,0.0,0.0,0.0
2022-01-05 00:00:00-05:00,450.12559940549204,450.89914766079016,441.74870802750024,441.8430480957031,104538900,0.0,0.0,0.0
2022-01-06 00:00:00-05:00,441.3808228754029,444.1448112867114,439.0601780901141,441.427978515625,86858900,0.0,0.0,0.0
2022-01-07 00:00:00-05:00,441.43746414128117,442.6166431471201,438.32441429273644,439.6828308105469,85111600,0.0,0.0,0.0
2022-01-10 00:00:00-05:00,436.4849195241094,439.35266218590664,430.7305201228873,439.1357116699219,119362000,0.0,0.0,0.0
2022-01-11 00:00:00-05:00,438.8715061877595,443.2297465587139,435.87165335018614,443.1354064941406,74303100,0.0,0.0,0.0
2022-01-12 00:00:00-05:00,444.8711475087788,446.38994479619777,442.3712941726711,444.33343505859375,67605400,0.0,0.0,0.0
2022-01-13 00:00:00-05:00,445.43710038576376,446.0880093104974,437.18284974889417,438.2110900878906,91173100,0.0,0.0,0.0
2022-01-14 00:00:00-05:00,435.06044163485194,438.73947426347723,433.8435208770397,438.39044189453125,95890900,0.0,0.0,0.0
2022-01-18 00:00:00-05:00,433.6925435130348,433.9000801446297,429.51354052849086,430.6266784667969,109709100,0.0,0.0,0.0
2022-01-19 00:00:00-05:00,432.17377646871046,433.5699058238336,425.88166536173696,426.1552429199219,109357600,0.0,0.0,0.0
2022-01-20 00:00:00-05:00,428.04193941787696,432.749212360242,419.3160155840139,421.43853759765625,122379700,0.0,0.0,0.0
2022-01-21 00:00:00-05:00,420.31596407281415,422.6743219055185,413.1371366485651,413.1654357910156,202271200,0.0,0.0,0.0
2022-01-24 00:00:00-05:00,407.5525363125253,415.4294573025682,396.9210694706066,414.9200439453125,251783900,0.0,0.0,0.0
2022-01-25 00:00:00-05:00,408.52416133637433,414.8068298485873,402.9490001504662,409.8542785644531,167997300,0.0,0.0,0.0
2022-01-26 00:00:00-05:00,415.75012284723124,418.8820284768249,404.562060038854,408.82598876953125,186391100,0.0,0.0,0.0
2022-01-27 00:00:00-05:00,413.42959969479165,416.57091988117384,405.1187484129023,406.80731201171875,149878300,0.0,0.0,0.0
2022-01-28 00:00:00-05:00,408.1657427915105,416.9577086247044,403.5811085016075,416.9105529785156,164457400,0.0,0.0,0.0
2022-01-31 00:00:00-05:00,416.2406374827554,424.76846588196537,414.8916639623664,424.41943359375,152251400,0.0,0.0,0.0
2022-02-01 00:00:00-05:00,425.14585473478627,427.9287283515847,421.6177608084225,427.2872619628906,123155400,0.0,0.0,0.0
2022-02-02 00:00:00-05:00,429.6927065424789,432.1642604239989,427.38150483819487,431.4378967285156,117361000,0.0,0.0,0.0
2022-02-03 00:00:00-05:00,425.4006065808514,427.3061493870198,420.45746888036115,421.29705810546875,118024400,0.0,0.0,0.0
2022-02-04 00:00:00-05:00,421.06118368926354,427.1268727004783,418.68394073588917,423.2780456542969,118454400,0.0,0.0,0.0
2022-02-07 00:00:00-05:00,424.04213853628335,425.4382678088837,420.58949956003295,421.91961669921875,84472900,0.0,0.0,0.0
2022-02-08 00:00:00-05:00,421.4196471387826,426.3155998254575,419.995189934305,425.39111328125,81012000,0.0,0.0,0.0
2022-02-09 00:00:00-05:00,429.42871580152007,431.9380123033958,429.23062177963686,431.6172790527344,92589900,0.0,0.0,0.0
2022-02-10 00:00:00-05:00,425.7684883309894,431.7775795121979,421.86306271080866,423.8629455566406,140103700,0.0,0.0,0.0
2022-02-11 00:00:00-05:00,423.947877125735,426.0232149227556,414.0710725267029,415.50494384765625,153214600,0.0,0.0,0.0
2022-02-14 00:00:00-05:00,414.9955162101405,416.5803257355876,410.67498861776903,414.146484375,123006300,0.0,0.0,0.0
2022-02-15 00:00:00-05:00,418.5896597934599,420.99517327307245,418.0708037959125,420.82537841796875,88482700,0.0,0.0,0.0
2022-02-16 00:00:00-05:00,418.7783192186944,422.6743310487677,416.90107555558865,421.29705810546875,84863600,0.0,0.0,0.0
2022-02-17 00:00:00-05:00,418.1084506831646,421.2686552268729,411.6937303344617,412.2974548339844,102259100,0.0,0.0,0.0
2022-02-18 00:00:00-05:00,412.5522705879942,413.8069331704449,407.3544691120626,409.6279296875,132642900,0.0,0.0,0.0
2022-02-22 00:00:00-05:00,407.4204659812032,410.8259207595827,401.7320794413733,405.2319030761719,124391800,0.0,0.0,0.0
2022-02-23 00:00:00-05:00,408.1467742848696,408.71278582656134,397.4775675598708,398.0435791015625,132578000,0.0,0.0,0.0
2022-02-24 00:00:00-05:00,387.732876144503,404.46780255410187,387.3744299437548,404.0338439941406,213942900,0.0,0.0,0.0
2022-02-25 00:00:00-05:00,405.26959895160047,413.0333227139032,403.61874859349035,412.94842529296875,121804500,0.0,0.0,0.0
2022-02-28 00:00:00-05:00,407.5525226744369,413.37296233027865,406.29788900505855,411.89190673828125,145615000,0.0,0.0,0.0
2022-03-01 00:00:00-05:00,410.39202759579075,412.4013531876371,402.9112942533806,405.61871337890625,137785900,0.0,0.0,0.0
2022-03-02 00:00:00-05:00,407.8732634005898,414.8068411449072,407.1186004140651,413.0805358886719,117726500,0.0,0.0,0.0
2022-03-03 00:00:00-05:00,415.51437058927706,416.1180952528959,409.22225892771945,411.0240478515625,105501700,0.0,0.0,0.0
2022-03-04 00:00:00-05:00,407.2884145484183,408.81662588103086,403.63768107861074,407.68463134765625,113978200,0.0,0.0,0.0
2022-03-07 00:00:00-05:00,407.09972677904506,407.8072341448679,395.60037142345385,395.6664123535156,137896600,0.0,0.0,0.0
2022-03-08 00:00:00-05:00,395.84556504942634,403.00553460296567,391.6005217639534,392.66650390625,164772700,0.0,0.0,0.0
2022-03-09 00:00:00-05:00,401.05289644474624,405.1753011556901,398.86433355936276,403.19427490234375,116990800,0.0,0.0,0.0
2022-03-10 00:00:00-05:00,398.5812801406087,402.2697547820951,396.61913933731984,401.37359619140625,93972700,0.0,0.0,0.0
2022-03-11 00:00:00-05:00,403.86407311815816,404.4772404206204,395.7607587468195,396.2701721191406,95636300,0.0,0.0,0.0
2022-03-14 00:00:00-04:00,397.04361065319006,400.49622036504604,392.2325560612095,393.3739929199219,95729200,0.0,0.0,0.0
2022-03-15 00:00:00-04:00,395.9871173439881,402.65655987964084,394.7136272071247,402.0245361328125,106219100,0.0,0.0,0.0
2022-03-16 00:00:00-04:00,405.5337798825797,410.99571571466925,400.7321381601262,410.9391174316406,144954800,0.0,0.0,0.0
2022-03-17 00:00:00-04:00,409.02419595072837,416.0804138183594,408.64686440877273,416.0804138183594,102676900,0.0,0.0,0.0
2022-03-18 00:00:00-04:00,414.4678791360529,420.9593028336933,413.7297868077792,420.6375732421875,106345500,1.366,0.0,0.0
2022-03-21 00:00:00-04:00,420.4672563901048,422.47335203270006,417.00389114982016,420.51458740234375,88349800,0.0,0.0,0.0
2022-03-22 00:00:00-04:00,421.9056299675631,426.37204353660803,421.9056299675631,425.43524169921875,74650400,0.0,0.0,0.0
2022-03-23 00:00:00-04:00,422.89922534823637,424.3943252385868,419.871137651901,419.956298828125,79426100,0.0,0.0,0.0
2022-03-24 00:00:00-04:00,421.98136130275304,426.29636773137105,420.8647650949058,426.2868957519531,64736900,0.0,0.0,0.0
2022-03-25 00:00:00-04:00,426.92079387932296,428.6430187339525,424.3374565973786,428.36859130859375,77101300,0.0,0.0,0.0
2022-03-28 00:00:00-04:00,427.7725201247763,431.4156799316406,425.8799725760659,431.4156799316406,68529800,0.0,0.0,0.0
2022-03-29 00:00:00-04:00,435.3047964568444,437.2446747767382,432.61738274150923,436.7525939941406,86581500,0.0,0.0,0.0
2022-03-30 00:00:00-04:00,435.60762945908306,436.4214398536475,431.9455548784965,434.0557556152344,79666900,0.0,0.0,0.0
2022-03-31 00:00:00-04:00,433.2893025074121,434.11255605182595,426.9208697553412,427.3750915527344,121699900,0.0,0.0,0.0
2022-04-01 00:00:00-04:00,428.9553659870978,429.0973012788602,425.00942048618305,428.5863342285156,89048800,0.0,0.0,0.0
2022-04-04 00:00:00-04:00,428.78503448200854,432.3619481479705,427.96178092937987,432.2578430175781,59601000,0.0,0.0,0.0
2022-04-05 00:00:00-04:00,430.7626793133144,433.23243960502543,425.65280753068726,426.79779052734375,74214500,0.0,0.0,0.0
2022-04-06 00:00:00-04:00,422.88029691792224,424.81067460735846,419.64402793365923,422.5301513671875,106898000,0.0,0.0,0.0
2022-04-07 00:00:00-04:00,421.65012756907544,426.47612959296237,419.7008059045146,424.6592712402344,78097200,0.0,0.0,0.0
2022-04-08 00:00:00-04:00,423.90221584948597,426.4193072695884,421.9812814601947,423.5237121582031,79272700,0.0,0.0,0.0
2022-04-11 00:00:00-04:00,420.24958914576314,421.09178658035466,415.7832051098399,416.28472900390625,89770500,0.0,0.0,0.0
2022-04-12 00:00:00-04:00,419.2749706687826,421.8015343492119,413.1904372386116,414.7423400878906,84363600,0.0,0.0,0.0
2022-04-13 00:00:00-04:00,414.4962904899716,420.2496221966037,414.3164961668285,419.49261474609375,74070400,0.0,0.0,0.0
2022-04-14 00:00:00-04:00,419.71974367105213,420.8363687322028,414.1651209368808,414.26922607421875,97869500,0.0,0.0,0.0
2022-04-18 00:00:00-04:00,413.3418635849445,416.12391091643246,412.2063234536488,414.4395446777344,66002500,0.0,0.0,0.0
2022-04-19 00:00:00-04:00,414.33537183065033,421.848787018053,414.1650495021856,421.129638671875,77821000,0.0,0.0,0.0
2022-04-20 00:00:00-04:00,422.9086685500845,423.5237406996165,419.65348460531936,420.8173828125,65224400,0.0,0.0,0.0
2022-04-21 00:00:00-04:00,424.44161705872466,425.8326405645599,413.61624352930863,414.524658203125,85417300,0.0,0.0,0.0
2022-04-22 00:00:00-04:00,413.43647336370464,414.54359749502777,402.5827121441921,403.1504821777344,132471800,0.0,0.0,0.0
2022-04-25 00:00:00-04:00,400.9077709224342,405.6580542602697,396.33725301076987,405.48773193359375,119647700,0.0,0.0,0.0
2022-04-26 00:00:00-04:00,402.95179425625525,403.1505325635227,393.716180809768,393.74456787109375,103996300,0.0,0.0,0.0
2022-04-27 00:00:00-04:00,394.823297509531,400.198155000715,392.71312527613804,394.8516845703125,122030000,0.0,0.0,0.0
2022-04-28 00:00:00-04:00,399.6019576141651,406.55707558525125,395.1639313315665,404.82537841796875,105449100,0.0,0.0,0.0
2022-04-29 00:00:00-04:00,400.83211704855785,402.9896201658994,389.1172427381389,389.86480712890625,145491100,0.0,0.0,0.0
2022-05-02 00:00:00-04:00,389.93105502630925,393.57421496301487,383.2598073525532,392.2115783691406,158312500,0.0,0.0,0.0
2022-05-03 00:00:00-04:00,392.7130700591638,396.4224469103301,391.15169530175734,394.00946044921875,100028200,0.0,0.0,0.0
2022-05-04 00:00:00-04:00,394.67183940897127,406.5759792490273,391.48290152050896,406.0082092285156,144247900,0.0,0.0,0.0
2022-05-05 00:00:00-04:00,401.7404848718178,402.16631958492377,387.44230322988835,391.5775146484375,172929100,0.0,0.0,0.0
2022-05-06 00:00:00-04:00,389.01310741996485,392.51430263534195,383.9316224860018,389.2402038574219,151770800,0.0,0.0,0.0
2022-05-09 00:00:00-04:00,383.33556429048593,384.5751807945014,375.1976029403931,376.77789306640625,155586100,0.0,0.0,0.0
2022-05-10 00:00:00-04:00,382.7582178604821,384.26278949238593,373.60776787459224,377.6483459472656,132497200,0.0,0.0,0.0
2022-05-11 00:00:00-04:00,376.68316971112745,382.3324247205916,370.9014225253903,371.64898681640625,142361000,0.0,0.0,0.0
2022-05-12 00:00:00-04:00,368.45061311196713,374.53514652082424,364.4573366484498,371.26104736328125,125090800,0.0,0.0,0.0
2022-05-13 00:00:00-04:00,375.3962141833524,381.5186058960115,374.35530738560897,380.1370544433594,104174400,0.0,0.0,0.0
2022-05-16 00:00:00-04:00,378.490650293456,382.2662739671219,376.2385137589928,378.5947265625,78622400,0.0,0.0,0.0
2022-05-17 00:00:00-04:00,384.6886388298432,386.61904522716617,380.9508462343475,386.3824768066406,83029700,0.0,0.0,0.0
2022-05-18 00:00:00-04:00,381.82146421765935,382.1053347959958,369.56720740842707,370.80682373046875,117674500,0.0,0.0,0.0
2022-05-19 00:00:00-04:00,367.7408696651366,372.96431881468,366.31198717995636,368.5357360839844,98510700,0.0,0.0,0.0
2022-05-20 00:00:00-04:00,372.12210011344524,375.6990132327795,360.09497051983396,368.69659423828125,131432200,0.0,0.0,0.0
2022-05-23 00:00:00-04:00,371.7246556441584,376.36141951205695,369.40630258818845,375.5949401855469,76414900,0.0,0.0,0.0
2022-05-24 00:00:00-04:00,371.4691621082922,373.9200072669515,366.1700241726604,372.72772216796875,91448800,0.0,0.0,0.0
2022-05-25 00:00:00-04:00,371.2326397707966,377.9890479746067,370.83522098115014,376.0207824707031,91472900,0.0,0.0,0.0
2022-05-26 00:00:00-04:00,377.2509375219795,385.1712435361306,377.0427561590206,383.5341796875,82168300,0.0,0.0,0.0
2022-05-27 00:00:00-04:00,385.9944981924295,393.0631636990263,385.7957888065358,392.9496154785156,84768700,0.0,0.0,0.0
2022-05-31 00:00:00-04:00,391.3314665518741,394.0851264101224,388.0005936135915,390.7447814941406,95937000,0.0,0.0,0.0
2022-06-01 00:00:00-04:00,392.8644826922193,393.87697365023195,385.06716741079504,387.5842590332031,86585800,0.0,0.0,0.0
2022-06-02 00:00:00-04:00,387.42343703743313,395.0125426179488,385.17130074310455,394.9652404785156,79609600,0.0,0.0,0.0
2022-06-03 00:00:00-04:00,390.2433012195324,391.79520408065434,387.5085850110212,388.4832458496094,71874300,0.0,0.0,0.0
2022-06-06 00:00:00-04:00,392.49542593941146,394.22709420031765,388.49267756993027,389.66607666015625,57508900,0.0,0.0,0.0
2022-06-07 00:00:00-04:00,386.17432268656637,393.8580609068562,385.71062891259504,393.4038391113281,59272400,0.0,0.0,0.0
2022-06-08 00:00:00-04:00,391.69110286881636,393.4795741929143,388.33184246632624,389.126708984375,64350000,0.0,0.0,0.0
2022-06-09 00:00:00-04:00,387.34768809546443,389.61873928900354,379.87213134765625,379.87213134765625,86289800,0.0,0.0,0.0
2022-06-10 00:00:00-04:00,373.6646004739386,374.51624111312117,368.81021128921816,368.8575134277344,132893900,0.0,0.0,0.0
2022-06-13 00:00:00-04:00,359.4420637467876,361.2967520769685,353.2439538052529,354.8526306152344,170004900,0.0,0.0,0.0
2022-06-14 00:00:00-04:00,356.6032925923492,357.63472758428236,350.6796092755737,353.78338623046875,104011800,0.0,0.0,0.0
2022-06-15 00:00:00-04:00,357.08582684228884,363.27446487884,352.1273619331276,358.8269958496094,125666800,0.0,0.0,0.0
2022-06-16 00:00:00-04:00,350.6038334285706,351.0107241373277,344.51927236083463,346.9512023925781,134473300,0.0,0.0,0.0
2022-06-17 00:00:00-04:00,347.3665544750161,351.0444479219139,344.19235133733406,347.69915771484375,111113900,1.577,0.0,0.0
2022-06-21 00:00:00-04:00,353.42985407891445,357.8395151338056,353.3538089384876,356.4519958496094,76811900,0.0,0.0,0.0
2022-06-22 00:00:00-04:00,352.22296583921377,359.92089960070416,351.80480446926504,355.80584716796875,90059400,0.0,0.0,0.0
2022-06-23 00:00:00-04:00,357.94408234086904,360.02534683784137,354.3802275814878,359.2935791015625,79292100,0.0,0.0,0.0
2022-06-24 00:00:00-04:00,362.4677899153683,370.72643183907684,362.43928023680013,370.7169189453125,98050300,0.0,0.0,0.0
2022-06-27 00:00:00-04:00,371.63881476677494,371.93342448126845,368.20802402579585,369.3009338378906,66009600,0.0,0.0,0.0
2022-06-28 00:00:00-04:00,370.859513206885,373.6440649503389,361.6409966809316,361.7550354003906,86548900,0.0,0.0,0.0
2022-06-29 00:00:00-04:00,362.3062236029839,363.2945784041764,359.63571085622056,361.46038818359375,65676000,0.0,0.0,0.0
2022-06-30 00:00:00-04:00,357.563929508268,361.76453925396646,354.06660685286846,358.5238037109375,112508300,0.0,0.0,0.0
2022-07-01 00:00:00-04:00,357.86805091376164,362.7529219458162,355.2450444294537,362.31573486328125,74839700,0.0,0.0,0.0
2022-07-05 00:00:00-04:00,357.22178593032197,363.01899526887956,354.3896990068369,362.9999694824219,81438000,0.0,0.0,0.0
2022-07-06 00:00:00-04:00,363.1425872465519,366.7159554565062,360.75719981096245,364.22601318359375,70426200,0.0,0.0,0.0
2022-07-07 00:00:00-04:00,366.0031367080708,370.4793302796413,364.2449625145711,369.6810302734375,64525900,0.0,0.0,0.0
2022-07-08 00:00:00-04:00,368.0464848680788,371.24922746104284,366.5164167860133,369.37701416015625,72397800,0.0,0.0,0.0
2022-07-11 00:00:00-04:00,366.69686807289065,367.6662260380733,364.4635134934426,365.15728759765625,58366900,0.0,0.0,0.0
2022-07-12 00:00:00-04:00,364.60614303529803,366.99155941529256,360.17745545859367,361.9261169433594,62219200,0.0,0.0,0.0
2022-07-13 00:00:00-04:00,356.48056122161495,362.96203282628903,356.06239989210513,360.025390625,84224600,0.0,0.0,0.0
2022-07-14 00:00:00-04:00,355.064490796516,360.234458871572,352.6220841639683,359.15106201171875,89704800,0.0,0.0,0.0
2022-07-15 00:00:00-04:00,363.5606860012762,366.12667298735175,361.6504796031944,366.01263427734375,79060400,0.0,0.0,0.0
2022-07-18 00:00:00-04:00,369.1013252129824,369.7760736131692,361.764534839165,362.9905090332031,63203600,0.0,0.0,0.0
2022-07-19 00:00:00-04:00,366.91553906146305,373.36850148412316,366.2598163377438,372.79827880859375,78506000,0.0,0.0,0.0
2022-07-20 00:00:00-04:00,372.98831383414614,376.5901914099878,371.619791193265,375.17413330078125,71843800,0.0,0.0,0.0
2022-07-21 00:00:00-04:00,374.5944510061109,379.04213537491796,372.1900378364041,378.99462890625,64903900,0.0,0.0,0.0
2022-07-22 00:00:00-04:00,379.1181409721045,380.3155764832449,373.2543990144218,375.4782409667969,72197300,0.0,0.0,0.0
2022-07-25 00:00:00-04:00,376.1054757940071,376.78973707432243,373.6915500269605,375.9344177246094,53631500,0.0,0.0,0.0
2022-07-26 00:00:00-04:00,374.29030390175836,374.4993845551237,370.59341339787153,371.48675537109375,52946400,0.0,0.0,0.0
2022-07-27 00:00:00-04:00,374.7844685236655,382.8815653652331,374.4898588407444,381.1329040527344,82342100,0.0,0.0,0.0
2022-07-28 00:00:00-04:00,381.9407350618802,386.60698374585616,378.38636390787866,385.9132385253906,73966600,0.0,0.0,0.0
2022-07-29 00:00:00-04:00,387.3482705951752,392.52775161157655,386.5784802133014,391.53936767578125,87003700,0.0,0.0,0.0
2022-08-01 00:00:00-04:00,388.84030221771746,392.88885045045953,388.1275312754867,390.3798828125,69997500,0.0,0.0,0.0
2022-08-02 00:00:00-04:00,388.81188524619347,392.4992924403069,386.62606543660127,387.80450439453125,63435400,0.0,0.0,0.0
2022-08-03 00:00:00-04:00,389.9332960683664,395.0462453718832,389.6481992309968,393.8773193359375,67820600,0.0,0.0,0.0
2022-08-04 00:00:00-04:00,393.8011998743411,394.48546115765066,391.96700956030446,393.61114501953125,45656600,0.0,0.0,0.0
2022-08-05 00:00:00-04:00,389.32504829644654,393.5921616324373,389.2680289335886,392.9459228515625,56814900,0.0,0.0,0.0
2022-08-08 00:00:00-04:00,394.63757214293867,396.8899240250277,391.3873233872075,392.48974609375,53886100,0.0,0.0,0.0
2022-08-09 00:00:00-04:00,391.75799267097744,392.26168307241494,389.85726979721653,390.9311828613281,44931800,0.0,0.0,0.0
2022-08-10 00:00:00-04:00,397.9923742118508,399.2848808891106,396.0346319089587,399.1423034667969,68665700,0.0,0.0,0.0
2022-08-11 00:00:00-04:00,401.99338786938506,403.8561172277085,398.4010226822332,399.1423034667969,59489700,0.0,0.0,0.0
2022-08-12 00:00:00-04:00,401.08098369306896,406.00384833286853,400.1306223802401,405.8993225097656,61694500,0.0,0.0,0.0
2022-08-15 00:00:00-04:00,403.68498595264106,408.09467660080554,403.6279665910464,407.57196044921875,54048300,0.0,0.0,0.0
2022-08-16 00:00:00-04:00,406.4980568196023,410.29950209001703,405.69024389909407,408.3702697753906,59289000,0.0,0.0,0.0
2022-08-17 00:00:00-04:00,404.7684215424708,408.18021543915523,403.4664310836019,405.4716796875,63563400,0.0,0.0,0.0
2022-08-18 00:00:00-04:00,405.6712159722093,407.33434826924736,404.37873850839094,406.6501159667969,49023200,0.0,0.0,0.0
2022-08-19 00:00:00-04:00,403.8845695793236,404.1506695923492,400.3112016877868,401.185546875,68016900,0.0,0.0,0.0
2022-08-22 00:00:00-04:00,396.34816754384633,396.5192546194772,391.92899331076484,392.83184814453125,77695600,0.0,0.0,0.0
2022-08-23 00:00:00-04:00,392.40421793285645,394.7991472328157,391.33030490584025,391.88153076171875,49105200,0.0,0.0,0.0
2022-08-24 00:00:00-04:00,391.65333515759266,394.5044187208081,390.9691029450339,393.13592529296875,49177800,0.0,0.0,0.0
2022-08-25 00:00:00-04:00,394.6280346959815,398.73360265745475,393.5351249523274,398.68609619140625,50942300,0.0,0.0,0.0
2022-08-26 00:00:00-04:00,398.5720522592657,399.1137361754967,385.13392912672487,385.1909484863281,103087000,0.0,0.0,0.0
2022-08-29 00:00:00-04:00,382.23536401267944,385.6946644031111,381.285002619314,382.6440124511719,65370800,0.0,0.0,0.0
2022-08-30 00:00:00-04:00,383.8034109464827,384.0410012678557,376.34306905482566,378.443359375,85652400,0.0,0.0,0.0
2022-08-31 00:00:00-04:00,380.07799803546214,381.3229690519403,375.4307462340977,375.56378173828125,76029700,0.0,0.0,0.0
2022-09-01 00:00:00-04:00,373.3874439782647,377.08433414493715,370.6789086257784,376.7422180175781,78740100,0.0,0.0,0.0
2022-09-02 00:00:00-04:00,380.41065862148133,381.6271200488621,370.9545511254495,372.7697448730469,99632100,0.0,0.0,0.0
2022-09-06 00:00:00-04:00,373.61551062805364,374.5563589538971,369.1393174077795,371.3631591796875,76637400,0.0,0.0,0.0
2022-09-07 00:00:00-04:00,371.0495973756983,378.8045499413538,370.8310328137159,378.0347595214844,70964200,0.0,0.0,0.0
2022-09-08 00:00:00-04:00,375.7633824847431,380.9618311489722,374.5564050265275,380.50567626953125,80821700,0.0,0.0,0.0
2022-09-09 00:00:00-04:00,382.74852125573165,387.28176346215974,382.4824212375365,386.41693115234375,76706900,0.0,0.0,0.0
2022-09-12 00:00:00-04:00,388.4886832810648,391.29226066106133,388.1845607104956,390.5699768066406,69256300,0.0,0.0,0.0
2022-09-13 00:00:00-04:00,381.88376537934636,383.0907430985461,372.4657080274688,373.5871276855469,122947100,0.0,0.0,0.0
2022-09-14 00:00:00-04:00,374.88902163325827,376.53315711649486,371.7053054907733,375.0125732421875,85023700,0.0,0.0,0.0
2022-09-15 00:00:00-04:00,373.4539971854713,376.30508130578556,369.4814936051546,370.7549743652344,87633800,0.0,0.0,0.0
2022-09-16 00:00:00-04:00,366.5714428970576,368.58492846304785,364.6342566105422,367.9264831542969,103084800,1.596,0.0,0.0
2022-09-19 00:00:00-04:00,364.77738708177657,370.7796936035156,364.7010295654018,370.7796936035156,73278500,0.0,0.0,0.0
2022-09-20 00:00:00-04:00,367.44944233835855,368.4609613594327,363.76599177517704,366.5238037109375,77274900,0.0,0.0,0.0
2022-09-21 00:00:00-04:00,368.45132204995605,371.50498233585387,360.1206054997159,360.1301574707031,106746600,0.0,0.0,0.0
2022-09-22 00:00:00-04:00,359.3572464253826,360.99858405499543,356.36086825522057,357.1051940917969,89472600,0.0,0.0,0.0
2022-09-23 00:00:00-04:00,353.63161092219536,353.66978968711527,346.67503807204696,351.1219177246094,122346900,0.0,0.0,0.0
2022-09-26 00:00:00-04:00,349.652370039799,353.2785667174396,346.4269485005134,347.6484069824219,92581200,0.0,0.0,0.0
2022-09-27 00:00:00-04:00,351.18870108949443,353.459857136267,344.3657100991575,346.76092529296875,108294100,0.0,0.0,0.0
2022-09-28 00:00:00-04:00,347.71519752115427,355.27296245080464,346.01660643811806,353.58392333984375,110802200,0.0,0.0,0.0
2022-09-29 00:00:00-04:00,350.03404240715685,350.3203103402681,343.24923029563433,346.1979064941406,112952300,0.0,0.0,0.0
2022-09-30 00:00:00-04:00,345.25315265968237,349.17519794486384,340.7108699138818,340.8444519042969,153711200,0.0,0.0,0.0
2022-10-03 00:00:00-04:00,344.5660544284427,351.69441640615145,342.7815832218094,349.8431396484375,89756500,0.0,0.0,0.0
2022-10-04 00:00:00-04:00,355.36842016959133,360.71231209913736,349.8050658415785,360.6836853027344,103602800,0.0,0.0,0.0
2022-10-05 00:00:00-04:00,356.31307797444373,362.1054452964354,353.98466868106397,359.8438415527344,88065700,0.0,0.0,0.0
2022-10-06 00:00:00-04:00,358.44114174816866,361.3993701215644,355.6355993235401,356.1318359375,82333500,0.0,0.0,0.0
2022-10-07 00:00:00-04:00,352.09525889115315,356.2176918591457,344.432509914981,346.1979064941406,107789500,0.0,0.0,0.0
2022-10-10 00:00:00-04:00,347.3144345542121,347.55300090951783,341.31212602246524,343.55462646484375,76042800,0.0,0.0,0.0
2022-10-11 00:00:00-04:00,341.85594728520135,346.4268856317471,339.441657555121,341.3788146972656,92482800,0.0,0.0,0.0
2022-10-12 00:00:00-04:00,341.7891591233935,343.3636907851623,340.0046588434037,340.2527770996094,76991800,0.0,0.0,0.0
2022-10-13 00:00:00-04:00,333.23895758959026,350.7020290219594,332.18925999717504,349.2324523925781,147254500,0.0,0.0,0.0
2022-10-14 00:00:00-04:00,351.6944872171797,353.3263019525563,340.63455517563204,341.27392578125,123737000,0.0,0.0,0.0
2022-10-17 00:00:00-04:00,347.3621566992135,351.1505914925585,340.9399400894957,350.04364013671875,93168200,0.0,0.0,0.0
2022-10-18 00:00:00-04:00,357.9735862808012,358.27895819985764,350.7116114004365,354.1565246582031,97162900,0.0,0.0,0.0
2022-10-19 00:00:00-04:00,352.11430914770796,354.84352278104876,348.83163450834223,351.646728515625,79746900,0.0,0.0,0.0
2022-10-20 00:00:00-04:00,351.19826004641624,355.62606505287266,347.9346598802896,348.6980895996094,88283100,0.0,0.0,0.0
2022-10-21 00:00:00-04:00,348.4213409562037,357.65862205185954,346.91361459894165,357.1719665527344,131038400,0.0,0.0,0.0
2022-10-24 00:00:00-04:00,358.698788584184,362.67805847697105,356.0459031598392,361.54248046875,85436900,0.0,0.0,0.0
2022-10-25 00:00:00-04:00,361.46614520779,367.63069061993605,361.351638036336,367.3157958984375,78846300,0.0,0.0,0.0
2022-10-26 00:00:00-04:00,364.1667310883198,369.8541443090124,363.90908993272876,364.5484313964844,104087300,0.0,0.0,0.0
2022-10-27 00:00:00-04:00,365.55036040862007,367.3920851710098,361.9813889212359,362.6016845703125,81971800,0.0,0.0,0.0
2022-10-28 00:00:00-04:00,362.49674993223925,371.70540412790007,362.31543719795053,371.228271484375,100302000,0.0,0.0,0.0
2022-10-31 00:00:00-04:00,368.7662749442344,370.6366267278111,367.64024890976526,368.5467834472656,96631300,0.0,0.0,0.0
2022-11-01 00:00:00-04:00,372.2971084338641,372.53567477828875,365.7603847722544,366.9341125488281,85407600,0.0,0.0,0.0
2022-11-02 00:00:00-04:00,366.34241671143474,370.85610174230845,357.62044763501416,357.72540283203125,126990400,0.0,0.0,0.0
2022-11-03 00:00:00-04:00,354.4809460886305,357.08610094389695,351.9235219733596,354.0419921875,87100100,0.0,0.0,0.0
2022-11-04 00:00:00-04:00,359.75802297669105,361.5424944523819,353.07816578614245,359.13775634765625,103505200,0.0,0.0,0.0
2022-11-07 00:00:00-05:00,360.4354853214063,363.164698821556,358.3551942624768,362.57305908203125,68286900,0.0,0.0,0.0
2022-11-08 00:00:00-05:00,363.6800782301254,367.50669186220006,360.445133617555,364.5293884277344,84641100,0.0,0.0,0.0
2022-11-09 00:00:00-05:00,362.5539832992573,363.7086651999319,356.52302003221314,357.0192565917969,78495500,0.0,0.0,0.0
2022-11-10 00:00:00-05:00,370.3026114178393,376.9729451885855,368.00285783726986,376.6389465332031,141455800,0.0,0.0,0.0
2022-11-11 00:00:00-05:00,377.4978037709963,381.085850591747,375.60834800694585,380.2842712402344,93839900,0.0,0.0,0.0
2022-11-14 00:00:00-05:00,378.5188319106351,381.877834879153,376.77251031322436,377.04925537109375,71903500,0.0,0.0,0.0
2022-11-15 00:00:00-05:00,382.8035164099832,383.91046764433503,376.44810606485254,380.2651672363281,93194500,0.0,0.0,0.0
2022-11-16 00:00:00-05:00,378.6333567193718,379.5876219491824,376.7343782310451,377.36419677734375,68508500,0.0,0.0,0.0
2022-11-17 00:00:00-05:00,372.6023818822728,376.88705243365007,372.2970391508522,376.2095031738281,74496300,0.0,0.0,0.0
2022-11-18 00:00:00-05:00,379.5494183386701,379.6162238896307,375.0643895252909,377.9176330566406,92922500,0.0,0.0,0.0
2022-11-21 00:00:00-05:00,376.59127932303574,377.7173054097724,374.70182350827446,376.5435485839844,51243200,0.0,0.0,0.0
2022-11-22 00:00:00-05:00,378.49021994388283,381.7728946397623,377.07789693039774,381.61065673828125,60429000,0.0,0.0,0.0
2022-11-23 00:00:00-05:00,381.2766761134872,384.5020973782574,381.0476617682043,384.01544189453125,68261600,0.0,0.0,0.0
2022-11-25 00:00:00-05:00,383.45240227506304,384.4830250793276,383.175686313319,383.9295349121094,30545400,0.0,0.0,0.0
2022-11-28 00:00:00-05:00,380.837748913633,382.4790864541177,377.0397623978261,377.8031921386719,67881600,0.0,0.0,0.0
2022-11-29 00:00:00-05:00,377.93671115122805,379.1295426207394,375.3124819183031,377.15423583984375,52310000,0.0,0.0,0.0
2022-11-30 00:00:00-05:00,377.4023257136843,389.0348205566406,375.4842725098609,389.0348205566406,144566700,0.0,0.0,0.0
2022-12-01 00:00:00-05:00,390.07497917155587,391.2487358630156,386.2388435135502,388.7485656738281,76398200,0.0,0.0,0.0
2022-12-02 00:00:00-05:00,383.853229920111,389.2066444558519,383.7482747120534,388.30010986328125,85342700,0.0,0.0,0.0
2022-12-05 00:00:00-05:00,385.4754615098056,386.4106228219642,379.9598094992948,381.3148498535156,77289800,0.0,0.0,0.0
2022-12-06 00:00:00-05:00,381.1526980591558,381.69660720336174,373.72851442805074,375.8183288574219,77972200,0.0,0.0,0.0
2022-12-07 00:00:00-05:00,374.96901554376115,377.54554354532956,374.04337702250234,375.178955078125,65927900,0.0,0.0,0.0
2022-12-08 00:00:00-05:00,377.06834311332335,379.1867837767733,375.2838428310427,378.1180114746094,60737900,0.0,0.0,0.0
2022-12-09 00:00:00-05:00,376.8775715745364,379.43499580414664,375.16942838990695,375.2934875488281,81447700,0.0,0.0,0.0
2022-12-12 00:00:00-05:00,376.0855229503339,380.7041931152344,375.41755464321574,380.7041931152344,75405800,0.0,0.0,0.0
2022-12-13 00:00:00-05:00,391.45868674150205,391.7163278716569,380.8186351718438,383.58599853515625,123782500,0.0,0.0,0.0
2022-12-14 00:00:00-05:00,383.2424323385713,386.9545379387217,378.1848384359595,381.1335144042969,108111300,0.0,0.0,0.0
2022-12-15 00:00:00-05:00,376.2667660559643,377.17332966722427,370.1499515992905,371.81036376953125,117705900,0.0,0.0,0.0
2022-12-16 00:00:00-05:00,369.2517350620785,370.59383534034583,365.2829507209457,367.42071533203125,119858000,1.781,0.0,0.0
2022-12-19 00:00:00-05:00,367.6124594366193,367.9479918227815,362.63707790509415,364.30511474609375,79878100,0.0,0.0,0.0
2022-12-20 00:00:00-05:00,363.54785469861747,366.42379682476735,362.22491663969316,364.8036804199219,74427200,0.0,0.0,0.0
2022-12-21 00:00:00-05:00,367.40158229485894,371.3895586231339,366.864742140629,370.25836181640625,78167400,0.0,0.0,0.0
2022-12-22 00:00:00-05:00,367.20980089104194,370.23912957543627,359.2722031883447,364.9761657714844,100120900,0.0,0.0,0.0
2022-12-23 00:00:00-05:00,363.950423157118,367.21941379519086,362.39741929068407,367.07562255859375,59857300,0.0,0.0,0.0
2022-12-27 00:00:00-05:00,366.96058546509136,367.3056844290648,363.9504190865602,365.6280517578125,51638200,0.0,0.0,0.0
2022-12-28 00:00:00-05:00,365.5609112966341,367.53575137567236,360.85397945187947,361.08404541015625,70911500,0.0,0.0,0.0
2022-12-29 00:00:00-05:00,363.9312961910967,368.4561128288235,363.4040225980941,367.583740234375,66970900,0.0,0.0,0.0
2022-12-30 00:00:00-05:00,364.8995512939543,366.7593002885038,362.78091952867106,366.6155090332031,84022200,0.0,0.0,0.0
2023-01-03 00:00:00-05:00,368.4752072280289,370.4500180533657,362.2056465586836,365.072021484375,74850700,0.0,0.0,0.0
2023-01-04 00:00:00-05:00,367.3344711039099,369.92283055639075,364.28597966385496,367.8905029296875,85934100,0.0,0.0,0.0
2023-01-05 00:00:00-05:00,365.9349124715254,366.0499454867318,363.09732415923725,363.6916809082031,76970500,0.0,0.0,0.0
2023-01-06 00:00:00-05:00,366.78802795358683,373.153460042991,363.72037415912655,372.0318298339844,104189600,0.0,0.0,0.0
2023-01-09 00:00:00-05:00,374.2271676198182,377.419479732033,371.63883728473166,371.8209533691406,73978100,0.0,0.0,0.0
2023-01-10 00:00:00-05:00,371.2361537559992,374.4955486092587,370.29666890331214,374.4284362792969,65358100,0.0,0.0,0.0
2023-01-11 00:00:00-05:00,376.01025589251583,379.24089274048094,375.1953998041472,379.1641845703125,68881100,0.0,0.0,0.0
2023-01-12 00:00:00-05:00,380.2665995563064,382.0113152345906,376.19234893637963,380.5445861816406,90157700,0.0,0.0,0.0
2023-01-13 00:00:00-05:00,377.34276186889844,382.5961598321735,377.0743417835104,382.0209655761719,63903900,0.0,0.0,0.0
2023-01-17 00:00:00-05:00,382.00179714035386,383.67942996148565,380.64050506445955,381.3211364746094,62677300,0.0,0.0,0.0
2023-01-18 00:00:00-05:00,382.5098268846119,383.5739112290624,375.09947353048597,375.30078125,99632300,0.0,0.0,0.0
2023-01-19 00:00:00-05:00,373.2588624544161,374.90773682058955,371.24572672429906,372.56866455078125,86958900,0.0,0.0,0.0
2023-01-20 00:00:00-05:00,373.9682673467044,379.66263388423897,372.31939304197067,379.5092468261719,91806400,0.0,0.0,0.0
2023-01-23 00:00:00-05:00,380.31452159871134,385.9992925218667,379.3558743905331,384.0628356933594,84178800,0.0,0.0,0.0
2023-01-24 00:00:00-05:00,382.38524381226813,384.56136267462904,381.1965305092897,383.6506652832031,59524900,0.0,0.0,0.0
2023-01-25 00:00:00-05:00,379.57636134944494,384.12993543916394,377.2851805542504,383.7944030761719,84800300,0.0,0.0,0.0
2023-01-26 00:00:00-05:00,386.45953858718786,388.1755256582537,383.48772573805405,388.0125427246094,72287400,0.0,0.0,0.0
2023-01-27 00:00:00-05:00,386.967565239786,391.28147800741476,386.7566616675893,388.9040222167969,68346200,0.0,0.0,0.0
2023-01-30 00:00:00-05:00,386.1431078861568,388.3767724039486,383.7273273025726,384.0245056152344,74202000,0.0,0.0,0.0
2023-01-31 00:00:00-05:00,384.5422207556733,389.71891065606565,384.19709249266276,389.6709899902344,86811800,0.0,0.0,0.0
2023-02-01 00:00:00-05:00,388.45345165426824,396.5636286134995,385.7117345077939,393.8122863769531,101459200,0.0,0.0,0.0
2023-02-02 00:00:00-05:00,397.704397771963,401.01174260046105,395.8062948752539,399.5450134277344,101654500,0.0,0.0,0.0
2023-02-03 00:00:00-05:00,394.56960600643197,399.72713273402843,394.09028239614366,395.2981872558594,94736800,0.0,0.0,0.0
2023-02-06 00:00:00-05:00,392.8440604283562,394.2820312874674,391.2239442533102,392.88238525390625,60295300,0.0,0.0,0.0
2023-02-07 00:00:00-05:00,391.9621243970152,399.2670122823971,390.7158945853212,398.0207824707031,90990700,0.0,0.0,0.0
2023-02-08 00:00:00-05:00,396.0459125600925,397.3880127555721,392.97822989420473,393.66845703125,76227500,0.0,0.0,0.0
2023-02-09 00:00:00-05:00,397.27301170174235,397.42639877292254,389.02863947326034,390.2557067871094,78694900,0.0,0.0,0.0
2023-02-10 00:00:00-05:00,389.0765392196659,391.5498653830581,388.26171250273467,391.1664123535156,70769700,0.0,0.0,0.0
2023-02-13 00:00:00-05:00,391.8182447169601,395.89249490064,391.3580835759682,395.7582702636719,64913500,0.0,0.0,0.0
2023-02-14 00:00:00-05:00,394.23410329587506,397.88654714068605,391.6170149103328,395.57623291015625,88389300,0.0,0.0,0.0
2023-02-15 00:00:00-05:00,393.3808847880114,396.93745771221506,392.5372705702228,396.86077880859375,61555700,0.0,0.0,0.0
2023-02-16 00:00:00-05:00,391.8854343728946,395.83505653186137,391.2623194847148,391.3965148925781,76431500,0.0,0.0,0.0
2023-02-17 00:00:00-05:00,389.2682823043391,390.6583324559055,387.34139205761664,390.4186706542969,89257800,0.0,0.0,0.0
2023-02-21 00:00:00-05:00,386.392440449129,387.44695849959504,382.32778460616737,382.58660888671875,82655900,0.0,0.0,0.0
2023-02-22 00:00:00-05:00,382.9987512663258,384.54218860202,380.6021330632425,382.0592956542969,83742300,0.0,0.0,0.0
2023-02-23 00:00:00-05:00,384.95432927805933,385.5678774681562,379.8639154891751,384.091552734375,96242400,0.0,0.0,0.0
2023-02-24 00:00:00-05:00,379.0683237378521,380.8226354035622,377.36193273433554,379.9886169433594,108194400,0.0,0.0,0.0
2023-02-27 00:00:00-05:00,383.33429643374495,384.69558849089844,380.34332149757034,381.2828063964844,80444700,0.0,0.0,0.0
2023-02-28 00:00:00-05:00,380.80348526155615,382.7687005643169,379.76812977335084,379.87359619140625,96438600,0.0,0.0,0.0
2023-03-01 00:00:00-05:00,379.05871889408525,380.285786224129,377.11266611466596,378.4164123535156,99706800,0.0,0.0,0.0
2023-03-02 00:00:00-05:00,376.4416013971857,382.20308082772186,376.1060690029621,381.3594665527344,85127800,0.0,0.0,0.0
2023-03-03 00:00:00-05:00,383.1808966203792,387.7249046275864,382.5290234904316,387.47564697265625,90120000,0.0,0.0,0.0
2023-03-06 00:00:00-05:00,388.3000210358587,390.6007976277676,387.3030490519938,387.7440185546875,72795900,0.0,0.0,0.0
2023-03-07 00:00:00-05:00,387.6961807819027,387.93584262349646,381.1869569726485,381.80047607421875,108310600,0.0,0.0,0.0
2023-03-08 00:00:00-05:00,381.91556305269023,383.18095542395616,380.18998012816763,382.42364501953125,74746600,0.0,0.0,0.0
2023-03-09 00:00:00-05:00,383.20967866619384,384.87774493306273,374.38054484861016,375.3679504394531,111945300,0.0,0.0,0.0
2023-03-10 00:00:00-05:00,374.82148382483746,376.901761257044,368.4273229667233,369.9515686035156,189253000,0.0,0.0,0.0
2023-03-13 00:00:00-04:00,366.0210998932848,374.24630958503957,364.90906558564376,369.4242858886719,157790000,0.0,0.0,0.0
2023-03-14 00:00:00-04:00,374.35173718346283,377.17975816787913,371.0443925918974,375.5308837890625,149752400,0.0,0.0,0.0
2023-03-15 00:00:00-04:00,369.9323910671056,373.38349766674736,367.8425178859198,373.18218994140625,172996900,0.0,0.0,0.0
2023-03-16 00:00:00-04:00,370.82395451887174,380.0748950855989,370.31587262158683,379.7297668457031,143254200,0.0,0.0,0.0
2023-03-17 00:00:00-04:00,378.3979622867853,379.5334763060183,373.9039803951704,375.2897033691406,140553400,1.506,0.0,0.0
2023-03-20 00:00:00-04:00,376.06916402579844,379.31215983644114,375.3666994576997,378.8983459472656,93055800,0.0,0.0,0.0
2023-03-21 00:00:00-04:00,382.26637985609574,384.3545965453815,380.6689485650316,383.8734436035156,91524200,0.0,0.0,0.0
2023-03-22 00:00:00-04:00,383.70032508905524,387.3185760861018,377.2913628844689,377.329833984375,111746600,0.0,0.0,0.0
2023-03-23 00:00:00-04:00,380.19740321072396,384.2390994049272,375.6360830177107,378.34979248046875,119351300,0.0,0.0,0.0
2023-03-24 00:00:00-04:00,377.069990985465,380.91921510254883,374.7219619246639,380.8326110839844,107682400,0.0,0.0,0.0
2023-03-27 00:00:00-04:00,383.11321049277444,383.8830728135966,380.64970980063305,381.5446472167969,74010400,0.0,0.0,0.0
2023-03-28 00:00:00-04:00,380.8518079845922,381.54466943004763,378.8502245684134,380.688232421875,62871700,0.0,0.0,0.0
2023-03-29 00:00:00-04:00,384.8550092196648,386.46207306808367,383.6521267894026,386.22149658203125,77497900,0.0,0.0,0.0
2023-03-30 00:00:00-04:00,388.85822473969705,389.1084336951085,386.61606470017716,388.4829406738281,69840000,0.0,0.0,0.0
2023-03-31 00:00:00-04:00,389.40671748046964,394.2567475446969,389.30084855820127,393.95843505859375,112062600,0.0,0.0,0.0
2023-04-03 00:00:00-04:00,393.4387769608017,395.86377728046097,393.04422801384897,395.4596252441406,67391100,0.0,0.0,0.0
2023-04-04 00:00:00-04:00,396.10434874148575,396.39305813101834,391.8894442126204,393.26556396484375,66601500,0.0,0.0,0.0
2023-04-05 00:00:00-04:00,392.53424390704595,393.2944738697264,390.5807639021192,392.2359313964844,65200200,0.0,0.0,0.0
2023-04-06 00:00:00-04:00,391.43713711455257,394.04500709302937,390.38822726994033,393.76593017578125,63743300,0.0,0.0,0.0
2023-04-10 00:00:00-04:00,391.28318728502614,394.2471058980047,390.66732678096605,394.17010498046875,63681000,0.0,0.0,0.0
2023-04-11 00:00:00-04:00,394.7956849780574,395.6809900883233,393.50619840980073,394.2760314941406,59297900,0.0,0.0,0.0
2023-04-12 00:00:00-04:00,396.3449304189456,396.63363981226826,392.0819222861502,392.6689147949219,86420400,0.0,0.0,0.0
2023-04-13 00:00:00-04:00,393.75634279356007,398.2406920585318,392.6111963601302,397.8846435546875,85814800,0.0,0.0,0.0
2023-04-14 00:00:00-04:00,397.2495021524552,399.44355846247794,394.6031608879993,396.9126892089844,78161500,0.0,0.0,0.0
2023-04-17 00:00:00-04:00,396.82611712486937,398.356180127704,395.59436663010166,398.3369445800781,66436400,0.0,0.0,0.0
2023-04-18 00:00:00-04:00,399.91503394298456,400.0497708521034,397.2205894330338,398.5966796875,63560000,0.0,0.0,0.0
2023-04-19 00:00:00-04:00,396.6818088890477,399.4339901497687,396.6240728742949,398.5294494628906,55227300,0.0,0.0,0.0
2023-04-20 00:00:00-04:00,395.7098867609297,398.1060489414768,394.80531666931387,396.3546447753906,75840400,0.0,0.0,0.0
2023-04-21 00:00:00-04:00,396.65293468061344,397.12445524947367,394.70908702407195,396.6625671386719,73457400,0.0,0.0,0.0
2023-04-24 00:00:00-04:00,396.46043453439125,397.4997414469219,395.12284448225694,397.0763244628906,64332100,0.0,0.0,0.0
2023-04-25 00:00:00-04:00,395.103539346267,395.661693208056,390.7154268377835,390.7731628417969,97766700,0.0,0.0,0.0
2023-04-26 00:00:00-04:00,391.38909943441206,392.46687746099377,388.5599174310108,389.1180419921875,80447000,0.0,0.0,0.0
2023-04-27 00:00:00-04:00,391.65851488224934,397.1340379925136,391.4083059420538,396.8645935058594,92968400,0.0,0.0,0.0
2023-04-28 00:00:00-04:00,395.9792514788031,400.2615245465103,395.92151547329547,400.25189208984375,89433100,0.0,0.0,0.0
2023-05-01 00:00:00-04:00,399.80921682792797,401.87816855347415,399.61674390903073,399.84771728515625,62122300,0.0,0.0,0.0
2023-05-02 00:00:00-04:00,399.1355841651367,399.18371707766147,392.4475761726746,395.3537292480469,103998500,0.0,0.0,0.0
2023-05-03 00:00:00-04:00,395.8541433677578,398.2695405891648,392.39946868953274,392.6400451660156,91531800,0.0,0.0,0.0
2023-05-04 00:00:00-04:00,391.59120903435877,391.91838957995185,388.52145026666796,389.85906982421875,94901900,0.0,0.0,0.0
2023-05-05 00:00:00-04:00,393.4965450134205,398.125234465571,393.2367329689119,397.0763244628906,87891800,0.0,0.0,0.0
2023-05-08 00:00:00-04:00,397.4034698360924,397.6632818576283,395.77717051105407,397.18212890625,50046800,0.0,0.0,0.0
2023-05-09 00:00:00-04:00,395.6328415851866,396.55664705489033,395.20942462672946,395.44036865234375,49220100,0.0,0.0,0.0
2023-05-10 00:00:00-04:00,398.2791682813285,398.9142936957152,393.45800635276555,397.2879943847656,96142900,0.0,0.0,0.0
2023-05-11 00:00:00-04:00,396.4219762908843,396.8838643849846,394.5165998009732,396.5951843261719,70157100,0.0,0.0,0.0
2023-05-12 00:00:00-04:00,397.8365368137777,398.0482452964263,393.65050007841785,396.07550048828125,70481500,0.0,0.0,0.0
2023-05-15 00:00:00-04:00,396.6817257085728,397.8461075849292,394.766746430572,397.44195556640625,54289400,0.0,0.0,0.0
2023-05-16 00:00:00-04:00,396.3353092048242,397.2591440489676,394.7763782852964,394.7860107421875,57705500,0.0,0.0,0.0
2023-05-17 00:00:00-04:00,396.80689259108277,400.1845667461961,395.1613575223225,399.5783386230469,87287000,0.0,0.0,0.0
2023-05-18 00:00:00-04:00,399.26078008428595,403.8509988046538,399.03946848460396,403.4275817871094,97177200,0.0,0.0,0.0
2023-05-19 00:00:00-04:00,404.3321069908471,404.86136352045077,401.6183971431854,402.84051513671875,103793300,0.0,0.0,0.0
2023-05-22 00:00:00-04:00,402.85981035962357,404.54384591155565,401.61842735851235,403.004150390625,60745400,0.0,0.0,0.0
2023-05-23 00:00:00-04:00,401.35857830108944,402.9367742560176,398.08674373587735,398.4812927246094,86383500,0.0,0.0,0.0
2023-05-24 00:00:00-04:00,396.8742437459542,397.25916026310097,394.42997834283796,395.5943603515625,89213700,0.0,0.0,0.0
2023-05-25 00:00:00-04:00,399.1067761340057,400.4732635587891,396.8646161031706,399.0201721191406,90961600,0.0,0.0,0.0
2023-05-26 00:00:00-04:00,399.67452677861917,404.90947362025605,399.59755522238083,404.187744140625,93830000,0.0,0.0,0.0
2023-05-30 00:00:00-04:00,406.1219771957275,406.6512337191027,402.955982410714,404.3417053222656,72216000,0.0,0.0,0.0
2023-05-31 00:00:00-04:00,402.5133634004825,403.41793341434715,400.53101533620446,402.0995788574219,110811800,0.0,0.0,0.0
2023-06-01 00:00:00-04:00,402.330540189021,406.978494940152,401.07955404832046,405.9199523925781,88865000,0.0,0.0,0.0
2023-06-02 00:00:00-04:00,408.49887873292437,412.5790465929496,407.9696222034908,411.78997802734375,91426200,0.0,0.0,0.0
2023-06-05 00:00:00-04:00,412.1363990044285,413.4258854781173,410.29839108056865,411.0008850097656,65460200,0.0,0.0,0.0
2023-06-06 00:00:00-04:00,410.5870909976928,412.4250695118066,409.9327006351518,411.89581298828125,64022200,0.0,0.0,0.0
2023-06-07 00:00:00-04:00,412.29042176844786,413.4259359016037,410.04823214277036,410.4716491699219,85373300,0.0,0.0,0.0
2023-06-08 00:00:00-04:00,410.5389180982335,413.40660011091546,409.7690851631247,412.9543151855469,61952800,0.0,0.0,0.0
2023-06-09 00:00:00-04:00,413.7530790281272,415.7065590310339,412.70416901348756,413.6953430175781,85742800,0.0,0.0,0.0
2023-06-12 00:00:00-04:00,414.6769171108834,417.5253346663892,413.9551876062376,417.4483337402344,76104300,0.0,0.0,0.0
2023-06-13 00:00:00-04:00,418.91104452208407,420.84525956412307,418.2470510492617,420.2005310058594,95899700,0.0,0.0,0.0
2023-06-14 00:00:00-04:00,420.53738266663987,422.51009835206776,417.24628300428765,420.7009582519531,100612100,0.0,0.0,0.0
2023-06-15 00:00:00-04:00,419.8829487810575,427.1676119841462,419.7867416783568,425.9166259765625,110303100,0.0,0.0,0.0
2023-06-16 00:00:00-04:00,427.9043524050704,428.47421834147775,423.9925483177265,424.4658203125,114165800,1.638,0.0,0.0
2023-06-20 00:00:00-04:00,422.52444796434224,423.41304154167295,420.1870041214196,422.2636413574219,76160400,0.0,0.0,0.0
2023-06-21 00:00:00-04:00,421.2784731312149,422.08014103507514,419.5108951805997,420.10009765625,76982300,0.0,0.0,0.0
2023-06-22 00:00:00-04:00,419.143925012139,421.7228098726015,418.80586088521426,421.6165771484375,70637200,0.0,0.0,0.0
2023-06-23 00:00:00-04:00,418.1586622892244,420.2159925909701,417.71436548656794,418.4291076660156,92074500,0.0,0.0,0.0
2023-06-26 00:00:00-04:00,417.8592755318311,419.781368562751,416.47807329831915,416.71954345703125,72823600,0.0,0.0,0.0
2023-06-27 00:00:00-04:00,417.5984155696539,421.9062340935396,417.1444505822348,421.2880859375,72813700,0.0,0.0,0.0
2023-06-28 00:00:00-04:00,420.2063349514927,422.514803688603,419.58818670737986,421.5006408691406,75636000,0.0,0.0,0.0
2023-06-29 00:00:00-04:00,421.0852585523664,423.32610840810986,420.679605245235,423.1618957519531,67882300,0.0,0.0,0.0
2023-06-30 00:00:00-04:00,426.3783009507995,429.1407051013052,426.0595438710738,428.155517578125,104964000,0.0,0.0,0.0
2023-07-03 00:00:00-04:00,427.8078209721531,428.92821645735074,427.5277073626863,428.64813232421875,32793400,0.0,0.0,0.0
2023-07-05 00:00:00-04:00,426.83224475721846,428.7446987114959,426.8225765200303,428.0106201171875,58418400,0.0,0.0,0.0
2023-07-06 00:00:00-04:00,424.42722521043544,425.08401688065084,422.1477318870011,424.6590270996094,80658300,0.0,0.0,0.0
2023-07-07 00:00:00-04:00,423.66417049204466,427.5373607483118,423.3454134187473,423.5868835449219,86134200,0.0,0.0,0.0
2023-07-10 00:00:00-04:00,423.2295133382579,424.8328785164898,422.6596473764828,424.6590270996094,62443500,0.0,0.0,0.0
2023-07-11 00:00:00-04:00,425.4220950342892,427.8561033801802,424.4465462578362,427.3634948730469,64463800,0.0,0.0,0.0
2023-07-12 00:00:00-04:00,431.15943303446664,432.2122392972248,429.729919208418,430.8020324707031,91924500,0.0,0.0,0.0
2023-07-13 00:00:00-04:00,432.61791761555475,435.0133121303779,432.1832890285731,434.2212829589844,72425200,0.0,0.0,0.0
2023-07-14 00:00:00-04:00,435.1098740968055,435.9598242076378,433.18775178790105,433.9508056640625,69815800,0.0,0.0,0.0
2023-07-17 00:00:00-04:00,433.80599389453636,436.51044800407266,433.75768217480305,435.4576416015625,52680200,0.0,0.0,0.0
2023-07-18 00:00:00-04:00,435.1291058703755,439.3403301270532,434.69444791415737,438.6932067871094,80668200,0.0,0.0,0.0
2023-07-19 00:00:00-04:00,439.4853035858035,440.85683741354967,438.61598753921226,439.6688232421875,65891700,0.0,0.0,0.0
2023-07-20 00:00:00-04:00,438.6739532656,439.57221504319733,436.037088927524,436.7518310546875,70591600,0.0,0.0,0.0
2023-07-21 00:00:00-04:00,438.4710971405942,438.6739532656,436.7421922937348,436.7518310546875,71275600,0.0,0.0,0.0
2023-07-24 00:00:00-04:00,437.9011836363661,439.5142168422899,436.86768455433304,438.702880859375,54023400,0.0,0.0,0.0
2023-07-25 00:00:00-04:00,438.4324765430136,441.156237070321,438.3841648336445,439.9006042480469,55191200,0.0,0.0,0.0
2023-07-26 00:00:00-04:00,438.96370723872633,441.39771546076753,437.91090104233945,439.9682312011719,71052900,0.0,0.0,0.0
2023-07-27 00:00:00-04:00,443.3584372254405,443.764119987392,436.1433090250335,437.0512390136719,92194400,0.0,0.0,0.0
2023-07-28 00:00:00-04:00,440.3256151682766,442.16078225681895,437.05126606431355,441.33013916015625,80011800,0.0,0.0,0.0
2023-07-31 00:00:00-04:00,441.80349284574254,442.5279033679905,440.4898797710363,442.1705322265625,62040400,0.0,0.0,0.0
2023-08-01 00:00:00-04:00,440.7023562416477,441.64892989588066,439.9489705091238,440.90521240234375,55291500,0.0,0.0,0.0
2023-08-02 00:00:00-04:00,437.7853626915781,438.0461398306252,434.0184344125547,434.7718200683594,93933400,0.0,0.0,0.0
2023-08-03 00:00:00-04:00,432.7531252299224,435.4092967139093,432.10597229878186,433.52581787109375,64276100,0.0,0.0,0.0
2023-08-04 00:00:00-04:00,435.34162898084645,437.4472412458238,431.0434492729417,431.5650329589844,100128900,0.0,0.0,0.0
2023-08-07 00:00:00-04:00,433.4002093110776,435.4865146243049,432.7047742066685,435.33197021484375,58357500,0.0,0.0,0.0
2023-08-08 00:00:00-04:00,432.7917508600607,435.32238270202885,430.07762882885913,433.43890380859375,71361300,0.0,0.0,0.0
2023-08-09 00:00:00-04:00,433.70931608230507,433.8735287355085,429.7781754061016,430.5412292480469,78789600,0.0,0.0,0.0
2023-08-10 00:00:00-04:00,432.89797658868093,436.2882265207825,429.52706313111736,430.6957702636719,93005500,0.0,0.0,0.0
2023-08-11 00:00:00-04:00,428.82196893936987,431.4588333292262,428.22312774254544,430.44464111328125,68690900,0.0,0.0,0.0
2023-08-14 00:00:00-04:00,429.5270825673996,432.8207092285156,429.2179937241371,432.8207092285156,47867400,0.0,0.0,0.0
2023-08-15 00:00:00-04:00,431.0434905199487,431.40089107368914,427.2089436634091,427.7788391113281,75707500,0.0,0.0,0.0
2023-08-16 00:00:00-04:00,427.3634700312785,429.0247856402229,424.53344729188865,424.63970947265625,80107200,0.0,0.0,0.0
2023-08-17 00:00:00-04:00,426.1078556541094,426.3686327842003,420.8824384802807,421.4040222167969,95711300,0.0,0.0,0.0
2023-08-18 00:00:00-04:00,418.5836616313642,422.6403718520157,418.23595877170976,421.60687255859375,98852000,0.0,0.0,0.0
2023-08-21 00:00:00-04:00,422.6210410735604,425.09369303000517,420.4671462190992,424.3499755859375,68719000,0.0,0.0,0.0
2023-08-22 00:00:00-04:00,426.12717844156236,426.12717844156236,422.64036376815267,423.2005615234375,64994200,0.0,0.0,0.0
2023-08-23 00:00:00-04:00,424.2630351692306,428.5322402058597,424.1181589807745,427.9140625,68441000,0.0,0.0,0.0
2023-08-24 00:00:00-04:00,429.51743829068363,430.0293538199984,421.95457682823127,421.98358154296875,88517300,0.0,0.0,0.0
2023-08-25 00:00:00-04:00,423.7124409886771,426.2430431246683,420.15800790417546,424.95843505859375,102325100,0.0,0.0,0.0
2023-08-28 00:00:00-04:00,427.1509825528838,428.2714074691659,424.95844443108183,427.65325927734375,61595400,0.0,0.0,0.0
2023-08-29 00:00:00-04:00,427.54703833096477,434.1150440450923,427.3635186603017,433.8349304199219,83081900,0.0,0.0,0.0
2023-08-30 00:00:00-04:00,434.1730052474849,436.2593109157671,433.4679017861337,435.621826171875,69053900,0.0,0.0,0.0
2023-08-31 00:00:00-04:00,436.23991629050073,437.3796481914474,434.80076379653127,434.9842834472656,66084600,0.0,0.0,0.0
2023-09-01 00:00:00-04:00,437.7081084262502,438.19104870854676,434.337165211912,435.795654296875,58944100,0.0,0.0,0.0
2023-09-05 00:00:00-04:00,435.35135247874024,435.6700800917991,433.84458117342785,433.91217041015625,55166200,0.0,0.0,0.0
2023-09-06 00:00:00-04:00,433.1008212089274,433.20708339429626,428.6674331394679,430.9952087402344,70758500,0.0,0.0,0.0
2023-09-07 00:00:00-04:00,427.99131435968866,430.34806524877047,427.6436115119561,429.6719665527344,70355400,0.0,0.0,0.0
2023-09-08 00:00:00-04:00,429.72025057240546,431.85483833340237,429.3628794853081,430.319091796875,61659700,0.0,0.0,0.0
2023-09-11 00:00:00-04:00,432.94628326819304,433.4581987746905,431.23668532604137,433.1491394042969,60180100,0.0,0.0,0.0
2023-09-12 00:00:00-04:00,431.70030728737913,433.2263855290798,430.19353604446763,430.7730407714844,67565400,0.0,0.0,0.0
2023-09-13 00:00:00-04:00,430.99521597971284,432.4343685526933,429.8940980148542,431.27532958984375,60199300,0.0,0.0,0.0
2023-09-14 00:00:00-04:00,433.74799281245487,435.6893927060478,432.4440481531944,434.99395751953125,83430800,0.0,0.0,0.0
2023-09-15 00:00:00-04:00,433.4072542770486,433.7368084981918,429.3168595859164,429.7530212402344,111848900,1.583,0.0,0.0
2023-09-18 00:00:00-04:00,429.4428320631367,431.3038771522312,428.96789063501143,430.0050354003906,55752200,0.0,0.0,0.0
2023-09-19 00:00:00-04:00,429.08420380682946,429.6754845917088,426.42836539622306,429.11328125,66514600,0.0,0.0,0.0
2023-09-20 00:00:00-04:00,430.3733738455972,430.7901603921495,424.96473276036625,425.1683044433594,82562600,0.0,0.0,0.0
2023-09-21 00:00:00-04:00,422.31858757052555,422.5802845540439,417.98587113932,418.1409606933594,104095800,0.0,0.0,0.0
2023-09-22 00:00:00-04:00,419.16839709834846,420.7677155797648,416.7839285170148,417.20074462890625,100829700,0.0,0.0,0.0
2023-09-25 00:00:00-04:00,415.9891218304828,418.993889361631,415.55293063128704,418.95513916015625,70874500,0.0,0.0,0.0
2023-09-26 00:00:00-04:00,415.91160628125357,416.6191968671865,411.9665987111882,412.8002014160156,96168400,0.0,0.0,0.0
2023-09-27 00:00:00-04:00,413.97306378830854,414.5352671969368,409.3204948453692,412.9649963378906,104705800,0.0,0.0,0.0
2023-09-28 00:00:00-04:00,412.4124874162186,417.0359784928409,411.8212066146307,415.3591003417969,92258300,0.0,0.0,0.0
2023-09-29 00:00:00-04:00,418.4123608156291,418.5868254716406,412.8292551807975,414.3510437011719,115111300,0.0,0.0,0.0
2023-10-02 00:00:00-04:00,413.51743802249865,415.436637965525,411.4237734247356,414.1862487792969,83798600,0.0,0.0,0.0
2023-10-03 00:00:00-04:00,412.00536625897985,414.2444181473067,407.27523825202337,408.6419372558594,103760600,0.0,0.0,0.0
2023-10-04 00:00:00-04:00,409.1071941153402,412.3639860114544,407.64356048210016,411.6176452636719,87453000,0.0,0.0,0.0
2023-10-05 00:00:00-04:00,411.3268404794052,412.3058303467078,408.23484048426144,411.4625549316406,70142700,0.0,0.0,0.0
2023-10-06 00:00:00-04:00,409.0102345616155,417.88891132912596,407.6823154616602,416.3477478027344,113273300,0.0,0.0,0.0
2023-10-09 00:00:00-04:00,414.44797038266114,419.5852123041229,413.8954989431742,419.0133361816406,80374400,0.0,0.0,0.0
2023-10-10 00:00:00-04:00,419.64334789466267,423.79189736248946,419.245936455557,421.1942138671875,78607300,0.0,0.0,0.0
2023-10-11 00:00:00-04:00,422.2604167519184,423.17151977952034,419.8759482263836,422.9195251464844,62451700,0.0,0.0,0.0
2023-10-12 00:00:00-04:00,423.5302119190894,423.90821868639375,417.9858858829249,420.34124755859375,81154200,0.0,0.0,0.0
2023-10-13 00:00:00-04:00,421.8436377363804,423.0455744454242,416.6773479708049,418.2475891113281,95143100,0.0,0.0,0.0
2023-10-16 00:00:00-04:00,420.4963128780658,423.71435449669224,420.25399100160854,422.64813232421875,75433200,0.0,0.0,0.0
2023-10-17 00:00:00-04:00,419.5173488593283,424.6836681484373,419.1684195342952,422.6287536621094,75324700,0.0,0.0,0.0
2023-10-18 00:00:00-04:00,420.85496751569167,421.81455273319096,415.91159504982164,416.9971923828125,93559800,0.0,0.0,0.0
2023-10-19 00:00:00-04:00,417.71448112410957,419.52704410810907,412.6547989345063,413.3332824707031,121323000,0.0,0.0,0.0
2023-10-20 00:00:00-04:00,412.8971069121286,413.4399055549237,408.14757441721036,408.25421142578125,123919900,0.0,0.0,0.0
2023-10-23 00:00:00-04:00,406.72273053416484,411.4141082592817,404.9683224528733,407.546630859375,92035100,0.0,0.0,0.0
2023-10-24 00:00:00-04:00,409.6693807564813,411.7727477741345,407.8180379697815,410.6192932128906,78564200,0.0,0.0,0.0
2023-10-25 00:00:00-04:00,408.9326547654157,408.9617322027374,404.2122005179743,404.7259216308594,94223200,0.0,0.0,0.0
2023-10-26 00:00:00-04:00,403.65979204119725,404.5127401955018,398.95874174042217,399.8795471191406,115156800,0.0,0.0,0.0
2023-10-27 00:00:00-04:00,401.46919469761593,401.8666061249316,396.64213226616755,398.0669860839844,107367700,0.0,0.0,0.0
2023-10-30 00:00:00-04:00,400.85854988329856,403.88272225418063,399.5597081383843,402.8262023925781,86562700,0.0,0.0,0.0
2023-10-31 00:00:00-04:00,403.39809925222016,405.67593098866274,401.48860153022065,405.3560791015625,79665200,0.0,0.0,0.0
2023-11-01 00:00:00-04:00,406.32532025886866,410.49324455803196,405.79219440086933,409.6790466308594,98068100,0.0,0.0,0.0
2023-11-02 00:00:00-04:00,413.4785991745244,417.6853324509695,413.4592240757573,417.5302429199219,94938900,0.0,0.0,0.0
2023-11-03 00:00:00-04:00,419.8372157670484,422.8904655764815,419.71120365505175,421.339599609375,100167800,0.0,0.0,0.0
2023-11-06 00:00:00-05:00,422.0956239774314,422.75473237061436,420.3605910898025,422.3088684082031,67831700,0.0,0.0,0.0
2023-11-07 00:00:00-05:00,422.30895698517287,424.1505976843083,421.16520460764076,423.5108642578125,64256100,0.0,0.0,0.0
2023-11-08 00:00:00-05:00,424.11172778289733,424.635151307966,421.51404441898217,423.8209533691406,61746000,0.0,0.0,0.0
2023-11-09 00:00:00-05:00,424.9646812762545,425.0034610559801,420.08916668151153,420.5156555175781,83174400,0.0,0.0,0.0
2023-11-10 00:00:00-05:00,422.58995223462995,427.38790735412255,420.5059605571527,427.0777282714844,89462200,0.0,0.0,0.0
2023-11-13 00:00:00-05:00,425.7401770580696,427.7756572288507,424.9550565166978,426.6706848144531,52236100,0.0,0.0,0.0
2023-11-14 00:00:00-05:00,432.612438681597,436.23756475568536,432.3894918898645,434.94842529296875,97176900,0.0,0.0,0.0
2023-11-15 00:00:00-05:00,436.28598819138983,437.51700226405256,435.01622391603615,435.86920166015625,77327600,0.0,0.0,0.0
2023-11-16 00:00:00-05:00,435.42335386000235,436.72219562577186,434.3571316402488,436.40234375,66665800,0.0,0.0,0.0
2023-11-17 00:00:00-05:00,436.41203399072475,437.55581582516845,435.4912285306581,436.9451599121094,83133200,0.0,0.0,0.0
2023-11-20 00:00:00-05:00,436.69311009341754,441.1518386514175,436.6834077524104,440.3085632324219,69936200,0.0,0.0,0.0
2023-11-21 00:00:00-05:00,439.2617361737396,440.18257120218567,438.0792041489343,439.3489685058594,49244600,0.0,0.0,0.0
2023-11-22 00:00:00-05:00,441.00647684513626,442.3634735504526,439.9499569252717,441.04522705078125,59394900,0.0,0.0,0.0
2023-11-24 00:00:00-05:00,441.09364165847086,441.51042815767795,440.76408747907647,441.3165588378906,29737400,0.0,0.0,0.0
2023-11-27 00:00:00-05:00,440.68658238826873,441.5007803874619,440.13408138085987,440.5218200683594,50506000,0.0,0.0,0.0
2023-11-28 00:00:00-05:00,440.13404650216097,442.2567884526749,439.5718727783306,440.95794677734375,62115000,0.0,0.0,0.0
2023-11-29 00:00:00-05:00,443.10982596571546,444.24390548723534,440.2504452581405,440.6478271484375,63146000,0.0,0.0,0.0
2023-11-30 00:00:00-05:00,441.491084558086,442.7317713844543,439.4167950935211,442.3828125,79752700,0.0,0.0,0.0
2023-12-01 00:00:00-05:00,441.77216442546705,445.53300475365734,441.18091323402564,444.9999084472656,89183400,0.0,0.0,0.0
2023-12-04 00:00:00-05:00,441.60742053346644,445.01930211338146,440.3861087358581,442.6639404296875,72430900,0.0,0.0,0.0
2023-12-05 00:00:00-05:00,441.2778489374918,443.5362758597069,440.8998126034742,442.5766906738281,69793500,0.0,0.0,0.0
2023-12-06 00:00:00-05:00,444.718815610949,444.7478930540511,440.35702166378525,440.793212890625,69124700,0.0,0.0,0.0
2023-12-07 00:00:00-05:00,442.87718005735604,444.80605282503006,442.27622650644105,444.1566467285156,66995400,0.0,0.0,0.0
2023-12-08 00:00:00-05:00,443.4102636541943,446.5992278993257,443.16794177253433,446.0661315917969,83194400,0.0,0.0,0.0
2023-12-11 00:00:00-05:00,445.5717979195869,447.97564170163525,445.358553474564,447.8011474609375,65002200,0.0,0.0,0.0
2023-12-12 00:00:00-05:00,447.45220263628306,449.94327866221204,446.4538376737931,449.8463439941406,68327600,0.0,0.0,0.0
2023-12-13 00:00:00-05:00,450.2243768877482,456.3018289230582,449.8657452173365,456.0498046875,93278000,0.0,0.0,0.0
2023-12-14 00:00:00-05:00,457.98836917003774,459.1806035101216,454.83818462019093,457.513427734375,119026000,0.0,0.0,0.0
2023-12-15 00:00:00-05:00,456.9158196636758,458.0934340813363,454.9109942306135,456.7601013183594,141553700,1.906,0.0,0.0
2023-12-18 00:00:00-05:00,458.36593103885957,460.31236579340026,457.30512766166345,459.32940673828125,70375300,0.0,0.0,0.0
2023-12-19 00:00:00-05:00,459.87436797944184,462.20037157445415,459.79652366381634,462.12249755859375,55761800,0.0,0.0,0.0
2023-12-20 00:00:00-05:00,461.26610177140515,463.1541458673366,455.2905624937439,455.7187805175781,102921000,0.0,0.0,0.0
2023-12-21 00:00:00-05:00,458.7065536605437,460.31238616429494,456.28325178797456,460.0398864746094,86667500,0.0,0.0,0.0
2023-12-22 00:00:00-05:00,461.1687838422537,462.6480933014032,459.06666039020405,460.96441650390625,67160400,0.0,0.0,0.0
2023-12-26 00:00:00-05:00,461.37315728833744,463.8159126462135,461.29528326802847,462.91082763671875,55387000,0.0,0.0,0.0
2023-12-27 00:00:00-05:00,462.7064835048319,463.8938099220547,462.1712258143802,463.7478332519531,68000300,0.0,0.0,0.0
2023-12-28 00:00:00-05:00,464.1079178321579,464.75995685713684,463.5045277970175,463.9230041503906,77158100,0.0,0.0,0.0
2023-12-29 00:00:00-05:00,463.72837604213146,464.2539217843669,460.62380998189565,462.5799865722656,122283100,0.0,0.0,0.0
2024-01-02 00:00:00-05:00,459.51431341639926,460.9838811377681,457.8890273530107,459.9911804199219,123623700,0.0,0.0,0.0
2024-01-03 00:00:00-05:00,457.83071094737187,458.57036576687835,455.63125954765485,456.2346496582031,103585900,0.0,0.0,0.0
2024-01-04 00:00:00-05:00,455.7577162648923,458.3464782249613,454.5411944622418,454.7650451660156,84232200,0.0,0.0,0.0
2024-01-05 00:00:00-05:00,454.96940287212124,457.84040614563645,453.93779478135224,455.3879089355469,86118900,0.0,0.0,0.0
2024-01-08 00:00:00-05:00,455.8842127147601,462.0349537185437,455.7576897026201,461.88897705078125,74879100,0.0,0.0,0.0
2024-01-09 00:00:00-05:00,459.2320560873438,462.21009873679486,458.72599376856454,461.188232421875,65931400,0.0,0.0,0.0
2024-01-10 00:00:00-05:00,461.4607928330298,464.66268658164086,461.1785514545196,463.7965087890625,67310600,0.0,0.0,0.0
2024-01-11 00:00:00-05:00,464.7988820904805,465.3146861106975,459.6116465550996,463.59210205078125,77940700,0.0,0.0,0.0
2024-01-12 00:00:00-05:00,465.04220480544996,465.7818595429952,462.502121615046,463.91326904296875,58026400,0.0,0.0,0.0
2024-01-16 00:00:00-05:00,462.53132242501596,463.8451421871986,460.39023221216354,462.21014404296875,85014900,0.0,0.0,0.0
2024-01-17 00:00:00-05:00,459.1834252725011,460.1274473065962,457.28563952656407,459.6408386230469,68843900,0.0,0.0,0.0
2024-01-18 00:00:00-05:00,461.314802822399,464.28310409945385,459.7673906749951,463.7283630371094,91856200,0.0,0.0,0.0
2024-01-19 00:00:00-05:00,464.8572992191645,469.79151871434675,463.7770421286305,469.50927734375,110834500,0.0,0.0,0.0
2024-01-22 00:00:00-05:00,471.04692192756045,472.2245065621204,469.8498539385585,470.5019226074219,75844900,0.0,0.0,0.0
2024-01-23 00:00:00-05:00,471.04699545665005,472.1175109095896,469.9569966462272,471.87420654296875,49945300,0.0,0.0,0.0
2024-01-24 00:00:00-05:00,474.745153487513,475.6794338281553,471.89363377790727,472.3899841308594,81765000,0.0,0.0,0.0
2024-01-25 00:00:00-05:00,474.52136032734217,475.23181977158964,472.39004139507995,474.9593200683594,72525000,0.0,0.0,0.0
2024-01-26 00:00:00-05:00,474.53106799985125,476.02008943226616,473.5092016110277,474.35589599609375,76641600,0.0,0.0,0.0
2024-01-29 00:00:00-05:00,474.66734997690736,478.2585246858996,474.12235058965683,478.1125183105469,61322800,0.0,0.0,0.0
2024-01-30 00:00:00-05:00,477.421527922976,478.4531359964777,476.983568210537,477.7427062988281,58618400,0.0,0.0,0.0
2024-01-31 00:00:00-05:00,475.5334936248827,475.98116532447904,469.9277517507619,469.9472351074219,126011100,0.0,0.0,0.0
2024-02-01 00:00:00-05:00,471.65038103588824,476.1271872790658,470.8425939142762,476.0979919433594,91891600,0.0,0.0,0.0
2024-02-02 00:00:00-05:00,476.53588232086173,482.7644675885541,476.19525029914104,481.1100158691406,99228200,0.0,0.0,0.0
2024-02-05 00:00:00-05:00,480.4774696836803,481.1392504253947,477.1004039249224,479.3582458496094,75757100,0.0,0.0,0.0
2024-02-06 00:00:00-05:00,480.3022070902884,481.0807987761819,478.87157642395977,480.7499084472656,55918600,0.0,0.0,0.0
2024-02-07 00:00:00-05:00,482.9980918458816,485.17808940845316,482.0929770540646,484.7596130371094,70556500,0.0,0.0,0.0
2024-02-08 00:00:00-05:00,484.7595848352,485.3532331832338,483.94208579679537,484.97369384765625,52343600,0.0,0.0,0.0
2024-02-09 00:00:00-05:00,485.47980263839474,488.2145413726089,485.1391705814137,487.776611328125,63979400,0.0,0.0,0.0
2024-02-12 00:00:00-05:00,487.7474136957695,490.01499733828587,486.84229887428285,487.5625,56502300,0.0,0.0,0.0
2024-02-13 00:00:00-05:00,481.28515815868167,483.77659211196044,477.5772025602381,480.8471984863281,113099200,0.0,0.0,0.0
2024-02-14 00:00:00-05:00,483.48468469887587,485.703619202311,481.1586808363787,485.2170104980469,68387800,0.0,0.0,0.0
2024-02-15 00:00:00-05:00,485.91772783399097,488.74979405458623,485.4408311080291,488.56488037109375,61683000,0.0,0.0,0.0
2024-02-16 00:00:00-05:00,488.2632150838705,489.401862888149,485.3922116760664,486.1318664550781,75532900,0.0,0.0,0.0
2024-02-20 00:00:00-05:00,484.3897857981468,485.06130820828355,481.20737545898015,483.45550537109375,71736700,0.0,0.0,0.0
2024-02-21 00:00:00-05:00,482.15142520014626,484.0491814982397,480.3412252124708,483.8934631347656,59293400,0.0,0.0,0.0
2024-02-22 00:00:00-05:00,490.51134795574427,494.87134322560775,489.5478424615369,493.9078674316406,76402500,0.0,0.0,0.0
2024-02-23 00:00:00-05:00,495.6304262293698,496.4674086571224,493.51856105397593,494.24847412109375,61321800,0.0,0.0,0.0
2024-02-26 00:00:00-05:00,494.6863927584272,495.12435246871587,492.3117399253592,492.4382629394531,50386700,0.0,0.0,0.0
2024-02-27 00:00:00-05:00,493.1292673855463,493.57693907250416,491.23148157958644,493.35308837890625,48854500,0.0,0.0,0.0
2024-02-28 00:00:00-05:00,491.7959350516518,493.28495648375826,491.4358493661455,492.7010498046875,56506600,0.0,0.0,0.0
2024-02-29 00:00:00-05:00,494.46257806109645,496.0878345083775,491.815425510208,494.4722900390625,83924800,0.0,0.0,0.0
2024-03-01 00:00:00-05:00,495.3482760641762,499.5428116010892,494.9395116277324,499.1145935058594,76844800,0.0,0.0,0.0
2024-03-04 00:00:00-05:00,498.3165563504212,500.4284215717115,498.2873313148722,498.57928466796875,49799300,0.0,0.0,0.0
2024-03-05 00:00:00-05:00,496.5743865616013,497.02208790459423,491.3871514111604,493.5963439941406,72855600,0.0,0.0,0.0
2024-03-06 00:00:00-05:00,496.8761878603409,498.355497483725,494.8032595122022,496.0976257324219,68382400,0.0,0.0,0.0
2024-03-07 00:00:00-05:00,499.39680772832526,502.0731556685532,496.15597704493354,501.0220642089844,58652100,0.0,0.0,0.0
2024-03-08 00:00:00-05:00,501.6546542384204,504.34068432238394,497.4406063327474,498.0148010253906,86532500,0.0,0.0,0.0
2024-03-11 00:00:00-04:00,496.8080772887865,498.17057584105015,494.8810959575729,497.5866394042969,62557200,0.0,0.0,0.0
2024-03-12 00:00:00-04:00,499.6984700657358,503.5232071984046,497.17781094345105,502.9393005371094,73114400,0.0,0.0,0.0
2024-03-13 00:00:00-04:00,503.2604220038599,503.4355940031198,500.7105972360643,502.15093994140625,55104100,0.0,0.0,0.0
2024-03-14 00:00:00-04:00,503.1241533654222,503.27990140830235,498.1121195690471,501.1582946777344,110171800,0.0,0.0,0.0
2024-03-15 00:00:00-04:00,498.08804798108406,499.54266772632866,496.0477073102581,497.7170715332031,107646300,1.595,0.0,0.0
2024-03-18 00:00:00-04:00,501.78800868482955,503.23282668542583,500.26507469946,500.6750793457031,88893300,0.0,0.0,0.0
2024-03-19 00:00:00-04:00,499.9819506807113,503.7404554386333,498.9763936514032,503.4573669433594,60755300,0.0,0.0,0.0
2024-03-20 00:00:00-04:00,503.5159556369905,508.2507017437704,502.8423468084039,508.114013671875,69594600,0.0,0.0,0.0
2024-03-21 00:00:00-04:00,510.9550035818572,511.65786879307296,509.51012578372485,509.79327392578125,60256100,0.0,0.0,0.0
2024-03-22 00:00:00-04:00,509.7052719913618,510.1933925850028,508.59234273745244,508.8266906738281,79070800,0.0,0.0,0.0
2024-03-25 00:00:00-04:00,507.45012416941677,508.5728252956552,507.2646359725173,507.4208679199219,48512100,0.0,0.0,0.0
2024-03-26 00:00:00-04:00,508.84619067556724,509.1879108526766,506.0834709315648,506.48370361328125,65463700,0.0,0.0,0.0
2024-03-27 00:00:00-04:00,509.3148686626399,510.77923060858313,507.1475819984231,510.7401428222656,82999800,0.0,0.0,0.0
2024-03-28 00:00:00-04:00,510.77917463931885,512.1458765547503,510.35939807768415,510.6424865722656,96294900,0.0,0.0,0.0
2024-04-01 00:00:00-04:00,511.38445509453464,511.92137584867254,508.5923599199536,509.75408935546875,62477500,0.0,0.0,0.0
2024-04-02 00:00:00-04:00,505.9272809933223,506.6496900205949,504.20908677438206,506.5130615234375,74230300,0.0,0.0,0.0
2024-04-03 00:00:00-04:00,505.41951660317136,508.57281589215825,505.3707164648958,507.0693664550781,59155800,0.0,0.0,0.0
2024-04-04 00:00:00-04:00,511.08182923475704,511.42348983220387,500.57746403679687,500.8800964355469,96858100,0.0,0.0,0.0
2024-04-05 00:00:00-04:00,502.2370828649808,508.0749863325785,501.7977623960231,506.11273193359375,74546500,0.0,0.0,0.0
2024-04-08 00:00:00-04:00,506.8157102301138,507.82120781564623,505.58563662088517,506.3958740234375,48401800,0.0,0.0,0.0
2024-04-09 00:00:00-04:00,508.1335553906493,508.3776156958321,502.12964804913753,506.9815979003906,68049200,0.0,0.0,0.0
2024-04-10 00:00:00-04:00,501.2802817017724,503.8966008078219,499.9233518012494,501.90509033203125,82652800,0.0,0.0,0.0
2024-04-11 00:00:00-04:00,503.42801505622447,507.13771940586537,499.9135708481498,505.6929016113281,70099000,0.0,0.0,0.0
2024-04-12 00:00:00-04:00,502.14918793409277,503.56474960986543,496.9848635757255,498.71282958984375,92561100,0.0,0.0,0.0
2024-04-15 00:00:00-04:00,502.89118522807627,503.0571295651305,491.61558034670605,492.4649353027344,92101400,0.0,0.0,0.0
2024-04-16 00:00:00-04:00,492.94324564322153,494.4661795680653,490.27809637848605,491.5667419433594,73484000,0.0,0.0,0.0
2024-04-17 00:00:00-04:00,494.0268584590965,494.1928325755386,487.26151394107353,488.65753173828125,75910300,0.0,0.0,0.0
2024-04-18 00:00:00-04:00,490.0535829309475,492.15249561510325,486.71482481856754,487.6520080566406,74548100,0.0,0.0,0.0
2024-04-19 00:00:00-04:00,487.57394131853926,488.56969668668467,482.1264983587833,483.3956298828125,102212600,0.0,0.0,0.0
2024-04-22 00:00:00-04:00,486.00221013520326,490.4441260798556,483.65923689240304,487.8473205566406,67961000,0.0,0.0,0.0
2024-04-23 00:00:00-04:00,489.85833417865257,494.0659315908711,487.6617913619136,493.6363830566406,64633600,0.0,0.0,0.0
2024-04-24 00:00:00-04:00,494.5247405147149,495.3154935043147,491.17624034467946,493.4020690917969,55928100,0.0,0.0,0.0
2024-04-25 00:00:00-04:00,487.32005193688127,492.28911583394023,485.67020200378414,491.52764892578125,69122400,0.0,0.0,0.0
2024-04-26 00:00:00-04:00,494.31979324751813,497.7659238799117,493.68524235456005,496.1844177246094,64306100,0.0,0.0,0.0
2024-04-29 00:00:00-04:00,497.97090591945084,498.61522873285696,495.1983842873063,497.9416198730469,46415400,0.0,0.0,0.0
2024-04-30 00:00:00-04:00,496.4772431240589,497.45348436502843,490.0535888671875,490.0535888671875,77483600,0.0,0.0,0.0
2024-05-01 00:00:00-04:00,489.46780749693494,496.11600754799895,487.99367378182563,488.4622802734375,80242800,0.0,0.0,0.0
2024-05-02 00:00:00-04:00,492.17203084435516,493.8707109149056,487.68131503899394,493.0311279296875,62550200,0.0,0.0,0.0
2024-05-03 00:00:00-04:00,499.01550940056416,500.37246932338707,496.4772760472205,499.1424255371094,72756700,0.0,0.0,0.0
2024-05-06 00:00:00-04:00,501.5439893363052,504.3360252733681,501.10466881549837,504.2969970703125,47264700,0.0,0.0,0.0
2024-05-07 00:00:00-04:00,505.2634287213709,506.2494419365131,504.17981521335923,504.8534240722656,52561300,0.0,0.0,0.0
2024-05-08 00:00:00-04:00,503.01802238309904,505.439081357784,502.90087821239047,504.90216064453125,42047200,0.0,0.0,0.0
2024-05-09 00:00:00-04:00,505.0876793386549,507.8504586322259,504.4336144152066,507.8113708496094,43643700,0.0,0.0,0.0
2024-05-10 00:00:00-04:00,509.4124405414531,510.22273745681827,507.2452135831723,508.46551513671875,52233200,0.0,0.0,0.0
2024-05-13 00:00:00-04:00,510.1445741767588,510.2519464031073,507.391566976992,508.53375244140625,36716400,0.0,0.0,0.0
2024-05-14 00:00:00-04:00,508.72906418826113,511.3844713761404,508.19214341702855,510.8670349121094,57535900,0.0,0.0,0.0
2024-05-15 00:00:00-04:00,513.3369504006804,517.4859756907869,512.7023697575905,517.193115234375,59504900,0.0,0.0,0.0
2024-05-16 00:00:00-04:00,517.2906967075278,518.8917465910545,515.9825072697596,516.1289672851562,50244800,0.0,0.0,0.0
2024-05-17 00:00:00-04:00,516.2460410203236,516.9391936348987,514.7914513506761,516.870849609375,59187600,0.0,0.0,0.0
2024-05-20 00:00:00-04:00,516.988021010064,518.9307313200704,516.5975007250751,517.4663696289062,37764200,0.0,0.0,0.0
2024-05-21 00:00:00-04:00,516.7049957755823,518.8917666350982,516.4999636631139,518.7355346679688,33437000,0.0,0.0,0.0
2024-05-22 00:00:00-04:00,518.0424072439434,518.7550442398426,515.064823969773,517.2418823242188,48390000,0.0,0.0,0.0
2024-05-23 00:00:00-04:00,520.2975559093766,520.4049281460258,512.2532779910508,513.4638671875,57211200,0.0,0.0,0.0
2024-05-24 00:00:00-04:00,515.3090169926944,517.671564163704,514.3620914027401,516.8612670898438,41291100,0.0,0.0,0.0
2024-05-28 00:00:00-04:00,517.6714434796838,517.9057318355667,514.5864879004678,517.2223510742188,36269600,0.0,0.0,0.0
2024-05-29 00:00:00-04:00,513.1905202395113,514.7817983278129,512.8878878194378,513.6005249023438,45190300,0.0,0.0,0.0
2024-05-30 00:00:00-04:00,512.0581051762924,512.7219421093527,508.9438930493387,510.1934509277344,46377600,0.0,0.0,0.0
2024-05-31 00:00:00-04:00,511.15017117084983,514.9672481577884,506.0443890267406,514.84033203125,90785800,0.0,0.0,0.0
2024-06-03 00:00:00-04:00,516.4511771729021,516.7342656913833,510.18366530067414,515.2601318359375,46835700,0.0,0.0,0.0
2024-06-04 00:00:00-04:00,513.9519821715993,516.5780734778808,512.4876203186922,515.8361206054688,34632700,0.0,0.0,0.0
2024-06-05 00:00:00-04:00,518.1596136281009,521.9864628385163,516.1680432425981,521.9669189453125,47610400,0.0,0.0,0.0
2024-06-06 00:00:00-04:00,522.2694966184689,522.6990451286446,520.0241537818829,521.9570922851562,30808500,0.0,0.0,0.0
2024-06-07 00:00:00-04:00,520.9808506310355,524.1341502130953,519.8874652579173,521.3225708007812,43224500,0.0,0.0,0.0
2024-06-10 00:00:00-04:00,520.5123511854081,523.2555869709606,519.9168582676467,522.9334106445312,35686100,0.0,0.0,0.0
2024-06-11 00:00:00-04:00,521.3811694677967,524.2513211148034,519.4091430834137,524.1927490234375,36383400,0.0,0.0,0.0
2024-06-12 00:00:00-04:00,528.7615289974312,531.1923600659605,527.4631115100716,528.4979248046875,63251300,0.0,0.0,0.0
2024-06-13 00:00:00-04:00,530.2453924252503,530.4211086780596,526.7699763935087,529.56201171875,44760900,0.0,0.0,0.0
2024-06-14 00:00:00-04:00,528.0293950539849,529.9135335983043,527.0238379218912,529.88427734375,40089900,0.0,0.0,0.0
2024-06-17 00:00:00-04:00,529.2008719569648,535.4976399183048,528.7420075865693,534.1015625,55839500,0.0,0.0,0.0
2024-06-18 00:00:00-04:00,534.1600786870761,535.5854122094039,533.7403021449248,535.45849609375,41376400,0.0,0.0,0.0
2024-06-20 00:00:00-04:00,536.3859370269113,537.0497738552268,532.2271402161125,534.00390625,70328200,0.0,0.0,0.0
2024-06-21 00:00:00-04:00,533.1802452520325,534.404483453128,531.8286814958426,533.2879638671875,64338600,1.759,0.0,0.0
2024-06-24 00:00:00-04:00,533.1117619254674,535.6777608035513,531.4369822915095,531.5545043945312,45528700,0.0,0.0,0.0
2024-06-25 00:00:00-04:00,532.7787259572508,533.9638101987721,531.260682360104,533.6014404296875,37936200,0.0,0.0,0.0
2024-06-26 00:00:00-04:00,532.4849577215607,534.9823921713983,531.8385861304241,534.2674560546875,38550600,0.0,0.0,0.0
2024-06-27 00:00:00-04:00,534.1302285739343,535.6874858769653,533.3858821788883,535.109619140625,35041500,0.0,0.0,0.0
2024-06-28 00:00:00-04:00,535.883439640916,538.9391939081404,531.76024266257,533.0040283203125,76144500,0.0,0.0,0.0
2024-07-01 00:00:00-04:00,534.3849539324244,534.6298016081159,531.3390631933655,534.1009521484375,40297800,0.0,0.0,0.0
2024-07-02 00:00:00-04:00,532.4947501316359,537.6953125,532.4457925507478,537.6953125,40434800,0.0,0.0,0.0
2024-07-03 00:00:00-04:00,537.381917105902,540.457218430894,537.3427629954197,540.0948486328125,32789900,0.0,0.0,0.0
2024-07-05 00:00:00-04:00,540.3985036534809,543.6108745288857,539.7618756957023,543.2093505859375,41488400,0.0,0.0,0.0
2024-07-08 00:00:00-04:00,543.9927968223914,544.786100933334,542.7685583933277,543.8361206054688,36110500,0.0,0.0,0.0
2024-07-09 00:00:00-04:00,544.795863484972,545.6968861634513,544.0711239537649,544.3649291992188,27289700,0.0,0.0,0.0
2024-07-10 00:00:00-04:00,545.5891764995068,550.0943497431794,545.2953712492263,549.7515869140625,38701200,0.0,0.0,0.0
2024-07-11 00:00:00-04:00,549.8690906630567,550.7407626908513,544.3747234457534,545.0112915039062,53054200,0.0,0.0,0.0
2024-07-12 00:00:00-04:00,546.1377485184462,552.0532479931339,545.667660018472,548.4490966796875,53084400,0.0,0.0,0.0
2024-07-15 00:00:00-04:00,550.4469707289841,553.1990561394715,548.0964091939553,549.957275390625,40584300,0.0,0.0,0.0
2024-07-16 00:00:00-04:00,551.2696499606263,553.5124331903285,550.51549997726,553.2186279296875,36475300,0.0,0.0,0.0
2024-07-17 00:00:00-04:00,547.2835666023501,548.9583463886919,545.1386983611491,545.4619140625,57119000,0.0,0.0,0.0
2024-07-18 00:00:00-04:00,546.9995524787638,547.988746727991,539.0860582622142,541.2700805664062,56270400,0.0,0.0,0.0
2024-07-19 00:00:00-04:00,541.0349619096787,542.6607838512468,536.6179005483158,537.6756591796875,65509100,0.0,0.0,0.0
2024-07-22 00:00:00-04:00,541.6029758172482,543.8262115013138,539.6638016510004,543.218994140625,43346700,0.0,0.0,0.0
2024-07-23 00:00:00-04:00,543.111291105197,545.2659625762393,541.8773090500791,542.3670043945312,34439600,0.0,0.0,0.0
2024-07-24 00:00:00-04:00,537.5483785668235,537.8519873002513,529.1549928867055,530.0756225585938,74515300,0.0,0.0,0.0
2024-07-25 00:00:00-04:00,530.1930703849662,536.1771923025162,526.373482961852,527.3136596679688,61158300,0.0,0.0,0.0
2024-07-26 00:00:00-04:00,531.1040855758291,535.9128682273114,530.3303285661854,533.2195434570312,53763800,0.0,0.0,0.0
2024-07-29 00:00:00-04:00,534.7668786438925,535.775619885458,531.534841817287,533.5328369140625,39515800,0.0,0.0,0.0
2024-07-30 00:00:00-04:00,535.0019870020752,536.059745722708,527.4215123549488,530.8297729492188,46853600,0.0,0.0,0.0
2024-07-31 00:00:00-04:00,537.6658891932146,542.0927543010554,536.2947780748914,539.4581909179688,65663400,0.0,0.0,0.0
2024-08-01 00:00:00-04:00,541.1819427118934,543.4345294348678,528.3127341764186,531.8189697265625,76428700,0.0,0.0,0.0
2024-08-02 00:00:00-04:00,524.7085367838448,525.9229716163323,517.705869778205,521.9172973632812,82789100,0.0,0.0,0.0
2024-08-05 00:00:00-04:00,501.0954700551791,512.7893973566776,499.75367969518885,506.7171630859375,146267400,0.0,0.0,0.0
2024-08-06 00:00:00-04:00,508.51921810050686,518.8322310175004,507.19706454680966,511.3888854980469,84826300,0.0,0.0,0.0
2024-08-07 00:00:00-04:00,517.5785847252098,520.63433876445,507.3733501679388,507.97076416015625,70698300,0.0,0.0,0.0
2024-08-08 00:00:00-04:00,513.1126009988247,520.3405097902447,511.08531467340157,519.7137451171875,63276600,0.0,0.0,0.0
2024-08-09 00:00:00-04:00,518.8909769209239,523.4941251002426,517.6667385635127,522.0054321289062,45619600,0.0,0.0,0.0
2024-08-12 00:00:00-04:00,523.2002926739822,524.6889257907327,520.0074696393324,522.2796630859375,42542100,0.0,0.0,0.0
2024-08-13 00:00:00-04:00,525.4725645280489,531.1040615199245,525.2277168327499,530.8689575195312,52333100,0.0,0.0,0.0
2024-08-14 00:00:00-04:00,531.6622865517797,533.7288466275766,528.9885687226673,532.5437622070312,42446900,0.0,0.0,0.0
2024-08-15 00:00:00-04:00,538.1751988274788,541.9556326474029,537.5679813653051,541.671630859375,60846800,0.0,0.0,0.0
2024-08-16 00:00:00-04:00,540.0555939415091,543.5814362683599,539.8989177341498,542.8860473632812,44430700,0.0,0.0,0.0
2024-08-19 00:00:00-04:00,543.2972906137162,548.0767211914062,542.4452256331724,548.0767211914062,39121800,0.0,0.0,0.0
2024-08-20 00:00:00-04:00,547.6263456901657,549.2815184001456,545.8438474042439,547.1856079101562,33732300,0.0,0.0,0.0
2024-08-21 00:00:00-04:00,548.2335818085938,550.5253226989936,543.2974141481618,549.0660400390625,41514600,0.0,0.0,0.0
2024-08-22 00:00:00-04:00,550.9660160166799,551.5732334533072,543.5422179587766,544.7566528320312,56121500,0.0,0.0,0.0
2024-08-23 00:00:00-04:00,547.9984691071246,551.4850973665338,545.8045838781815,550.5448608398438,50639400,0.0,0.0,0.0
2024-08-26 00:00:00-04:00,551.5733022984582,552.2882384520825,547.5284135216066,549.2325439453125,35788600,0.0,0.0,0.0
2024-08-27 00:00:00-04:00,547.9593482100599,550.4763897351174,546.8134777136145,549.9866943359375,32693900,0.0,0.0,0.0
2024-08-28 00:00:00-04:00,549.6438836929623,550.0748179978751,543.6009999526875,546.7938232421875,41066000,0.0,0.0,0.0
2024-08-29 00:00:00-04:00,548.7624007293272,552.0629426061665,545.6969030561269,546.8427734375,38715200,0.0,0.0,0.0
2024-08-30 00:00:00-04:00,549.212987410433,552.5722906161151,545.6577940930898,552.06298828125,62700100,0.0,0.0,0.0
2024-09-03 00:00:00-04:00,548.9190687874888,549.2520879225416,538.18498513228,540.7020263671875,60600100,0.0,0.0,0.0
2024-09-04 00:00:00-04:00,538.8607329114091,543.0035361193702,538.1359934145067,539.5952758789062,47224900,0.0,0.0,0.0
2024-09-05 00:00:00-04:00,539.5364855369387,542.3864857940848,535.8245570186228,538.2828369140625,44264300,0.0,0.0,0.0
2024-09-06 00:00:00-04:00,538.6061519080256,540.2319142524223,528.3225490242058,529.2235717773438,68493800,0.0,0.0,0.0
2024-09-09 00:00:00-04:00,533.4251872668898,536.4221205223048,531.4957564364314,535.1488647460938,40445800,0.0,0.0,0.0
2024-09-10 00:00:00-04:00,537.0587275255268,537.8324845189911,532.1813804449696,537.4798583984375,36394600,0.0,0.0,0.0
2024-09-11 00:00:00-04:00,537.3916883108078,543.9144040618945,528.8318231688719,542.9937744140625,75248600,0.0,0.0,0.0
2024-09-12 00:00:00-04:00,543.5716351743016,547.8711746400817,541.3483991843773,547.5675659179688,51819600,0.0,0.0,0.0
2024-09-13 00:00:00-04:00,548.1748423305235,551.4264269369157,547.9201911599521,550.4274291992188,39310500,0.0,0.0,0.0
2024-09-16 00:00:00-04:00,550.1628688432331,551.5046291897925,548.3608236054457,551.240234375,36656100,0.0,0.0,0.0
2024-09-17 00:00:00-04:00,553.4536471249235,554.9031859740162,549.2324757022386,551.4655151367188,49321000,0.0,0.0,0.0
2024-09-18 00:00:00-04:00,552.1217580784818,556.969754476821,549.2717571625421,549.8300170898438,59044900,0.0,0.0,0.0
2024-09-19 00:00:00-04:00,559.2418127536077,561.0732683170673,556.3722055885228,559.21240234375,75315500,0.0,0.0,0.0
2024-09-20 00:00:00-04:00,557.843033129673,559.2871245583524,555.219996107625,558.2457885742188,77503100,1.746,0.0,0.0
2024-09-23 00:00:00-04:00,559.3166610051752,560.2892222272916,558.0984411315784,559.6408081054688,44116900,0.0,0.0,0.0
2024-09-24 00:00:00-04:00,560.4365555490466,561.3010677532865,557.6072537825559,561.2421264648438,46805700,0.0,0.0,0.0
2024-09-25 00:00:00-04:00,561.0849426444706,561.8217386948093,558.8941616149112,560.0042724609375,38428600,0.0,0.0,0.0
2024-09-26 00:00:00-04:00,564.2679463720303,564.5921534543987,559.8668367278948,562.2245483398438,48336000,0.0,0.0,0.0
2024-09-27 00:00:00-04:00,563.2952985697877,564.1106429805404,560.377555197848,561.4090576171875,42100900,0.0,0.0,0.0
2024-09-30 00:00:00-04:00,560.3776493545987,564.2679545173111,558.0788790007499,563.6588745117188,63557400,0.0,0.0,0.0
2024-10-01 00:00:00-04:00,563.3052513338224,563.9536055755817,556.0355051968223,558.609375,72668800,0.0,0.0,0.0
2024-10-02 00:00:00-04:00,557.715374727311,559.866821742494,555.3183290115846,558.8450927734375,38097800,0.0,0.0,0.0
2024-10-03 00:00:00-04:00,557.3714411111998,559.7684865712154,555.5343678239607,557.8233642578125,40846500,0.0,0.0,0.0
2024-10-04 00:00:00-04:00,562.2735426407796,563.2657708110322,558.0983654622065,562.8924560546875,42939100,0.0,0.0,0.0
2024-10-07 00:00:00-04:00,561.2420924631317,561.8905065573382,556.6543259021896,557.8037109375,49964700,0.0,0.0,0.0
2024-10-08 00:00:00-04:00,560.3775771285751,563.6784689445017,559.5032914013763,563.0791625976562,37398700,0.0,0.0,0.0
2024-10-09 00:00:00-04:00,563.0692766676514,567.5392201781847,562.4700303371761,566.979248046875,37912200,0.0,0.0,0.0
2024-10-10 00:00:00-04:00,565.6334128471475,567.411544847049,564.375918856187,565.987060546875,44138100,0.0,0.0,0.0
2024-10-11 00:00:00-04:00,565.9084606662699,570.1131388058892,565.7709110163313,569.3763427734375,42268000,0.0,0.0,0.0
2024-10-14 00:00:00-04:00,570.9874382986001,574.9661849382893,570.5060744728205,574.0328979492188,36217200,0.0,0.0,0.0
2024-10-15 00:00:00-04:00,574.2981924836022,574.6027324678581,568.3546560789198,569.5728759765625,54203600,0.0,0.0,0.0
2024-10-16 00:00:00-04:00,569.57286786976,572.5691599226542,568.767296964022,572.0484619140625,30725400,0.0,0.0,0.0
2024-10-17 00:00:00-04:00,575.594918349773,575.801242846272,571.9109378019983,572.0975952148438,34393700,0.0,0.0,0.0
2024-10-18 00:00:00-04:00,573.787292295603,575.0840605235142,572.3235337539761,574.2981567382812,37416800,0.0,0.0,0.0
2024-10-21 00:00:00-04:00,573.5711395635755,574.5535342943244,570.378356688641,573.3550415039062,36439000,0.0,0.0,0.0
2024-10-22 00:00:00-04:00,570.8203601494715,574.209633451099,570.1621725681896,573.0504150390625,34183800,0.0,0.0,0.0
2024-10-23 00:00:00-04:00,571.0267810694698,571.4688706983893,564.3071746074978,567.8143310546875,49314600,0.0,0.0,0.0
2024-10-24 00:00:00-04:00,569.7693209618997,569.8479293354313,566.4193810527883,569.0423583984375,34979900,0.0,0.0,0.0
2024-10-25 00:00:00-04:00,571.2723100723214,574.1703862188206,567.9027036914881,568.8457641601562,47268200,0.0,0.0,0.0
2024-10-28 00:00:00-04:00,572.3235609618828,572.4512770786239,570.299830137409,570.6043701171875,30174700,0.0,0.0,0.0
2024-10-29 00:00:00-04:00,569.6415300427301,572.6476553589258,568.2465463889694,571.5277709960938,42899700,0.0,0.0,0.0
2024-10-30 00:00:00-04:00,571.0563234826817,573.0506139584433,569.0915336357257,569.7988891601562,41435800,0.0,0.0,0.0
2024-10-31 00:00:00-04:00,565.4272457494502,565.4960205925304,558.4325983696156,558.6290893554688,60182500,0.0,0.0,0.0
2024-11-01 00:00:00-04:00,561.2617325907157,565.4172428761593,560.5740443264921,560.9866333007812,45667500,0.0,0.0,0.0
2024-11-04 00:00:00-05:00,561.1241962515347,562.4209644478059,557.892139281839,559.7783203125,38217000,0.0,0.0,0.0
2024-11-05 00:00:00-05:00,560.6920242782184,566.5863933486033,560.4759261934032,566.547119140625,39478300,0.0,0.0,0.0
2024-11-06 00:00:00-05:00,578.8270097230293,581.508928254242,575.0840880526238,580.6345825195312,68182000,0.0,0.0,0.0
2024-11-07 00:00:00-05:00,582.6387178727699,586.145874462509,582.5601095007273,585.1241455078125,47233200,0.0,0.0,0.0
2024-11-08 00:00:00-05:00,585.674356571417,589.0832980878612,585.674356571417,587.6588134765625,46444900,0.0,0.0,0.0
2024-11-11 00:00:00-05:00,589.2501914582232,589.6038391769904,586.4896646144927,588.2186889648438,37586800,0.0,0.0,0.0
2024-11-12 00:00:00-05:00,588.1401110548398,588.7393574916656,583.9059918696842,586.3914794921875,43006100,0.0,0.0,0.0
2024-11-13 00:00:00-05:00,586.8532154819194,588.6804555395651,584.4856702408568,586.6763916015625,47388600,0.0,0.0,0.0
2024-11-14 00:00:00-05:00,586.8040077565071,587.2853715644612,582.2162413093224,582.9038696289062,38904100,0.0,0.0,0.0
2024-11-15 00:00:00-05:00,579.3378226480269,579.8094129170865,573.5810036102117,575.437744140625,75988800,0.0,0.0,0.0
2024-11-18 00:00:00-05:00,575.8994574754852,579.1119076957027,575.0350052053479,577.7955322265625,37001700,0.0,0.0,0.0
2024-11-19 00:00:00-05:00,574.4160398519082,580.6345552744816,573.7480186357969,579.9075927734375,49412000,0.0,0.0,0.0
2024-11-20 00:00:00-05:00,579.9862433981077,580.3889988810581,574.3374733314436,580.1041259765625,50032600,0.0,0.0,0.0
2024-11-21 00:00:00-05:00,582.9531169226577,584.6428072515256,577.1078556838472,583.2183227539062,46750300,0.0,0.0,0.0
2024-11-22 00:00:00-05:00,583.2084735757152,585.654687007179,582.7075025920674,585.0259399414062,38226400,0.0,0.0,0.0
2024-11-25 00:00:00-05:00,588.965270737662,590.2816460152659,584.7213185752529,587.0103149414062,42441400,0.0,0.0,0.0
2024-11-26 00:00:00-05:00,588.2579731618996,590.7434606979054,587.5408441710033,590.075439453125,45621300,0.0,0.0,0.0
2024-11-27 00:00:00-05:00,589.8887226529953,590.2718110026187,586.7647148108081,588.2874145507812,34000200,0.0,0.0,0.0
2024-11-29 00:00:00-05:00,589.1027595534448,592.7277982726248,588.827720226239,591.94189453125,30177400,0.0,0.0,0.0
2024-12-02 00:00:00-05:00,592.354515594293,593.6807844427898,591.8633182342458,593.0029296875,31746000,0.0,0.0,0.0
2024-12-03 00:00:00-05:00,592.7672106157903,593.5236138358292,591.73570807165,593.2780151367188,26906600,0.0,0.0,0.0
2024-12-04 00:00:00-05:00,594.9678057402301,597.2076348485892,594.2997844285924,596.9620361328125,42787600,0.0,0.0,0.0
2024-12-05 00:00:00-05:00,596.961947940629,597.7675188046404,595.6259055147337,595.9795532226562,28762200,0.0,0.0,0.0
2024-12-06 00:00:00-05:00,596.7458937244957,598.3472020292826,596.333304701608,597.109375,31241500,0.0,0.0,0.0
2024-12-09 00:00:00-05:00,596.9914414878755,597.1584317989794,593.445010988573,594.034423828125,34742700,0.0,0.0,0.0
2024-12-10 00:00:00-05:00,594.7122615181331,595.1346840344664,591.5293123546073,592.1875,37234500,0.0,0.0,0.0
2024-12-11 00:00:00-05:00,595.1152087702993,597.7185192678439,594.8401094183695,596.765625,28677700,0.0,0.0,0.0
2024-12-12 00:00:00-05:00,595.9010621562538,596.4708079758578,593.690673828125,593.690673828125,31543800,0.0,0.0,0.0
2024-12-13 00:00:00-05:00,595.7242620650901,596.4413911194437,592.197438164754,593.5728149414062,35904700,0.0,0.0,0.0
2024-12-16 00:00:00-05:00,595.3312295236393,597.0799209921157,594.5551592425911,596.1072998046875,43695200,0.0,0.0,0.0
2024-12-17 00:00:00-05:00,593.553151685944,594.5158794594372,592.2760503625989,593.6513671875,55773500,0.0,0.0,0.0
2024-12-18 00:00:00-05:00,593.3467745348553,595.7339866328443,575.5752867073982,575.9584350585938,108248700,0.0,0.0,0.0
2024-12-19 00:00:00-05:00,580.948899716812,582.5600413718613,575.5358954722558,575.781494140625,85919500,0.0,0.0,0.0
2024-12-20 00:00:00-05:00,573.451443984787,587.2315284125533,572.6036951737447,582.6973266601562,125716700,1.966,0.0,0.0
2024-12-23 00:00:00-05:00,582.440932357683,586.7878476994515,579.2570769218985,586.1865844726562,57635800,0.0,0.0,0.0
2024-12-24 00:00:00-05:00,587.5369625170155,592.7414929129372,586.9553724289615,592.7020263671875,33160100,0.0,0.0,0.0
2024-12-26 00:00:00-05:00,590.9277996479015,593.8651696252028,589.5281209545966,592.7415161132812,41219100,0.0,0.0,0.0
2024-12-27 00:00:00-05:00,588.9958679237085,589.2324867459512,582.3128451341881,586.5020751953125,64969300,0.0,0.0,0.0
2024-12-30 00:00:00-05:00,579.4838439796579,583.2787692142718,576.0535631828352,579.80908203125,56578800,0.0,0.0,0.0
2024-12-31 00:00:00-05:00,581.4748988586764,582.1945015590405,576.0634095440413,577.69970703125,57052700,0.0,0.0,0.0
2025-01-02 00:00:00-05:00,580.9624149327,582.6775253068124,572.1995172748154,576.2803344726562,50204000,0.0,0.0,0.0
2025-01-03 00:00:00-05:00,579.1289967873591,584.1264484268344,578.044689478734,583.4857788085938,37888500,0.0,0.0,0.0
2025-01-06 00:00:00-05:00,587.7440065436294,591.1249540533898,585.1121413237427,586.8469848632812,47679400,0.0,0.0,0.0
2025-01-07 00:00:00-05:00,588.8776099950986,589.2029082453815,578.3897946667151,580.2133178710938,60393100,0.0,0.0,0.0
2025-01-08 00:00:00-05:00,580.2822309005052,582.1353537217743,576.832277161694,581.0609130859375,47304700,0.0,0.0,0.0
2025-01-10 00:00:00-05:00,577.5026413332764,577.5716476388544,570.2774344732991,572.189697265625,73105000,0.0,0.0,0.0
2025-01-13 00:00:00-05:00,567.5372072518853,573.4316812597856,567.1231694250464,573.0768432617188,47910100,0.0,0.0,0.0
2025-01-14 00:00:00-05:00,576.0043111010004,576.6351742776535,570.0802375478183,573.8653564453125,48420600,0.0,0.0,0.0
2025-01-15 00:00:00-05:00,581.8889752343268,585.4473419377294,580.7751281246863,584.303955078125,56900200,0.0,0.0,0.0
2025-01-16 00:00:00-05:00,585.6740294157521,585.8514484014332,582.4803673486446,583.1802368164062,43319700,0.0,0.0,0.0
2025-01-17 00:00:00-05:00,588.4242094250709,590.7898562052613,587.0934767089387,589.0353393554688,58070600,0.0,0.0,0.0
2025-01-21 00:00:00-05:00,592.0810894520482,594.4369296257112,590.1096871636119,594.4270629882812,42532900,0.0,0.0,0.0
2025-01-22 00:00:00-05:00,597.2560928487167,599.1289493146973,596.7041025475482,597.7686767578125,48196000,0.0,0.0,0.0
2025-01-23 00:00:00-05:00,597.1377792345874,601.0313110351562,596.8618141810588,601.0313110351562,41152100,0.0,0.0,0.0
2025-01-24 00:00:00-05:00,601.0905113090206,602.0466728607889,598.1235407504724,599.2767944335938,34604700,0.0,0.0,0.0
2025-01-27 00:00:00-05:00,586.3048878621954,591.115114198888,586.1373355152499,590.7996826171875,70361100,0.0,0.0,0.0
2025-01-28 00:00:00-05:00,592.0318399526346,596.7139205737208,588.7100317776161,595.8760986328125,44433300,0.0,0.0,0.0
2025-01-29 00:00:00-05:00,595.0874355672163,595.491606706695,590.651780644399,593.2047729492188,37177400,0.0,0.0,0.0
2025-01-30 00:00:00-05:00,595.3240968992558,597.9263022497843,592.130374590218,596.3886108398438,39281300,0.0,0.0,0.0
2025-01-31 00:00:00-05:00,598.8134358374799,601.2382822731704,592.4556515232641,593.2146606445312,66566900,0.0,0.0,0.0
2025-02-03 00:00:00-05:00,584.1954832564219,591.7065212004032,582.0466619706364,589.2225952148438,65857200,0.0,0.0,0.0
2025-02-04 00:00:00-05:00,589.281761222817,593.6878166788046,588.7396375989994,593.17529296875,33457800,0.0,0.0,0.0
2025-02-05 00:00:00-05:00,592.0515554519985,595.7282015036632,590.021013481686,595.580322265625,30653100,0.0,0.0,0.0
2025-02-06 00:00:00-05:00,597.3250313642651,597.778475552574,594.013089933138,597.6503295898438,35771500,0.0,0.0,0.0
2025-02-07 00:00:00-05:00,598.2121736064561,599.4344333824486,591.4699514014874,592.1796875,50788500,0.0,0.0,0.0
2025-02-10 00:00:00-05:00,595.3930719758379,596.8420237335293,594.1214790365186,596.2012939453125,26048700,0.0,0.0,0.0
2025-02-11 00:00:00-05:00,593.93424024475,597.1969087784863,593.8159609148958,596.65478515625,30056700,0.0,0.0,0.0
2025-02-12 00:00:00-05:00,590.6320542359233,595.9055305477739,589.9519181359682,594.7325439453125,45076100,0.0,0.0,0.0
2025-02-13 00:00:00-05:00,595.8366046698266,601.2185545419917,594.5749384975967,601.0115356445312,40921300,0.0,0.0,0.0
2025-02-14 00:00:00-05:00,601.2185532755497,602.2535274358258,600.360998100256,600.9819946289062,26910400,0.0,0.0,0.0
2025-02-18 00:00:00-05:00,602.1450746766837,602.746337890625,599.6808220007749,602.746337890625,26749000,0.0,0.0,0.0
2025-02-19 00:00:00-05:00,601.3565473981581,604.4614697835945,600.8439635712302,604.165771484375,31011100,0.0,0.0,0.0
2025-02-20 00:00:00-05:00,602.7956084451664,602.9336210334332,598.3402805357981,601.6522216796875,36554000,0.0,0.0,0.0
2025-02-21 00:00:00-05:00,601.435409514207,601.5734221193063,590.8982614234848,591.361572265625,76519800,0.0,0.0,0.0
2025-02-24 00:00:00-05:00,593.4119363420369,594.4075043153588,587.9609790870905,588.6707153320312,50737200,0.0,0.0,0.0
2025-02-25 00:00:00-05:00,588.6114660308307,589.3408752561445,581.129967827771,585.7430419921875,58266500,0.0,0.0,0.0
2025-02-26 00:00:00-05:00,587.4088964020577,591.0067297705009,583.3970853838995,586.0387573242188,43321600,0.0,0.0,0.0
2025-02-27 00:00:00-05:00,588.3157098294636,589.4690234968429,576.290203877955,576.6844482421875,74196700,0.0,0.0,0.0
2025-02-28 00:00:00-05:00,577.1871598716435,586.2161558854355,574.1117771132394,585.6838989257812,88744100,0.0,0.0,0.0
2025-03-03 00:00:00-05:00,587.6552532272791,588.7987001526899,571.6080711867788,575.4227294921875,74249200,0.0,0.0,0.0
2025-03-04 00:00:00-05:00,571.4208567458912,577.0196322682823,564.0675042327628,568.611572265625,109648200,0.0,0.0,0.0
2025-03-05 00:00:00-05:00,568.4439889843314,576.5168836727693,564.8856223320056,574.722900390625,71230500,0.0,0.0,0.0
2025-03-06 00:00:00-05:00,567.2512863712917,571.8742272350298,561.9679425734266,564.5209350585938,80094900,0.0,0.0,0.0
2025-03-07 00:00:00-05:00,562.7368186254731,569.1340095542192,557.5421542389136,567.6849975585938,81158800,0.0,0.0,0.0
2025-03-10 00:00:00-04:00,559.4741670846696,561.3962362827218,547.6457527585567,552.5643920898438,99326600,0.0,0.0,0.0
2025-03-11 00:00:00-04:00,551.4011666406667,555.9551004739012,544.1266884057775,547.9708862304688,88102100,0.0,0.0,0.0
2025-03-12 00:00:00-04:00,554.1316472627199,555.0582088315019,545.7729200294035,550.8788452148438,69588200,0.0,0.0,0.0
2025-03-13 00:00:00-04:00,550.5042540653316,551.1153839968962,541.8202288918889,543.5353393554688,74079400,0.0,0.0,0.0
2025-03-14 00:00:00-04:00,548.1583621783288,555.7680078690922,543.6044267637213,554.7625732421875,62660300,0.0,0.0,0.0
2025-03-17 00:00:00-04:00,554.742702735982,561.5637976935186,554.3089918436672,559.0404052734375,49008700,0.0,0.0,0.0
2025-03-18 00:00:00-04:00,556.7240271713574,556.9409127203818,551.0661118946721,552.9981079101562,66041400,0.0,0.0,0.0
2025-03-19 00:00:00-04:00,554.7821880592443,562.7860764826731,553.5993346617712,559.0206909179688,66556000,0.0,0.0,0.0
2025-03-20 00:00:00-04:00,555.2750258330774,562.4114922780789,554.5554231088431,557.4041137695312,62958200,0.0,0.0,0.0
2025-03-21 00:00:00-04:00,552.9413292589383,558.4877328401925,551.7054963570508,557.5880126953125,83763000,1.696,0.0,0.0
2025-03-24 00:00:00-04:00,564.3307537296456,568.6314886589248,563.7375780431137,567.5736083984375,58766800,0.0,0.0,0.0
2025-03-25 00:00:00-04:00,568.7797678649376,569.8771730865459,567.1880294433175,568.93798828125,38355700,0.0,0.0,0.0
2025-03-26 00:00:00-04:00,568.6709866041082,569.7980806984394,560.7616559941828,562.1458129882812,51848300,0.0,0.0,0.0
2025-03-27 00:00:00-04:00,560.7517966033342,564.4296669577193,558.5371935416607,560.6529541015625,42164200,0.0,0.0,0.0
2025-03-28 00:00:00-04:00,559.120558969836,559.8521624781242,548.7790863172526,549.3623657226562,71662700,0.0,0.0,0.0
2025-03-31 00:00:00-04:00,543.5984615291653,554.3551567474991,540.6719872727307,553.0501098632812,95328200,0.0,0.0,0.0
2025-04-01 00:00:00-04:00,551.1321177898429,556.5598868781194,547.4048260096515,554.6121826171875,54609600,0.0,0.0,0.0
2025-04-02 00:00:00-04:00,548.7592465118332,560.9890444564371,548.52197624234,558.1219482421875,76014500,0.0,0.0,0.0
2025-04-03 00:00:00-04:00,538.931968079745,541.759539717793,530.6173095703125,530.6173095703125,125986000,0.0,0.0,0.0
2025-04-04 00:00:00-04:00,517.7349036725598,519.9099817661254,499.3358369172059,499.5533447265625,217965100,0.0,0.0,0.0
2025-04-07 00:00:00-04:00,483.64569927250346,517.2405628900261,476.33944038650816,498.6635437011719,256611400,0.0,0.0,0.0
2025-04-08 00:00:00-04:00,515.9454474877983,519.0300819148135,483.6160734043612,490.8531188964844,165816600,0.0,0.0,0.0
2025-04-09 00:00:00-04:00,487.84755542038147,542.4021606445312,487.46196103833506,542.4021606445312,241867300,0.0,0.0,0.0
2025-04-10 00:00:00-04:00,526.1385878330984,527.4535310578508,503.5475844453038,518.6346435546875,162331200,0.0,0.0,0.0
2025-04-11 00:00:00-04:00,517.0823733080597,530.3502582115377,514.1756919605745,527.8884887695312,97866300,0.0,0.0,0.0
2025-04-14 00:00:00-04:00,537.8839447885014,538.111379094838,527.8094317224818,533.0098266601562,68034000,0.0,0.0,0.0
2025-04-15 00:00:00-04:00,533.5535570239268,537.0732068479572,530.7259857198238,531.5169067382812,56892900,0.0,0.0,0.0
2025-04-16 00:00:00-04:00,525.6540605978519,531.7936996877118,514.3931376127902,519.7022705078125,83484800,0.0,0.0,0.0
2025-04-17 00:00:00-04:00,521.6599483491107,525.1499093262158,517.9721816819745,520.44384765625,79868100,0.0,0.0,0.0
2025-04-21 00:00:00-04:00,515.2533374613439,515.7872559194974,502.69729269891565,508.0558776855469,69368100,0.0,0.0,0.0
2025-04-22 00:00:00-04:00,514.2449494916972,523.3011070538847,513.305704354498,521.2743530273438,75948100,0.0,0.0,0.0
2025-04-23 00:00:00-04:00,534.3049123051696,539.2482437222484,527.8291602174767,529.3516845703125,90590700,0.0,0.0,0.0
2025-04-24 00:00:00-04:00,530.6369834977514,541.2256220112762,529.3814182452572,540.4940185546875,64150400,0.0,0.0,0.0
2025-04-25 00:00:00-04:00,540.454522631326,544.804618673288,537.5280483044934,544.3992919921875,61119600,0.0,0.0,0.0
2025-04-28 00:00:00-04:00,545.1407299494361,547.2762226232229,538.8429303961163,544.6068115234375,47613800,0.0,0.0,0.0
2025-04-29 00:00:00-04:00,542.6888178923871,549.1547344204944,542.3329124899421,548.0375366210938,47775100,0.0,0.0,0.0
2025-04-30 00:00:00-04:00,541.3640897959557,550.2126665027023,535.3826699025942,548.2550659179688,93101500,0.0,0.0,0.0
2025-05-01 00:00:00-04:00,554.0189320097116,557.6770094036193,551.5373699314374,552.1404418945312,63186100,0.0,0.0,0.0
2025-05-02 00:00:00-04:00,558.3295262045715,561.9381825044319,556.006184429092,560.3365478515625,60717300,0.0,0.0,0.0
2025-05-05 00:00:00-04:00,556.194064255589,560.2278400664005,555.3339293144951,557.1234130859375,38659200,0.0,0.0,0.0
2025-05-06 00:00:00-04:00,551.6066009560054,556.9651555946843,550.6476235760448,552.4667358398438,48264700,0.0,0.0,0.0
2025-05-07 00:00:00-04:00,553.8014947566288,557.4298834610689,549.738030089525,554.7901611328125,55588000,0.0,0.0,0.0
2025-05-08 00:00:00-04:00,558.8337754612519,563.8463212534109,555.333918196641,558.6558227539062,65130800,0.0,0.0,0.0
2025-05-09 00:00:00-04:00,560.0596697605964,561.068128702691,556.381860066797,557.9439697265625,37603400,0.0,0.0,0.0
2025-05-12 00:00:00-04:00,574.8797762427796,576.3924646775216,570.4999916854949,576.382568359375,78993600,0.0,0.0,0.0
2025-05-13 00:00:00-04:00,576.7977862928067,582.403567726764,576.2342995973956,580.18896484375,67947200,0.0,0.0,0.0
2025-05-14 00:00:00-04:00,581.1479585868793,582.3046813078995,578.9036666864055,580.9304809570312,66283500,0.0,0.0,0.0
2025-05-15 00:00:00-04:00,578.9235156986,584.2721745648568,578.4687074145315,583.7680053710938,71268100,0.0,0.0,0.0
2025-05-16 00:00:00-04:00,584.5489375445604,587.7621029517821,582.6012939394769,587.4655151367188,76052100,0.0,0.0,0.0
2025-05-19 00:00:00-04:00,581.4346564328234,588.7903364922698,581.4346564328234,588.108154296875,68168500,0.0,0.0,0.0
2025-05-20 00:00:00-04:00,586.3681289429425,587.317209981726,582.917632829089,586.1307983398438,60614500,0.0,0.0,0.0
2025-05-21 00:00:00-04:00,581.7708648204313,585.8639582409971,575.2258980125081,576.2540893554688,95197700,0.0,0.0,0.0
2025-05-22 00:00:00-04:00,576.0563267018498,579.971467292194,574.8204937262445,576.4815063476562,70860400,0.0,0.0,0.0
2025-05-23 00:00:00-04:00,569.4519785383726,575.215919785119,569.0762805285291,572.5465087890625,76029000,0.0,0.0,0.0
2025-05-27 00:00:00-04:00,579.4276318354167,584.6082332898518,571.8742072622273,584.4500732421875,72588500,0.0,0.0,0.0
2025-05-28 00:00:00-04:00,584.8555180607121,586.051826179252,580.3373051792158,581.0689086914062,68445500,0.0,0.0,0.0
2025-05-29 00:00:00-04:00,586.3384441000501,586.4768718669775,579.4276761926377,583.362548828125,69973300,0.0,0.0,0.0
2025-05-30 00:00:00-04:00,582.2552747565533,584.430352826958,576.6297607292682,582.7100830078125,90601200,0.0,0.0,0.0
2025-06-02 00:00:00-04:00,581.0985213264464,586.0714814983527,578.4291102147669,585.992431640625,61630500,0.0,0.0,0.0
2025-06-03 00:00:00-04:00,585.6266079138771,590.3128764026674,585.1421107506463,589.3341064453125,63606200,0.0,0.0,0.0
2025-06-04 00:00:00-04:00,590.1943197189499,591.1730898063917,588.7409487228937,589.1759643554688,57314200,0.0,0.0,0.0
2025-06-05 00:00:00-04:00,590.8566609128592,592.2111289512687,584.3512195951713,586.3285522460938,92278700,0.0,0.0,0.0
2025-06-06 00:00:00-04:00,591.8750084630755,594.0204580272924,590.0954209877331,592.349609375,66588700,0.0,0.0,0.0
2025-06-09 00:00:00-04:00,592.9229477814916,594.4356362447949,591.7069074945726,592.8834228515625,53016400,0.0,0.0,0.0
2025-06-10 00:00:00-04:00,593.4173631354267,596.6305291817529,592.3002255337209,596.2449951171875,66247000,0.0,0.0,0.0
2025-06-11 00:00:00-04:00,597.3423151819753,598.2024500657004,592.4780937113569,594.5443725585938,73658200,0.0,0.0,0.0
2025-06-12 00:00:00-04:00,593.2097458920864,596.9073486328125,592.725309003214,596.9073486328125,64129000,0.0,0.0,0.0
2025-06-13 00:00:00-04:00,591.7168864341237,595.0288949944265,588.7310943639458,590.23388671875,89506000,0.0,0.0,0.0
2025-06-16 00:00:00-04:00,593.5952983788304,597.5993850121447,593.4172853343232,595.8494262695312,79984100,0.0,0.0,0.0
2025-06-17 00:00:00-04:00,593.4074309844862,594.9299553868199,589.9965201271316,590.7578125,82209400,0.0,0.0,0.0
2025-06-18 00:00:00-04:00,591.6574895866379,594.4059506456396,589.7097855095001,590.6688232421875,76605000,0.0,0.0,0.0
2025-06-20 00:00:00-04:00,593.3471074282096,594.4180406328666,587.8735160730708,589.2816162109375,94051400,1.761,0.0,0.0
2025-06-23 00:00:00-04:00,590.0351069773628,595.4888465716903,586.9116378864132,595.1021728515625,87426000,0.0,0.0,0.0
2025-06-24 00:00:00-04:00,599.2471080685161,602.7374608387837,598.3348024442159,601.676513671875,67735300,0.0,0.0,0.0
2025-06-25 00:00:00-04:00,602.7968833801484,603.4910078317407,600.4468221319722,602.0135498046875,62114800,0.0,0.0,0.0
2025-06-26 00:00:00-04:00,603.8678512919777,607.1599344481853,603.2530708764845,606.7236328125,78548400,0.0,0.0,0.0
2025-06-27 00:00:00-04:00,607.7252035075089,611.2056913389495,605.692457719191,609.7380981445312,86258400,0.0,0.0,0.0
2025-06-30 00:00:00-04:00,612.1873024714439,614.0117925800773,609.8669572755672,612.6533203125,92502500,0.0,0.0,0.0
2025-07-01 00:00:00-04:00,611.1758893553448,613.625146088841,610.3429883405835,612.455078125,70030100,0.0,0.0,0.0
2025-07-02 00:00:00-04:00,612.0484833566157,615.2711481262035,611.4237773441516,615.2315063476562,66510400,0.0,0.0,0.0
2025-07-03 00:00:00-04:00,617.214676143094,621.0124795190609,617.194824993195,620.0803833007812,51065800,0.0,0.0,0.0
2025-07-07 00:00:00-04:00,618.1169852960921,618.7813935886118,612.6731706581298,615.4595336914062,74814500,0.0,0.0,0.0
2025-07-08 00:00:00-04:00,616.1238907210633,616.8775081543645,614.3093261623386,615.1224365234375,59024600,0.0,0.0,0.0
2025-07-09 00:00:00-04:00,617.5319680301938,619.4655183729625,615.6875662931247,618.8110961914062,66113300,0.0,0.0,0.0
2025-07-10 00:00:00-04:00,618.9499658515675,621.5974919629854,617.7699723301522,620.5563354492188,57529000,0.0,0.0,0.0
2025-07-11 00:00:00-04:00,617.5022136064131,619.6043777491163,616.3024294765994,618.3748168945312,63670200,0.0,0.0,0.0
2025-07-14 00:00:00-04:00,617.9186632768227,619.9018415613931,616.5701165685465,619.5548095703125,51898500,0.0,0.0,0.0
2025-07-15 00:00:00-04:00,622.2420420602726,622.5791484786782,616.8279435196437,616.9072875976562,74317300,0.0,0.0,0.0
2025-07-16 00:00:00-04:00,618.4937831556223,619.4754466932056,612.8516386863737,618.9697265625,88987500,0.0,0.0,0.0
2025-07-17 00:00:00-04:00,619.1482908768893,623.1146474859103,618.9301097920578,622.7576293945312,68885700,0.0,0.0,0.0
2025-07-18 00:00:00-04:00,624.007017899032,624.175571102461,621.1909387049365,622.301513671875,65621600,0.0,0.0,0.0
2025-07-21 00:00:00-04:00,623.4815063476562,626.2281670376054,623.0551302914085,623.4815063476562,63375000,0.0,0.0,0.0
2025-07-22 00:00:00-04:00,623.8086504006922,624.4333563471947,620.9231528797274,623.5706787109375,60046300,0.0,0.0,0.0
2025-07-23 00:00:00-04:00,626.2381323551606,628.8757934570312,624.4334327911965,628.8757934570312,70511000,0.0,0.0,0.0
2025-07-24 00:00:00-04:00,629.2624631630094,630.7994747941685,628.6576082944551,629.083984375,71307100,0.0,0.0,0.0
2025-07-25 00:00:00-04:00,629.7484116245431,632.2174590489252,629.5005143245561,631.741455078125,56865400,0.0,0.0,0.0
2025-07-28 00:00:00-04:00,632.1181999979412,632.6734874729789,630.1945147233831,631.582763671875,54917100,0.0,0.0,0.0
2025-07-29 00:00:00-04:00,632.9809077241022,633.2982235137306,629.0046860832861,629.9169311523438,60556300,0.0,0.0,0.0
2025-07-30 00:00:00-04:00,630.5713386132512,632.3165451544952,626.2281734095909,629.1236572265625,80418900,0.0,0.0,0.0
2025-07-31 00:00:00-04:00,634.0816044685715,634.4682782312485,625.4646925404661,626.763671875,103385200,0.0,0.0,0.0
2025-08-01 00:00:00-04:00,621.0322789916852,621.0719812920488,614.0812292944926,616.4907836914062,140103600,0.0,0.0,0.0
2025-08-04 00:00:00-04:00,620.4075271113948,625.9108344398344,620.3183179857707,625.8612670898438,73218000,0.0,0.0,0.0
2025-08-05 00:00:00-04:00,626.4760489706393,627.2891592865192,621.7660007962415,622.6881713867188,68051400,0.0,0.0,0.0
2025-08-06 00:00:00-04:00,623.7591559441935,628.1122469303318,622.8469108529321,627.4578247070312,64357500,0.0,0.0,0.0
2025-08-07 00:00:00-04:00,630.8886820702932,631.62244837055,623.8186464662513,626.9322509765625,74205800,0.0,0.0,0.0
2025-08-08 00:00:00-04:00,628.727047311219,632.2868791777582,628.4097315038053,631.82080078125,64051600,0.0,0.0,0.0
2025-08-11 00:00:00-04:00,632.0983749269875,633.5758329217508,629.3218771812983,630.5712890625,58742300,0.0,0.0,0.0
2025-08-12 00:00:00-04:00,632.9214074238032,637.4430514601922,631.4340237207567,637.284423828125,64730800,0.0,0.0,0.0
2025-08-13 00:00:00-04:00,639.4857330110176,640.7549961752953,637.2745085703324,639.4659423828125,60092800,0.0,0.0,0.0
2025-08-14 00:00:00-04:00,637.3835851461316,640.1897994624859,636.9374184340268,639.5254516601562,59327500,0.0,0.0,0.0
2025-08-15 00:00:00-04:00,640.5566774831647,640.6558727131268,637.11589211782,638.0281372070312,68592500,0.0,0.0,0.0
2025-08-18 00:00:00-04:00,637.4529805837014,638.5834067295413,636.7787072305159,637.8892822265625,43804900,0.0,0.0,0.0
2025-08-19 00:00:00-04:00,637.7108075589789,638.6924711313014,633.1098193903536,634.4286499023438,69750700,0.0,0.0,0.0
2025-08-20 00:00:00-04:00,634.0221697813646,634.2799321395609,627.626407225106,632.7429809570312,88890300,0.0,0.0,0.0
2025-08-21 00:00:00-04:00,630.9283690027011,632.604096553562,628.4791123479844,630.2044677734375,54805800,0.0,0.0,0.0
2025-08-22 00:00:00-04:00,632.3958390332336,641.0623176031913,631.8901189367884,639.88232421875,84083200,0.0,0.0,0.0
2025-08-25 00:00:00-04:00,638.6230253017661,639.8625116828326,636.9472372936925,637.0662231445312,51274300,0.0,0.0,0.0
2025-08-26 00:00:00-04:00,636.7985773675441,640.0807351008626,636.1738713484165,639.733642578125,51581600,0.0,0.0,0.0
2025-08-27 00:00:00-04:00,639.148612992103,641.9250504526357,638.9998504138363,641.1912841796875,48341100,0.0,0.0,0.0
2025-08-28 00:00:00-04:00,641.7961735668325,644.0173236548059,639.9121904309055,643.4620361328125,61519500,0.0,0.0,0.0
2025-08-29 00:00:00-04:00,642.0242015644989,642.3911452321481,637.7306640961879,639.6245727539062,74522200,0.0,0.0,0.0
2025-09-02 00:00:00-04:00,632.13804448044,635.1028861742022,629.5797276837342,634.884765625,81983500,0.0,0.0,0.0
2025-09-03 00:00:00-04:00,637.2645539172183,638.7916398746721,635.0731807265284,638.3255615234375,70820900,0.0,0.0,0.0
2025-09-04 00:00:00-04:00,638.9998582812316,643.6901160802078,638.0975387911232,643.6603393554688,65219200,0.0,0.0,0.0
2025-09-05 00:00:00-04:00,646.0004093954814,646.7243105506017,637.918995020256,641.7960815429688,85178900,0.0,0.0,0.0
2025-09-08 00:00:00-04:00,643.1645472258064,644.3743174556171,641.7862237872296,643.372802734375,63133100,0.0,0.0,0.0
2025-09-09 00:00:00-04:00,643.5115612591451,645.3856792185645,641.7762803015634,644.8601684570312,66133900,0.0,0.0,0.0
2025-09-10 00:00:00-04:00,648.122479271532,649.0446498954948,645.1576374702139,646.724365234375,78034500,0.0,0.0,0.0
2025-09-11 00:00:00-04:00,648.6777603299006,652.7928793680376,648.0927566439484,652.0987548828125,69934400,0.0,0.0,0.0
2025-09-12 00:00:00-04:00,652.0689585463732,653.5662677492645,651.3748946038203,651.8805541992188,72780100,0.0,0.0,0.0
2025-09-15 00:00:00-04:00,654.0918582328915,655.4800466805781,653.7943936028013,655.3511352539062,63772400,0.0,0.0,0.0
2025-09-16 00:00:00-04:00,655.9064595692537,656.213910313041,653.6655188822047,654.4488525390625,61169000,0.0,0.0,0.0
2025-09-17 00:00:00-04:00,654.4587781451693,656.1543568928759,648.7967821934204,653.6357421875,101952200,0.0,0.0,0.0
2025-09-18 00:00:00-04:00,656.3229362038169,659.2977035594738,654.7165666735059,656.6898193359375,90459200,0.0,0.0,0.0
2025-09-19 00:00:00-04:00,658.5800832029405,660.7874850308027,656.6311583459587,659.9423217773438,97945600,1.831,0.0,0.0
2025-09-22 00:00:00-04:00,658.4508309420254,663.5119788762895,658.4209716621773,663.0645751953125,69452200,0.0,0.0,0.0
2025-09-23 00:00:00-04:00,662.9452156846509,663.5617612775759,658.2320617574377,659.4551391601562,81708900,0.0,0.0,0.0
2025-09-24 00:00:00-04:00,660.7477220570149,660.8471316064555,655.9350982101993,657.3569946289062,68082200,0.0,0.0,0.0
2025-09-25 00:00:00-04:00,654.2149171420698,655.6765652531099,650.7048739536411,654.3242797851562,89622100,0.0,0.0,0.0
2025-09-26 00:00:00-04:00,655.7760789419195,658.619871988132,654.1553026157394,658.072998046875,69179200,0.0,0.0,0.0
2025-09-29 00:00:00-04:00,660.5985670660314,661.5134019828115,658.112721358766,659.9224243164062,73499000,0.0,0.0,0.0
2025-09-30 00:00:00-04:00,659.1766647693167,662.8756347075731,657.8641309647478,662.4082641601562,86288000,0.0,0.0,0.0
2025-10-01 00:00:00-04:00,659.4152702620313,665.5801794564833,659.3059076216911,664.6654052734375,72545400,0.0,0.0,0.0
2025-10-02 00:00:00-04:00,666.6540464714482,666.7733621981591,663.004842335434,665.4309692382812,56896000,0.0,0.0,0.0
2025-10-03 00:00:00-04:00,666.1966948783695,668.8714672806448,664.377038831869,665.421142578125,70494400,0.0,0.0,0.0
2025-10-06 00:00:00-04:00,667.8174482099862,668.7024238148077,665.669704301124,667.8074951171875,54623300,0.0,0.0,0.0
2025-10-07 00:00:00-04:00,668.7322238208072,669.1796881705657,663.8898014056139,665.3316040039062,72020100,0.0,0.0,0.0
2025-10-08 00:00:00-04:00,666.4552183740389,669.398481470165,665.6299006256374,669.2990112304688,60702200,0.0,0.0,0.0
2025-10-09 00:00:00-04:00,669.7166839203261,670.1243359074817,665.4211353124821,667.3600463867188,66501900,0.0,0.0,0.0
2025-10-10 00:00:00-04:00,668.324542434099,670.1342452495495,649.14378031214,649.32275390625,159422600,0.0,0.0,0.0
2025-10-13 00:00:00-04:00,656.9095884512618,661.3642043859337,656.0345659370097,659.2860107421875,79560500,0.0,0.0,0.0
2025-10-14 00:00:00-04:00,653.4492417720955,662.0602448848334,649.4718888267987,658.4805908203125,88779600,0.0,0.0,0.0
2025-10-15 00:00:00-04:00,663.0446129876665,666.4352795829697,655.1992699391986,661.4039306640625,81702600,0.0,0.0,0.0
2025-10-16 00:00:00-04:00,663.0445999065358,664.9239136533134,653.3895542222015,656.8995971679688,110563300,0.0,0.0,0.0
2025-10-17 00:00:00-04:00,655.7660892614911,661.9906565438909,654.4138037793879,660.62841796875,96500900,0.0,0.0,0.0
2025-10-20 00:00:00-04:00,663.5418206897375,668.4041493887289,663.4921159142255,667.499267578125,60493400,0.0,0.0,0.0
2025-10-21 00:00:00-04:00,667.638493864759,669.1797060532549,666.1867381348511,667.4893188476562,56249000,0.0,0.0,0.0
2025-10-22 00:00:00-04:00,668.1953369980629,668.1953369980629,659.5445816579371,664.0191040039062,80564000,0.0,0.0,0.0
2025-10-23 00:00:00-04:00,664.3372592841532,668.9012985038863,664.019063764971,667.9566650390625,65604500,0.0,0.0,0.0
2025-10-24 00:00:00-04:00,672.6300829996666,674.628651928334,671.8246714345047,673.4155883789062,74356500,0.0,0.0,0.0
2025-10-27 00:00:00-04:00,678.8645527756448,681.658640907831,678.2580209918731,681.3603515625,63339800,0.0,0.0,0.0
2025-10-28 00:00:00-04:00,683.1600908523567,685.0095454543999,680.9526890414517,683.1700439453125,61738100,0.0,0.0,0.0
2025-10-29 00:00:00-04:00,684.8206562449755,685.795149064121,679.0038013689816,683.4982299804688,85657100,0.0,0.0,0.0
2025-10-30 00:00:00-04:00,680.0279821977349,682.0564104652303,675.9810180664062,675.9810180664062,76335800,0.0,0.0,0.0
2025-10-31 00:00:00-04:00,681.1614116072222,681.2012239761448,675.3942622450203,678.1983032226562,87164100,0.0,0.0,0.0
2025-11-03 00:00:00-05:00,681.7878948104295,681.9171636388411,676.0903560257897,679.4711303710938,57315000,0.0,0.0,0.0
2025-11-04 00:00:00-05:00,672.2820616639051,676.1103005794487,670.7607556049009,671.4169921875,78427000,0.0,0.0,0.0
2025-11-05 00:00:00-05:00,671.1583975728993,677.0051112074705,670.3529860359731,673.7437133789062,74402400,0.0,0.0,0.0
2025-11-06 00:00:00-05:00,672.6399897028363,673.5448715272548,664.9338680034818,666.514892578125,85035300,0.0,0.0,0.0
2025-11-07 00:00:00-05:00,664.1284090392404,667.2805048704689,657.4663915648358,667.1710815429688,100592400,0.0,0.0,0.0
2025-11-10 00:00:00-05:00,673.4056154266486,678.3176487268574,671.2081667723378,677.5818481445312,75842900,0.0,0.0,0.0
2025-11-11 00:00:00-05:00,676.1002762110339,679.6997756663966,674.8871520395073,679.1329956054688,58953400,0.0,0.0,0.0
2025-11-12 00:00:00-05:00,680.9129156193362,681.0819968300743,677.0946904605516,679.5109252929688,62312500,0.0,0.0,0.0
2025-11-13 00:00:00-05:00,676.6472315164618,677.0051787486752,666.7237544337754,668.235107421875,103457800,0.0,0.0,0.0
2025-11-14 00:00:00-05:00,661.612768198211,671.8345335183507,659.5147291242073,668.1256713867188,96846700,0.0,0.0,0.0
2025-11-17 00:00:00-05:00,665.9083353081996,669.8956413839408,658.4209391867944,661.901123046875,90456100,0.0,0.0,0.0
2025-11-18 00:00:00-05:00,658.3512953245886,661.354216097308,652.146634691611,656.3427734375,114467500,0.0,0.0,0.0
2025-11-19 00:00:00-05:00,657.0388554539629,663.5617119214406,655.0203196831769,658.8783569335938,94703000,0.0,0.0,0.0
2025-11-20 00:00:00-05:00,669.1001291109939,671.7351497651099,648.1991802397498,648.8355712890625,165293500,0.0,0.0,0.0
2025-11-21 00:00:00-05:00,651.3412595795126,660.7874729698119,647.1650267848305,655.2987670898438,123956200,0.0,0.0,0.0
2025-11-24 00:00:00-05:00,658.9380055466532,666.2662734630499,657.8442577670318,664.9437866210938,80437900,0.0,0.0,0.0
2025-11-25 00:00:00-05:00,664.8444060411854,672.3815071629971,660.717877921785,671.1982421875,81077100,0.0,0.0,0.0
2025-11-26 00:00:00-05:00,673.7934667684052,677.8404309302599,672.8885849296569,675.8318481445312,71879600,0.0,0.0,0.0
2025-11-28 00:00:00-05:00,677.0051081523229,679.7991961322198,676.6471609574353,679.5208129882812,49212000,0.0,0.0,0.0
2025-12-01 00:00:00-05:00,674.9667014318244,679.1230277654502,674.8970904760725,676.41845703125,61201200,0.0,0.0,0.0
2025-12-02 00:00:00-05:00,678.0591325179204,679.9483994968172,675.4838303983408,677.67138671875,62953800,0.0,0.0,0.0
2025-12-03 00:00:00-05:00,676.7167950740063,681.0321891246488,675.8417725523884,680.0180053710938,57238500,0.0,0.0,0.0
2025-12-04 00:00:00-05:00,681.4199577792665,681.4895687361658,677.4824173401821,680.51513671875,61970300,0.0,0.0,0.0
2025-12-05 00:00:00-05:00,681.5890143183475,684.4925257185774,680.7040993957534,681.8078002929688,79241000,0.0,0.0,0.0
2025-12-08 00:00:00-05:00,682.7027235077143,682.7524282821314,677.7111260885928,679.7594604492188,55231500,0.0,0.0,0.0
2025-12-09 00:00:00-05:00,679.2822138612034,681.5095218770947,678.7253868572307,679.1727905273438,58310100,0.0,0.0,0.0
2025-12-10 00:00:00-05:00,678.6955405173951,685.0692222502689,677.4526176554032,683.6771850585938,85671300,0.0,0.0,0.0
2025-12-11 00:00:00-05:00,681.2609148661827,685.3476304583654,678.3076987410943,685.26806640625,86173700,0.0,0.0,0.0
2025-12-12 00:00:00-05:00,684.2737672143002,684.9797692517327,675.3247225627367,677.9000854492188,113160300,0.0,0.0,0.0
2025-12-15 00:00:00-05:00,681.8574988128718,681.8774049984522,675.4042533093998,676.8758544921875,90811000,0.0,0.0,0.0
2025-12-16 00:00:00-05:00,675.3843754405706,677.2239376857725,671.1584377196804,675.0264282226562,122030600,0.0,0.0,0.0
2025-12-17 00:00:00-05:00,676.0406154817738,676.5874893555698,667.3998140691156,667.5986938476562,110625200,0.0,0.0,0.0
2025-12-18 00:00:00-05:00,673.7635606688432,676.8857972779194,671.0788959983324,672.6399536132812,108650100,0.0,0.0,0.0
2025-12-19 00:00:00-05:00,674.747283458469,679.2350273728672,674.6275542880097,678.7363891601562,103599500,1.993,0.0,0.0
2025-12-22 00:00:00-05:00,682.0772531068674,683.4933686131409,678.7364013691785,682.96484375,69556700,0.0,0.0,0.0
2025-12-23 00:00:00-05:00,682.0572680421344,686.325640311278,682.0074163952171,686.0863037109375,64840000,0.0,0.0,0.0
2025-12-24 00:00:00-05:00,686.0763204450832,688.9484813838191,685.9267046355759,688.4996948242188,39445600,0.0,0.0,0.0
2025-12-26 00:00:00-05:00,688.758988861415,689.7761694005526,687.392725060237,688.4298706054688,41613300,0.0,0.0,0.0
2025-12-29 00:00:00-05:00,685.6674092439482,687.322922191004,684.2014421207446,685.9765625,62559500,0.0,0.0,0.0
2025-12-30 00:00:00-05:00,685.5777200962995,686.6846823672308,684.7100944386586,685.138916015625,47160700,0.0,0.0,0.0
2025-12-31 00:00:00-05:00,685.2685588951464,685.4879304984822,679.8533550408816,680.062744140625,74144800,0.0,0.0,0.0
2026-01-02 00:00:00-05:00,683.842447277036,684.999261161205,677.9684744567207,681.309326171875,89377200,0.0,0.0,0.0
2026-01-05 00:00:00-05:00,684.6701449336617,687.5522884526621,684.5106074856512,685.846923828125,71927200,0.0,0.0,0.0
2026-01-06 00:00:00-05:00,686.0563439630641,690.4344019511112,685.9067890249802,689.92578125,69273800,0.0,0.0,0.0
2026-01-07 00:00:00-05:00,690.3047811958188,692.0699799720542,687.4426026835383,687.701904296875,75588300,0.0,0.0,0.0
2026-01-08 00:00:00-05:00,686.9439569075789,688.7390423054183,685.6175622141362,687.632080078125,64019200,0.0,0.0,0.0
2026-01-09 00:00:00-05:00,688.7489932725086,693.4162394407576,687.3029303433501,692.1796264648438,80125500,0.0,0.0,0.0
2026-01-12 00:00:00-05:00,688.7988836287034,694.1941832506386,688.7490319805348,693.2666625976562,63976000,0.0,0.0,0.0
2026-01-13 00:00:00-05:00,693.595779418591,694.194181802135,689.467040360938,691.8804931640625,78309700,0.0,0.0,0.0
2026-01-14 00:00:00-05:00,689.1180078469732,689.8360176539858,684.1714948792828,688.479736328125,94676700,0.0,0.0,0.0
2026-01-15 00:00:00-05:00,692.678285342935,693.5558934557131,689.3673203481677,690.3546142578125,77862000,0.0,0.0,0.0
2026-01-16 00:00:00-05:00,691.7707369284135,692.359156800422,688.22043529661,689.7761840820312,79289200,0.0,0.0,0.0
2026-01-20 00:00:00-05:00,679.6338820353151,682.9049778344743,674.7272992054969,675.7345581054688,111623300,0.0,0.0,0.0
2026-01-21 00:00:00-05:00,677.7989248999835,686.8641332264262,676.2830453044572,683.5332641601562,127844500,0.0,0.0,0.0
2026-01-22 00:00:00-05:00,687.9711412752974,689.2476843606095,685.0491285530771,687.103515625,77112200,0.0,0.0,0.0
2026-01-23 00:00:00-05:00,686.2757685331861,689.0781127396581,685.2884137823622,687.352783203125,63059600,0.0,0.0,0.0
2026-01-26 00:00:00-05:00,688.609372319757,692.2394730275811,688.0409174669724,690.84326171875,60473800,0.0,0.0,0.0
2026-01-27 00:00:00-05:00,692.2893344912051,694.6329705879123,691.6810104865692,693.5957641601562,55506100,0.0,0.0,0.0
2026-01-28 00:00:00-05:00,695.1515053497095,695.9393926651097,692.0499903412962,693.5259399414062,61172200,0.0,0.0,0.0
2026-01-29 00:00:00-05:00,694.4933553961189,695.1615135683285,682.9648421722587,692.1497192382812,97486200,0.0,0.0,0.0
2026-01-30 00:00:00-05:00,689.9058246991844,692.3192774332931,685.2485609149509,690.0853271484375,101835100,0.0,0.0,0.0
2026-02-02 00:00:00-05:00,687.7019133171445,695.0318708971434,687.5423149981101,693.5159912109375,79286500,0.0,0.0,0.0
2026-02-03 00:00:00-05:00,694.3138377504575,695.0617950648859,682.1670182684101,687.6520385742188,107904600,0.0,0.0,0.0
2026-02-04 00:00:00-05:00,688.4697490630058,689.5667896413613,679.9031787408285,684.3211059570312,105204600,0.0,0.0,0.0
2026-02-05 00:00:00-05:00,679.0854402743204,681.8279505601881,673.9494421186707,675.7744750976562,113610800,0.0,0.0,0.0
2026-02-06 00:00:00-05:00,679.6039887472712,690.4244132010324,678.995603890688,688.739013671875,89127600,0.0,0.0,0.0
2026-02-09 00:00:00-05:00,687.5423060693106,693.9747512796714,686.4652913399738,692.0599975585938,73885200,0.0,0.0,0.0
2026-02-10 00:00:00-05:00,693.0572335194393,694.64286887948,689.7761552680904,690.2349243164062,65185700,0.0,0.0,0.0
2026-02-11 00:00:00-05:00,694.4933668556342,695.2413241987686,687.3029816841566,690.075439453125,76353900,0.0,0.0,0.0
2026-02-12 00:00:00-05:00,692.3491972008484,693.4561594586687,678.5169776231163,679.41455078125,118829000,0.0,0.0,0.0
2026-02-13 00:00:00-05:00,679.833354327075,684.410879804094,675.6747287653898,679.8931884765625,96267500,0.0,0.0,0.0
2026-02-17 00:00:00-05:00,678.287593220413,683.074507822494,673.9394826742099,680.9901733398438,81354700,0.0,0.0,0.0
2026-02-18 00:00:00-05:00,682.157061237011,687.2730943282486,680.9702998190471,684.4208374023438,73570300,0.0,0.0,0.0
2026-02-19 00:00:00-05:00,681.9775120282383,684.311104689823,679.6937101433548,682.61572265625,58649400,0.0,0.0,0.0
2026-02-20 00:00:00-05:00,680.4616860592505,688.1805961724377,679.8732661615737,687.5523071289062,100034000,0.0,0.0,0.0
2026-02-23 00:00:00-05:00,685.9566804858357,688.1207533479937,678.5169762252317,680.531494140625,90558100,0.0,0.0,0.0
2026-02-24 00:00:00-05:00,680.0427976196477,686.4751816677359,678.1479481229125,685.4779052734375,73798700,0.0,0.0,0.0
2026-02-25 00:00:00-05:00,688.3002642742074,691.7907319065998,688.2204651135966,691.26220703125,56369500,0.0,0.0,0.0
2026-02-26 00:00:00-05:00,691.391808867856,691.4117130049051,682.486077089091,687.422607421875,71671000,0.0,0.0,0.0
2026-02-27 00:00:00-05:00,681.2295779636313,684.9892686841309,679.7835149777827,684.1216430664062,83308900,0.0,0.0,0.0
2026-03-02 00:00:00-05:00,676.8515442239554,686.744509644098,676.1734035367807,684.5106201171875,87477200,0.0,0.0,0.0
2026-03-03 00:00:00-05:00,673.221445388408,680.7508704958498,667.8361281509542,678.4771118164062,105003100,0.0,0.0,0.0
2026-03-04 00:00:00-05:00,679.7735096903759,685.2186606854194,677.7689744100875,683.2639770507812,79182200,0.0,0.0,0.0
2026-03-05 00:00:00-05:00,680.2223290726917,683.6629449535216,673.7699188745959,679.4544067382812,106606500,0.0,0.0,0.0
2026-03-06 00:00:00-05:00,671.5758690877306,674.2685275228549,667.9358467743081,670.5487060546875,100687000,0.0,0.0,0.0
2026-03-09 00:00:00-04:00,664.5750801817165,678.0681991431876,660.5859743093405,676.4227294921875,102667700,0.0,0.0,0.0
2026-03-10 00:00:00-04:00,675.87413967305,681.4987932365287,672.9222404542279,675.3356323242188,81505300,0.0,0.0,0.0
2026-03-11 00:00:00-04:00,675.7345715953234,678.2277626375325,671.5061293267642,674.4879760742188,68441700,0.0,0.0,0.0
2026-03-12 00:00:00-04:00,669.3319958917509,669.8207124533001,664.0564256954588,664.2459106445312,108882200,0.0,0.0,0.0
2026-03-13 00:00:00-04:00,667.4472371497842,670.5088831921612,659.5587462493693,660.4862060546875,97200200,0.0,0.0,0.0
2026-03-16 00:00:00-04:00,666.5596317087426,670.239584206393,665.3030536555561,667.2078857421875,82023100,0.0,0.0,0.0
2026-03-17 00:00:00-04:00,670.5586914524959,672.60309589337,667.8760155087483,668.9630126953125,87128000,0.0,0.0,0.0
2026-03-18 00:00:00-04:00,666.5396583763402,667.8959397089973,659.3892034355257,659.6285400390625,82062600,0.0,0.0,0.0
2026-03-19 00:00:00-04:00,655.1806813207687,661.1743225351036,653.3855958813168,658.0029907226562,111272500,0.0,0.0,0.0
2026-03-20 00:00:00-04:00,656.510009765625,656.6900024414062,644.719970703125,648.5700073242188,163617500,1.797,0.0,0.0
2026-03-23 00:00:00-04:00,658.0700073242188,662.6199951171875,653.9400024414062,655.3800048828125,134802700,0.0,0.0,0.0
2026-03-24 00:00:00-04:00,651.3200073242188,657.030029296875,649.8800048828125,653.1799926757812,96457500,0.0,0.0,0.0
2026-03-25 00:00:00-04:00,658.6699829101562,660.8900146484375,654.239990234375,656.8200073242188,90653800,0.0,0.0,0.0
2026-03-26 00:00:00-04:00,652.0599975585938,654.8499755859375,644.8200073242188,645.0900268554688,96494400,0.0,0.0,0.0
2026-03-27 00:00:00-04:00,642.5,642.6599731445312,633.1099853515625,634.0900268554688,103649400,0.0,0.0,0.0
2026-03-30 00:00:00-04:00,640.1099853515625,640.3699951171875,629.280029296875,631.969970703125,99275900,0.0,0.0,0.0
2026-03-31 00:00:00-04:00,638.9400024414062,651.5399780273438,637.97998046875,650.3400268554688,152534100,0.0,0.0,0.0
2026-04-01 00:00:00-04:00,653.9000244140625,658.52001953125,653.0,655.239990234375,97841500,0.0,0.0,0.0
2026-04-02 00:00:00-04:00,646.4199829101562,658.2000122070312,645.1099853515625,655.8300170898438,68358700,0.0,0.0,0.0
2026-04-06 00:00:00-04:00,655.8599853515625,659.719970703125,655.52001953125,658.9299926757812,39105800,0.0,0.0,0.0
2026-04-07 00:00:00-04:00,656.6500244140625,659.6099853515625,651.0599975585938,659.219970703125,69980400,0.0,0.0,0.0
2026-04-08 00:00:00-04:00,676.3900146484375,677.0800170898438,671.4600219726562,676.010009765625,93606100,0.0,0.0,0.0
2026-04-09 00:00:00-04:00,674.8400268554688,681.1599731445312,673.77001953125,679.9099731445312,57134400,0.0,0.0,0.0
2026-04-10 00:00:00-04:00,681.3200073242188,682.030029296875,678.4500122070312,679.4600219726562,42253500,0.0,0.0,0.0
2026-04-13 00:00:00-04:00,677.4099731445312,686.2999877929688,676.5800170898438,686.0999755859375,54185800,0.0,0.0,0.0
2026-04-14 00:00:00-04:00,687.6900024414062,694.5800170898438,687.6599731445312,694.4600219726562,63480500,0.0,0.0,0.0
2026-04-15 00:00:00-04:00,695.260009765625,700.280029296875,694.2000122070312,699.9400024414062,58240400,0.0,0.0,0.0
2026-04-16 00:00:00-04:00,701.0599975585938,702.780029296875,698.530029296875,701.6599731445312,49972400,0.0,0.0,0.0
2026-04-17 00:00:00-04:00,706.1400146484375,712.3900146484375,705.760009765625,710.1400146484375,70661900,0.0,0.0,0.0
2026-04-20 00:00:00-04:00,708.780029296875,709.9099731445312,706.1400146484375,708.719970703125,43546800,0.0,0.0,0.0
2026-04-21 00:00:00-04:00,710.280029296875,711.280029296875,702.6400146484375,704.0800170898438,58941400,0.0,0.0,0.0
2026-04-22 00:00:00-04:00,709.1500244140625,711.4500122070312,708.219970703125,711.2100219726562,42518500,0.0,0.0,0.0
2026-04-23 00:00:00-04:00,709.5,712.3599853515625,702.280029296875,708.4500122070312,56174000,0.0,0.0,0.0
2026-04-24 00:00:00-04:00,710.75,714.469970703125,709.010009765625,713.9400024414062,45182000,0.0,0.0,0.0
2026-04-27 00:00:00-04:00,713.1699829101562,715.6300048828125,712.2999877929688,715.1699829101562,33135900,0.0,0.0,0.0
2026-04-28 00:00:00-04:00,711.8200073242188,712.8800048828125,709.25,711.6900024414062,43117400,0.0,0.0,0.0
2026-04-29 00:00:00-04:00,711.0,712.2000122070312,708.3699951171875,711.5800170898438,41859200,0.0,0.0,0.0
2026-04-30 00:00:00-04:00,714.6300048828125,719.7899780273438,710.4500122070312,718.6599731445312,67240900,0.0,0.0,0.0
2026-05-01 00:00:00-04:00,721.25,724.8699951171875,720.469970703125,720.6500244140625,43049800,0.0,0.0,0.0
2026-05-04 00:00:00-04:00,720.0700073242188,722.1199951171875,714.989990234375,718.010009765625,51950600,0.0,0.0,0.0
2026-05-05 00:00:00-04:00,721.77001953125,725.0399780273438,721.489990234375,723.77001953125,36933200,0.0,0.0,0.0
2026-05-06 00:00:00-04:00,728.1599731445312,734.5900268554688,727.8200073242188,733.8300170898438,53288900,0.0,0.0,0.0
2026-05-07 00:00:00-04:00,735.0499877929688,736.1300048828125,729.75,731.5800170898438,51724600,0.0,0.0,0.0
2026-05-08 00:00:00-04:00,734.9299926757812,738.0800170898438,734.5700073242188,737.6199951171875,47227100,0.0,0.0,0.0
2026-05-11 00:00:00-04:00,736.4500122070312,740.7899780273438,736.4500122070312,739.2999877929688,44024000,0.0,0.0,0.0
2026-05-12 00:00:00-04:00,736.8900146484375,738.8400268554688,731.8300170898438,738.1799926757812,54185300,0.0,0.0,0.0
2026-05-13 00:00:00-04:00,738.469970703125,743.9099731445312,735.469970703125,742.3099975585938,44200200,0.0,0.0,0.0
2026-05-14 00:00:00-04:00,743.6500244140625,749.530029296875,743.5599975585938,748.1699829101562,45307600,0.0,0.0,0.0
2026-05-15 00:00:00-04:00,741.7899780273438,743.4600219726562,737.9600219726562,739.1699829101562,60410800,0.0,0.0,0.0
2026-05-18 00:00:00-04:00,739.8300170898438,741.4199829101562,733.3900146484375,738.6500244140625,47843900,0.0,0.0,0.0
2026-05-19 00:00:00-04:00,734.780029296875,737.6500244140625,731.530029296875,733.72998046875,54255900,0.0,0.0,0.0
2026-05-20 00:00:00-04:00,735.7100219726562,741.8699951171875,733.8900146484375,741.25,45768000,0.0,0.0,0.0
2026-05-21 00:00:00-04:00,738.6400146484375,744.8699951171875,737.030029296875,742.719970703125,43332200,0.0,0.0,0.0
2026-05-22 00:00:00-04:00,746.239990234375,748.9400024414062,744.47998046875,745.6400146484375,41762000,0.0,0.0,0.0
2026-05-26 00:00:00-04:00,750.010009765625,752.1300048828125,748.3699951171875,750.5900268554688,41123600,0.0,0.0,0.0
2026-05-27 00:00:00-04:00,750.8800048828125,751.3800048828125,748.219970703125,750.4600219726562,42106300,0.0,0.0,0.0
2026-05-28 00:00:00-04:00,750.25,755.1500244140625,749.22998046875,754.5999755859375,41562600,0.0,0.0,0.0
2026-05-29 00:00:00-04:00,755.9000244140625,758.0800170898438,754.6900024414062,756.47998046875,55075700,0.0,0.0,0.0
2026-06-01 00:00:00-04:00,755.3599853515625,760.280029296875,754.6900024414062,758.5399780273438,43634900,0.0,0.0,0.0
2026-06-02 00:00:00-04:00,757.030029296875,760.4000244140625,756.75,759.5700073242188,31581900,0.0,0.0,0.0
2026-06-03 00:00:00-04:00,758.1500244140625,758.7999877929688,753.5700073242188,754.239990234375,51402500,0.0,0.0,0.0
2026-06-04 00:00:00-04:00,752.0999755859375,758.3099975585938,751.469970703125,757.0900268554688,49923000,0.0,0.0,0.0
2026-06-05 00:00:00-04:00,752.3099975585938,752.8200073242188,735.530029296875,737.5499877929688,93989400,0.0,0.0,0.0
2026-06-08 00:00:00-04:00,743.3599853515625,745.3400268554688,738.1900024414062,739.219970703125,49319100,0.0,0.0,0.0
2026-06-09 00:00:00-04:00,743.6300048828125,746.9000244140625,722.5900268554688,737.0499877929688,87683500,0.0,0.0,0.0
2026-06-10 00:00:00-04:00,733.3900146484375,738.3800048828125,725.3300170898438,725.4299926757812,60341300,0.0,0.0,0.0
2026-06-11 00:00:00-04:00,728.760009765625,740.0,724.4099731445312,737.760009765625,86330500,0.0,0.0,0.0
2026-06-12 00:00:00-04:00,740.7100219726562,744.4400024414062,735.030029296875,741.75,57079500,0.0,0.0,0.0
2026-06-15 00:00:00-04:00,751.8499755859375,756.6799926757812,751.760009765625,754.8300170898438,60176400,0.0,0.0,0.0
2026-06-16 00:00:00-04:00,754.5499877929688,755.4400024414062,749.8800048828125,750.3300170898438,61314537,0.0,0.0,0.0
